carID,price
89856,14362.814811640825
106581,24556.662587991716
80886,13815.065503030304
100174,16701.784420350756
81376,24839.045466748943
85391,10328.660488215488
82175,14621.768617944395
95250,16152.248
85071,5120.865507936508
96210,16723.08
80317,27435.14508466053
92731,19833.23381679198
107704,10564.588
98302,7510.264004629583
107055,22338.541478260868
94621,41639.58502564103
91709,20148.415240000002
98193,47908.84293118367
76189,17344.97203107547
86871,13844.997111111112
102917,6944.4314572166395
90923,26155.89599019608
101603,11075.011653013336
94196,21078.397277420827
85174,16049.070236566058
103370,12384.61756418368
107877,16803.11916708435
79567,15052.668782298908
90091,9265.487754366623
76169,13469.788525
98708,11643.745566666666
107347,21561.04877308416
89583,9231.016
101591,11547.784408910506
92160,15066.328534817481
99676,11507.22900447279
85354,18406.817495216706
81900,11650.605224908426
80345,22201.271379585327
78509,30796.847339380052
100872,9396.679492063493
95087,26608.40745308996
86027,16186.686644444446
89135,13888.825631932774
80557,26743.24659579307
108092,19766.344
102672,16732.171938302905
83022,8275.165401420509
78398,20152.884367126095
95889,29460.999607549107
81117,49049.59502175705
93730,18701.533678438394
101380,9978.916
81772,27168.529649757318
85304,10967.498668412618
86107,5844.958985101248
88696,17556.551320585546
104350,19415.448725704813
87331,13377.865235191199
85206,15970.314447363757
107445,25683.81142857143
106539,27990.176880799976
98712,21865.652572326977
96875,13912.119348905724
108464,22701.197333333334
99890,7879.69460407041
87771,17141.799199999998
79442,22727.220591634927
84170,10769.649438562092
103045,15405.948
101544,3656.5477777777774
77350,11062.98757894737
89225,14363.624809966408
79565,57326.972
82849,10158.116813034983
94360,21521.054951571597
103040,6592.308
105101,46568.076
97077,11224.235035175736
98674,13252.797144696553
93447,28756.67201490453
84951,24037.952
91953,10745.697
102101,8498.263425490648
92604,31410.541895967843
89010,9054.48939902118
102729,9558.159383606822
88024,10608.811
104367,12533.341453479854
101230,11158.704099999999
82524,22362.64965729864
95279,47649.992
106098,12260.699421146577
89749,8607.81116459534
101277,6554.988
108016,26884.693985673697
81259,22306.16671456899
97434,21653.626660704642
105289,25678.34114285714
103379,9542.085667200015
78317,31154.276166666663
104166,19318.534498639077
106660,32633.977556979215
107490,12504.990738919412
90684,13906.930710075078
90032,6797.484699622419
79481,19211.983427724266
102524,9190.759893579732
100778,17835.092859112166
77810,15187.204
98979,13177.47343449782
76558,18448.690642857142
94550,21253.924243250112
107246,5960.821307936508
77429,22953.857913258133
106105,12321.320707024206
105213,9474.27163218911
102747,8771.764
104958,15992.852160037348
96036,17575.467263395953
92310,22724.810859554702
100837,6371.892
82858,11233.044412162131
90119,10868.536
77304,25077.59296719945
89011,11388.603277192982
84623,16065.852143334867
99665,23037.941380629665
100592,10019.712342162778
82623,10315.091643020594
92035,18519.068843183424
84305,10037.14338095238
92903,6722.52
93398,19766.476015434026
108067,21897.537666666667
85062,7778.05315481433
81727,38859.3384
95637,10928.172
89690,8542.510584191286
83240,17531.946166666665
89711,8413.663511911844
96945,10804.810723809524
104924,22214.285119883516
79633,20511.91996723217
89582,4731.932571262071
98080,7407.657666011975
85992,6499.555923548852
86712,12919.527378061164
105767,13196.366333333332
100590,9101.35
104574,16124.527387643468
97246,13942.942814814814
78141,17908.428
91590,28655.43268263588
80767,14177.335648459382
100344,14691.906728134869
88987,20700.021466330894
96479,19525.349999999995
90598,8856.004
83880,8668.230208158508
86802,12541.08724335
103078,16046.188057009282
84736,9539.507047759786
84196,2833.057142857143
102062,10053.169561463079
90110,6149.412900432902
102907,11340.553812122102
81776,23934.270307692306
102431,7013.338266666667
80442,13825.108912077296
78656,28575.20564977728
78537,35727.53733333333
102511,10904.846
93612,20036.121770132995
99284,7909.046670517262
96315,16310.169116559922
94305,48994.45466666667
100636,10967.799558848994
81816,15966.242291335735
100352,15915.621563462291
101476,10536.79024769508
93392,33565.84428571428
93995,23369.076651390624
94261,32252.87839607484
89117,15780.331971495232
86506,2273.847712418301
88456,6822.662086956521
84134,11101.370515304616
81088,11418.57134509148
103960,11401.935769376929
84925,12287.929217089664
97306,10389.240713527239
83752,7345.487139237338
100696,4702.332
76472,12153.952728070175
101128,12518.150305315756
105932,14328.723142635901
86416,6392.385904761905
79616,27039.280381189754
83395,13869.575165891949
88734,11546.329901942547
106676,17884.444265941544
102442,10523.811666666666
88761,18722.954770152544
79708,27432.352337782846
96808,18997.2136
103755,8868.528761904761
86273,18345.35795976945
97635,27593.383165079365
80797,24303.163879674797
108000,19128.603399684293
95126,38988.32394678492
105187,31988.23104149715
81613,21426.522320260174
103906,6625.844060840383
105729,8004.358819166896
100637,17142.493894892472
82861,7773.42704496721
107823,15461.842336042755
85274,14903.851164986709
88926,14978.832795982842
87871,10107.677674244214
97970,6882.67694805024
98044,8310.176
90277,9972.803333333333
85647,12709.44894897194
107447,17518.529956657934
79418,8164.974683760684
80383,28239.09295850682
79894,17059.5664809893
105875,6816.499114971545
86032,12064.2405
104423,15567.559177347244
78437,13956.232
79480,17689.282263324145
89973,7169.874
94007,28529.116
93952,16091.436820575316
84548,2931.307333333333
97885,11551.752464923911
86571,10436.886880237136
77839,36241.288761904754
102201,5354.1973333333335
98731,7924.717818908229
82395,16751.840226476932
76816,33938.21628511621
97956,8514.580265285744
86012,12808.0752
106393,21876.61329339752
81832,29725.712
82787,18832.66938320513
103974,6761.9063956288755
100725,9733.825458608058
86552,6783.384254180602
80174,13139.8768
99189,14297.12911341628
102543,13265.969546902204
98518,14393.192221638525
100334,9334.192595441558
92673,18700.67147232876
88008,12294.059832712217
105207,25805.978938302873
106462,23101.50609523809
106106,15913.491686329371
79705,19037.58351851852
108193,17003.73573610926
89668,8087.649571458586
86435,11946.476283617696
101281,12237.440229718593
104753,26992.73140240819
79004,16688.82246915816
89732,3071.382
89201,12851.620022993111
87282,13445.793714285715
101589,9885.907395272512
87352,11415.510996278368
103388,9692.053554413702
93619,16988.079384615383
101941,6570.334
106533,13677.335997234579
90018,24015.28
101265,16172.110650930428
104255,23548.995365800864
80093,27148.263328328747
82433,8018.348
77254,14227.283166666668
106400,32988.112
79847,10678.80890909091
95735,30797.876
106733,20987.924
76318,19365.99302850921
95966,16615.892
101690,9983.22257918552
82845,15886.152772266485
96266,25784.32964792459
104175,29480.463558095267
97347,14036.967370519556
92730,49529.898572440616
84738,8848.655329818912
102596,6633.772249592358
78356,30991.790706234202
94062,31066.857238052373
101662,7359.441547012988
81715,29588.540506476686
103046,12311.087171631603
108133,6662.930140350877
96302,13477.166523508899
83859,23641.939
104815,16949.567270585925
95903,27254.06578535781
79683,10957.937044444445
88888,21028.227043829156
80529,27277.196082089773
81898,76542.124
83435,9857.47430873149
80448,14698.909740995527
79241,34811.32133333333
76056,20230.448
76342,16096.798936422543
98238,9141.447555546414
85878,8333.996375493613
102846,14733.788
90215,4662.508
79635,55801.06218776719
77561,16601.78706890417
101151,12929.116509266456
93594,26689.127352380954
78703,34876.656
87596,7447.810401509065
92572,19421.274
90757,8032.8292439609095
95881,19125.0646698954
98008,13121.244
84805,8801.6836
100888,10622.319582341712
82504,16263.528255143076
82177,14340.936424223835
89472,24386.946778618065
82301,16129.562859856369
106483,8687.266186834733
79808,12999.249664418167
83412,16831.750828026466
89386,17306.242365473383
89889,20348.52748376193
108249,16949.96412121212
98252,8769.478979075087
83525,9913.084
102595,9863.101884593794
94255,11313.901452779899
91259,25297.77909211811
99539,6984.565708866156
97379,35121.368533333334
104452,25419.548625401243
88479,11282.899600167084
95424,60035.36322222222
94732,40838.564
89025,10307.7629344818
89497,40148.524
92405,15872.648
95346,16516.248495212378
91337,17606.08156843431
97739,14684.280686468845
81087,12501.390981818182
80661,10427.033373065531
105537,12734.392800000001
81073,27405.613419915102
102770,9698.003767214524
99299,9657.268038544236
77528,19943.76605097646
95278,31452.10255
106536,17070.144
79421,14667.037410609864
105026,23429.989444975472
97887,11343.92161746255
106163,18102.96
103242,11925.269737536148
103098,8207.214209678605
76195,16404.478023809523
103418,12778.470067675706
102091,12476.60444356423
102341,7330.448
100315,21215.308
100377,7738.558441487422
78857,23029.308519264494
93748,29480.65859911822
107891,9407.684
77063,26657.367274509805
86916,8510.658369523811
108347,9865.118505347593
94475,18539.412
100383,11824.142979174516
80618,35316.67988285413
98926,10226.498992592593
77228,16467.3
106915,14956.230805648878
92594,11329.556805128204
80745,34397.688
78361,10628.296
95725,26466.588275368536
105171,7118.22412
87007,9477.17204761905
104121,15890.991806692691
92877,15278.838474434813
108335,45666.81574269042
101357,13908.795326920606
89325,9640.381925580861
103144,8206.945917396763
101413,6346.158
85182,11832.869094614816
84097,17256.090333333337
101970,5385.026317609841
98315,4880.269333333334
89048,10730.960931677018
106141,9286.137932721653
87105,16938.227058080807
88472,14957.752998748076
93361,15982.593727272726
87040,7979.587990078513
99831,11326.396318683617
95677,12862.237371043771
89770,6551.738248625213
77371,28222.59119558654
107143,18154.227614313655
100271,11924.292749049819
83905,11696.91638637224
101531,14760.900326963569
90617,8044.221575134037
83895,18735.314848455444
89453,14050.16111592422
106012,21453.755069761726
76381,20406.647645923516
106986,15741.317666666666
84143,13177.404096670884
91665,47550.9600384406
81350,13721.325360861465
80422,14040.660891891892
84794,6027.512
81156,30069.982530913097
77082,33980.592
97356,9508.815960216241
82730,17726.463900144303
99244,9894.364034694774
85538,15061.40857098457
101585,11216.268222183477
90288,9250.0320697486
98799,3022.808
93547,21413.854272933102
85142,10315.992523950265
82012,32587.976955555554
89654,15973.645010883676
102304,13536.3679648963
79288,41238.2107369041
77400,10743.740685714285
98597,5920.393845397426
103156,9007.383709150325
95446,28449.552
97036,9135.749719830847
101401,8465.554576871029
80817,10409.419967741936
84078,7027.107597983808
95390,29412.097527158137
79883,26610.25099858105
104059,12641.139158755213
103041,11686.170233631494
81651,14073.088
100432,11065.920408017848
84933,16019.436443854696
81600,19611.321
78379,8303.35867368421
90816,7793.857145505267
107414,9662.324
105633,19564.794554083084
99508,6797.767848919978
100874,7831.59217815126
104208,17605.246491118076
84774,12327.828132242434
96518,12358.584243042615
91543,23381.174888888887
107146,20905.400333333335
94426,15698.574311929748
99059,9199.58740262376
96640,8105.774815176329
81277,9974.86
102409,13945.636
104800,15129.109697841726
107498,18770.196
90942,45511.64
80202,25568.404933333335
76794,16800.564
88973,14463.40833484159
91958,61304.964
80562,19644.296
103486,7645.044
95237,15145.674666666666
105569,15872.958757471986
106560,27004.25426106492
107977,13162.6
90076,16384.996666666673
93050,16073.984713711297
80609,27771.334142788048
88557,15777.953255555556
90894,18950.79518586657
83669,7510.483111111111
78849,17027.79504761905
101275,7554.70087149702
91858,7150.16
96243,14694.724
106227,25206.949184944526
105300,17100.015650020887
93065,39407.46365163399
78002,12221.028654761905
82500,13471.124083483273
78204,8947.432
107851,8690.935062271063
86217,6984.602417836641
82662,7486.875516222171
93324,33270.02468401207
79680,12853.882959729599
104920,22799.244
96735,11958.625436264398
89992,7514.182530587243
106961,26594.56022355
80078,16147.616429980419
101429,10044.839622739642
95551,19291.1786629506
79937,54671.310352223576
80680,18953.962171428568
99448,10781.733818407543
93909,33015.18006947802
96888,9551.01970942962
104584,12317.912
107289,21367.315374472466
84126,16417.689333333332
101282,11598.283926952368
92474,19720.899304153634
88871,15588.263758962452
107177,17153.049190476195
106026,14474.502807007579
96937,11718.422337050644
83543,6618.834733640433
81094,18168.306071157014
77503,21939.751722437766
85351,5877.71641857063
96000,15359.611828334098
87374,15417.078666666668
86394,20481.012222222223
108364,12677.33783809524
91441,27719.736
97039,19863.45135397059
106685,11525.623518461538
95631,16814.50105303765
101883,8636.299104852895
78238,11942.792
97508,8737.690274102368
98441,12258.096589826553
80066,28152.809769729323
79095,39313.268
80007,13052.592
100219,8681.302815360441
82511,9697.750292393897
89270,15471.065738018184
88713,9578.118512911682
100353,11485.122428011204
102841,4485.736039682539
90117,14485.201702380951
81549,49232.85870926364
82350,25908.11484871795
76546,35677.44390476189
81013,19518.518666666667
91240,16281.791074236995
91542,20907.643507648594
104518,13467.835728571428
93537,48566.892
94372,25995.513267708313
104419,20360.928
97636,13979.228
96288,22100.024177680294
78717,10465.976419047618
105610,20505.65362448485
97754,18472.580723809522
81458,12711.928
86931,18591.749954957864
90713,22490.932736922372
90909,31342.584431763145
77251,38109.296
95081,10354.580673614388
95560,15244.952
93288,22316.036173913042
105036,13366.276047619049
108490,10786.196
96935,21546.936
89373,13413.793543964068
98010,9829.248260085567
104699,21493.001947619046
86692,7976.8618436857805
85024,7333.061352582315
79086,31886.448
89939,12889.162668300749
79098,19614.848828356317
86141,17117.98735756703
105462,29530.244505203373
92870,32789.23150476191
92163,24168.528
87481,16405.39001317677
83276,10015.124989898988
79356,25485.084
103602,11864.247049174552
88460,9530.407207992344
100934,7769.966695238096
96659,6506.734606850038
83204,9329.349335242752
104621,19293.721387794205
84110,11883.596669792118
99265,11815.208
79574,13980.602077245321
78186,11059.24010909091
87005,13802.950977744764
104043,13293.426151067324
81574,31416.12706334407
104091,10897.757949948955
77759,23892.407586972175
78181,10931.144
96169,10798.393333333332
98267,20136.294742342347
97837,12938.589195150511
80133,18070.46
98571,9981.125147180279
88628,20970.152
78622,14966.55813186813
88678,10983.60262528002
87278,15102.07415238095
86963,9893.79908253493
100350,10126.526594548937
78771,19437.74001736695
95935,17794.760102829357
107590,13766.57123809524
84458,14177.856119910592
85656,9560.09240784095
81611,4321.544
92638,19959.636891204536
87478,7678.43526353687
98407,5266.676
95581,9795.730259649124
100645,12563.029409331886
97184,6751.317638972429
84473,14777.742058230127
88951,7318.434836934474
100836,10448.446
91338,56803.284
94112,15164.740615384617
89882,17011.924162876105
97097,7619.833137364062
99151,11094.852
99607,9165.95429758242
78931,17664.448
97805,6813.632174060994
97477,13633.652914003329
87819,18985.946231951348
76361,19137.24
99201,28373.075288290438
103410,10937.873728762544
108436,14414.71754684322
105558,19581.20700639835
88025,7900.945333333334
101944,8063.42
80786,19600.49091014493
84001,14757.918396294215
78304,22680.144474160206
100501,14751.574155276343
99693,7530.471538950446
94557,18944.82304828247
82152,26004.366789574942
92039,25123.886987986512
83177,14599.46182251462
90726,8080.422214555337
82879,13043.267695741617
87378,15487.161007936507
91699,15504.66187469214
85500,19001.714321443917
97050,11943.148208618588
88754,7899.01962249672
79069,34123.248
89329,18366.607542857142
102605,10775.303811820882
93090,18963.1918771142
108403,16653.502645450873
91391,18195.005020535984
80964,21225.228242424244
89444,20790.353948100263
84092,12016.516
100617,10572.658010803238
107962,20120.82540464821
106640,7155.984391862532
95123,12492.88715058275
99114,5877.7787937102285
94461,21910.57361313128
88654,15011.489749999999
80421,19996.417958406713
78113,20488.27747285363
100558,7308.2608
78873,26101.52567112977
85480,9879.58420871795
103902,10557.251176652206
104816,21415.438641190303
89039,14729.144643549993
95169,16261.257560378252
93971,19483.581039804638
84450,19925.112251461684
80824,28697.029601980586
92545,15681.936871774356
89226,6202.59104435661
93873,19874.891289873893
85871,16709.835942028985
86343,10708.664999093467
93634,36957.616
106942,9489.49958974359
82535,10715.147907626795
92259,18696.09697190755
88794,13258.478920290157
77385,38822.55942857143
76996,4625.628
102708,8820.182792092703
81359,14842.323220580472
90486,3547.6532
100200,8052.213862059557
87970,12937.440013333333
107512,11757.045327272728
79078,27119.33878205128
108477,15447.744642793754
80312,27348.424
82208,8662.042266666665
100695,12462.53615830267
99506,8796.345679797338
85773,16565.696
101887,12836.332866666666
90129,10829.8941
84730,8944.964
107601,23113.803676526837
89592,6288.865849844875
84844,13312.723965601966
96938,15163.852355498102
84981,15718.646333333334
100698,12564.468
103306,15365.640987907213
107175,24670.523862716826
95411,32048.596342187677
101169,13837.563687353118
99407,16681.087061904764
78248,14210.371488888888
79031,18130.90885
91040,18837.370355523086
76464,11945.612
102813,8171.431857142858
86811,20677.12072027972
81191,28412.555027248956
78202,32082.12460263903
82471,12513.824863680687
103920,7267.912
79904,25892.69635456858
95670,30027.168
89931,10143.420584965512
92605,41109.34533333334
85695,18502.638153401665
98750,9508.274507936507
101284,10693.282572463952
91932,18714.770226694516
98623,10344.436
82499,10661.047135981644
93193,26031.3464
106110,18566.876
78500,26631.06266666667
89447,16250.868263135395
103373,18255.839440559437
87872,9566.31134746626
99425,18914.235925668185
96552,5749.96190473017
105787,12177.707578395073
82567,12854.617813208131
102894,7920.381991710652
77641,12727.384
100827,12349.91686150697
97712,15479.142812386333
95197,31825.379466666665
102993,11958.360640616336
94855,33332.69023519326
81534,16775.6244815327
95133,13774.816368599792
107468,5586.461506052118
86402,13071.155483403112
102666,11297.322469091516
92984,25377.424
93891,11933.02
94312,15730.368
91959,40469.9148
91802,26332.406733044736
108175,15434.273333333334
78293,31059.276878578294
104991,9825.987223529411
104302,10226.731592682687
79807,14944.184
87167,13900.23680223501
78620,22475.360214597255
81174,26219.215951283626
83125,8940.112391251885
103123,9942.405123628825
94065,19504.75933333333
78480,16763.980062972085
98280,9081.522619829615
83415,8052.230620314822
92297,107380.324
100221,11107.011176776983
78829,15199.772
93418,20149.28186403957
83424,11090.830515288219
101749,6306.6398651872405
103456,9415.310616666668
88503,10823.23077305789
84931,16764.04828961168
107552,21829.866256891546
108037,11412.326916017315
94539,23668.532
83697,8409.400338888887
87455,18153.20629607411
103044,7837.392983314238
104852,21847.122
93437,40205.678666666674
92885,15887.561770024682
80922,18015.095865938525
102886,8365.397536398852
104586,16578.592370666232
81164,13482.683963858362
106074,16706.493103383054
87617,17306.03494316052
84513,13978.713323669663
96743,13843.37484110276
81209,16149.809681605973
95463,12941.128151984152
95457,18729.004258480112
101606,11743.44972945723
97485,29038.049221118046
91916,24181.13482033381
91629,40231.391702024295
84215,13214.821166381562
108190,10049.912158241757
88314,19272.509269841274
104526,17467.438674769728
82467,10650.59453632543
91827,31561.76608680793
77885,60632.59695238095
83459,8563.290559501998
98375,19114.134666666665
101233,11139.188821612624
97186,9311.47688317613
95520,18968.47429523809
95216,41169.34266666667
100878,5010.993841269841
80031,28834.336241643898
106134,25488.26844389304
103526,7788.24
104018,45354.72945697613
83920,10078.2
88245,9787.412092480792
86248,8352.3897915595
86315,16085.943560927826
108157,31899.794285714284
102814,8458.485416666668
84371,12499.449503861217
95270,14730.336
107670,19585.746354528354
78745,14805.563626373627
88772,11287.411953859157
82335,17273.478380432407
100049,9656.246121528464
84953,6821.56485079365
98948,18570.180128738008
95952,35209.41133333334
93638,23245.804
91164,32789.23150476191
87627,19076.472928071926
89209,14768.487744533899
94140,19586.947262382262
86567,9737.872525529496
81451,21765.356
94658,26160.276266666664
103969,9578.600994687502
90158,14618.74043524687
107712,15274.26134025974
102518,11564.613768300449
91367,29593.817605705048
78764,16985.031507496013
87411,12136.845857142856
80790,30006.972
97848,15267.590443689875
97985,6141.289577640222
99323,5994.648777777778
96854,12161.812440877358
103917,6390.303
86223,7974.590988287048
101812,9520.572360145296
102098,10438.612
93414,12066.885066666666
86794,9872.3
81508,28950.268784245134
105781,19629.496
103758,9136.973129957267
100877,13427.223719887454
83075,16346.079828063628
100303,12438.604444444443
85269,15953.193162121237
95693,18503.172328361452
85891,15169.18025543475
85991,9866.524997513616
89378,10764.099890461459
79718,11165.105978021977
96415,13873.65
87510,11839.277900163454
95579,14796.616
96453,13385.427761904763
80182,29532.675710620653
103363,9338.94
76430,20639.103805128205
86302,8474.432
78876,13983.134242424241
106740,11109.7735
101855,12108.50296750481
78987,27078.745604563494
100155,15399.820673223723
76069,28204.75162529022
79889,19642.272135064934
104035,20454.596
102533,7281.576
85374,14439.076010354973
82210,25608.821746341462
81145,12527.21323457824
99738,12619.556
98201,33974.39963737576
88630,8880.75380995671
94084,18375.230757279318
79771,22084.98674319229
91057,40537.856
92492,17816.08636045535
103600,15900.276752873564
105315,31875.07127619048
106151,18529.033190319326
87426,6254.808
85249,10307.306951805984
77379,7609.22
76190,11203.904
89820,30285.05161213418
92650,26586.21254901961
82906,17488.61750743146
104766,17358.70826269024
104673,17888.122
103734,6576.550332051836
87652,13073.664076142377
107399,15597.408382714906
97222,17762.560454802744
100614,9242.588476811834
95807,31561.76608680793
88084,14061.958421989122
97997,14660.479699502965
83321,14840.782116902941
83002,14806.251629736467
103995,9308.855374804658
102305,7358.947396135795
97774,22619.90407658793
87737,11107.501818681318
102191,15401.148716513764
78470,21598.731041389052
81787,20689.424909090907
90975,32416.770356604415
76598,20844.107769414295
88308,10316.080045245082
105997,12145.558291814808
97095,18868.864
100555,9708.493866666666
106628,22452.443333333336
84638,5870.257382101931
106752,23372.1275115621
88072,15469.16252735119
86734,12279.44580965941
105842,23478.70542857143
102037,16601.355333333333
96623,11521.19883813599
80943,14452.215378113659
107882,10331.368342857142
96069,8773.249648802917
86796,18722.086435276935
83234,14145.766
85044,11339.853187992709
76183,28800.23865943226
102124,9462.271714285711
105963,11227.604
108127,12346.146307692541
76435,58344.65343589744
89809,24044.766800906797
98129,12409.536
95632,25123.381670725907
77264,22732.72527619047
102849,5846.192
106860,14919.093703112598
90177,10031.968043722942
104336,12635.624
91068,19647.97732295109
85416,10590.686270741482
92720,18439.58579122561
105257,10113.73099846015
94524,15124.5131221659
87069,15185.016
79026,16222.532679703128
100533,10741.967004381715
107396,7083.23380158069
77220,11745.40598949567
76863,11767.64
89441,8678.436015873014
86301,18407.881442028985
82808,17210.32248494484
106681,12977.6457660903
100673,11295.252562149104
87115,9386.108763747383
84819,10119.242114774115
99889,12443.756
100435,5393.064
91329,16107.122433333332
105897,11392.696
94788,21846.160200155547
96403,18525.565593073592
105780,24926.100791487195
81290,19276.0
91689,17718.372
93660,49597.70312755362
84018,14530.937140318189
79166,19921.77264854926
99850,12400.846706528606
89900,15050.20901285504
76628,27382.733970588237
99136,10817.036
89388,13265.0890000962
86441,15613.569694117645
100362,8190.076864138864
99493,10284.093494346978
108082,13675.527246305419
94759,21455.69772095261
91954,29093.764
90378,16300.715329487179
86126,19592.994191097307
92990,17396.33819250446
80507,17768.029029990812
105394,20914.172682989763
80679,11574.491974191373
94014,21901.60800952381
78092,27304.864576753476
92725,9647.184369696972
104609,6811.559333333333
89940,21322.8964965051
84337,15413.56688884685
80392,18517.678775790948
90992,47390.724
88342,9412.84417705309
83193,8251.484416951398
83080,26702.340059621365
87197,16550.78775302693
106043,8916.572801120448
81316,12208.972030952382
105197,42005.972
86103,11398.997449680004
107819,38176.36287973366
94911,17304.18110299715
76597,32462.95962359307
96614,8722.708853933838
102197,5958.416
104617,7249.934929747611
101445,9242.602616666667
94521,60506.985049999996
107290,17521.244
93099,24653.211987012986
82179,39052.52666666667
96268,27011.64206543103
83202,16313.822888888888
101568,7322.776
89145,7995.295707656638
82718,6677.718729612562
84595,17540.955765896128
86633,12878.19965785199
91925,30045.30183095238
100357,8215.456
93684,17902.193906778317
106465,43693.77345697613
84631,16880.270735327635
97796,10422.349056484134
82836,11216.266688155272
81314,56277.59955574314
96868,20302.904
94329,20015.796
85728,6730.376114030864
78259,13265.2061
107084,21805.289886356008
96134,9946.120714203385
81583,27618.097388813392
104264,16404.185333333335
86202,10935.788523579291
102867,8105.182428571429
83461,11924.12231893662
77589,14245.719232093552
94394,15772.448785714285
87588,10213.542086994368
98769,12620.848
76735,21530.643722437766
105592,12325.92300388136
95260,17651.783933984054
82699,7999.091744673268
95827,27716.955163521776
89294,9920.3216
90853,14128.527248243983
86522,10518.798064109476
80958,29141.40266666667
94038,35198.81934674106
88512,8270.01448837997
80219,10575.530476190475
86063,2986.412
87724,8308.728942956483
88835,14258.032
105687,17528.706666136273
83567,11168.25073472916
106584,22078.66843443937
98492,6241.896244563844
94494,17995.04209521525
89061,6503.493333333334
103125,12038.475076167213
103883,11976.335150226807
80430,11331.887143722943
95544,31143.515719910032
105136,56965.334637362634
105560,7704.650133333333
108397,27897.04620873449
82236,45487.5654071894
89477,15961.85593679097
98106,6594.073150922718
85996,5797.358
103439,14117.362952021545
90831,7801.046313306333
100746,12635.03373253479
81518,10065.56361904762
98610,9765.701
100644,12899.761607813927
105486,14057.170158873949
79765,16429.57110838142
107609,10612.656095238095
85407,12986.570749727161
81527,23107.70973502486
80955,36940.384
79400,21981.710083333335
101238,9729.747117748919
87024,18231.934038448704
88662,9636.431442108616
107983,21754.64347473738
93662,28657.190695989302
81557,28799.218574983715
94520,17126.91129389871
97010,14619.82
77628,31592.107266653296
89561,14537.423941753807
104218,15729.9549315395
99839,9332.7
87279,11508.043191919192
93760,20039.99041490684
89551,7743.739555612589
82714,16797.34217494092
98166,19707.691672009096
83812,10702.337848361225
102617,7075.069333333333
76869,17097.28411769528
103735,17079.92558339788
94201,20418.015567718583
107893,17340.962139971136
78651,12442.719023113543
85246,11884.071710665656
81194,26165.17949649553
81133,34309.277200000004
95611,32453.660453757297
93004,15095.485372086185
81826,42054.17514619883
100157,13213.003446046852
103768,13086.768
93350,16848.01560846561
76901,22260.95460737686
88742,11152.149692307692
102866,10482.608111111113
76438,28236.1385008987
86105,9558.653492913445
107506,24387.010209355394
108520,8296.802775344655
106613,10542.61367434853
94164,44549.38372813852
100964,10537.726879387646
92769,12708.809420423073
82221,10807.824
98686,25118.592819884798
79762,19294.11205266339
84645,19435.581956856262
107656,18727.378095238102
97538,16864.30537419545
99552,27650.408
102157,10845.229780102225
80935,10567.171964835165
100578,11593.94510425624
94686,26332.373262433866
93268,47530.254666666675
91842,23346.356
95609,32631.695734446723
91576,20070.617
93139,48858.744
101030,8066.04356494712
80172,40065.072
106262,16321.620191528838
101562,9370.690794083694
102273,2376.807142857143
87102,5156.115143449533
78491,18206.98510070922
90631,7746.53555561259
94672,20744.43224666207
77261,54712.688
80434,19916.892677169086
86840,8912.52635010352
95011,25189.892240536697
90870,15669.448
97999,10379.848920408684
77016,44016.796
96931,17803.84329006109
85215,9775.187262159185
105268,16875.630390370028
99519,6570.554306845776
104056,17508.1992
91117,55496.30296656692
107099,24481.98020512821
80475,10971.626256634634
76216,38364.748
93207,26319.821374375628
105166,9666.882522655122
107209,18672.912
100109,9618.311084665329
87232,13041.676880582423
102624,11887.568228116399
81948,8834.890767722472
93625,50931.68
90334,9115.3518
79878,15171.640266666667
105653,19667.9273662406
108014,12872.773200000001
105491,22370.272542857143
87064,14226.605083476019
106773,17064.23500986273
93489,14646.085547368422
89490,20912.30185824029
100771,12998.245165078002
100803,12076.831300838145
92144,16078.870343462066
88632,10647.470210007865
78778,17692.539590451834
99308,10414.002069472892
77161,14058.08004040404
97501,9317.165823991036
100933,10801.461849608024
77489,28658.22123809524
84309,11262.767820677715
108040,7180.824
97159,17330.04261120353
95779,15718.693037518526
89650,14553.527142857143
80999,6351.932
91887,21786.772
79753,28909.888
84669,14719.928
76401,13409.313506963728
90299,22150.72826745593
80820,11739.852474232279
80744,34789.29142881389
96151,8941.593980423197
101368,9912.07820411735
106886,25668.418733333336
90590,14218.58130163888
102988,12383.484095238091
96155,13885.952705454545
98069,22582.18349034839
99349,22428.053412883644
105341,6998.958532608642
97054,11064.190913282075
80210,24189.537285762486
105334,14841.11488320458
88495,18803.10558865805
101578,16724.55899941402
103240,7465.922905541897
84979,10499.279662930228
88799,13634.227975213029
83073,8917.563657203907
107288,10126.4821574616
102097,10552.227279901175
99042,9919.30274074074
87242,11895.025281774264
77310,23453.162100736776
87982,19798.831666666665
95506,13577.204
106574,16586.51852130326
80962,47749.40759841057
102168,6839.310483935182
102528,7136.24133165946
99307,12928.124
89354,12887.143557695896
96717,9992.885132348629
99267,19247.827272727274
84588,9990.802906859386
88920,8283.518010251437
101122,13748.92987338525
100916,9811.529355233492
90206,14137.648516255078
100314,10158.67555858206
91528,37490.54291157489
82508,7992.525014293655
77095,48768.59536928104
105943,10354.558
92610,23410.032140338782
76706,19484.344
101753,8695.432333333334
97020,12624.44583193539
103582,10211.692
89559,16602.770222344323
91293,9037.310295177045
76698,30217.062448925095
105365,25470.327999999998
102755,12908.73579948333
82363,19593.904401889336
94314,19927.517666666663
92463,20172.45880866274
107566,12163.427761904759
99251,13063.244
108140,32003.620888225272
99394,10587.863492606544
107849,20140.203641918917
85021,10773.148545454547
98878,12166.348518522675
80258,7877.088
85751,15260.326717931077
77932,14257.056858823533
92120,13124.707040318755
84462,15671.616
104744,15453.480042509631
78174,12048.236
76239,29848.348
99098,20564.701040426953
78068,20231.96993333333
80129,15328.087761135213
92276,25378.52610813707
84297,22767.851466666667
99082,13371.972769712276
103218,12510.982637922643
100512,7517.294393278094
100481,7069.701426982196
77761,14780.66
90764,8132.754064468864
103431,9383.064209146023
96133,18567.770193076452
80377,27514.64274299158
93811,10486.593380120532
99125,12596.734148194864
92377,22905.911609135987
84221,12307.242432485866
87280,13256.123930481026
91188,22982.316858051072
83645,9590.18693361132
105967,8138.736909269162
89389,10251.700501798472
78866,19162.927549716653
82761,16951.096697967558
95049,18939.030781327703
80729,7031.692
76702,28602.724915363455
93554,13835.892
98932,25539.335782689122
91264,24087.407511107154
86993,12340.525401870082
102784,9931.093040350874
79105,21639.350626499745
102943,13105.9600564122
77065,23870.166454793336
104740,14598.750162637361
95500,16222.318131733631
95345,14484.517233694081
103581,11300.284982256295
86417,16787.391666666663
87299,11029.096152835858
101375,12727.12622657665
97640,32806.112735986586
99560,7608.366205882196
105849,22427.972169373472
95701,27228.636
89124,11424.932359915465
78589,18445.89413939869
86742,10321.924
84620,12460.4825
91165,29405.92
88463,9263.455434640524
87571,8217.69
104773,18045.628
83370,9877.593452258247
105599,11019.586135841933
104275,19152.761385714286
87908,17115.633329685803
92637,8379.6
101747,19361.443685274724
99271,7661.116028558438
77493,32443.290102051626
100122,6023.86375
96424,13284.34890207989
103113,4887.542
107985,27275.652240331896
103634,9276.058933333334
93302,28404.504665071236
93877,15428.894000429149
98121,8558.943458007834
91191,15999.008
99106,20082.154313333333
83151,15078.40691864885
87913,5096.601683982685
105517,12676.913339323804
99452,23812.30521679198
95017,23914.547146011755
98803,10910.548233691758
95625,31210.528276923076
76846,18065.424
101791,11629.531196806334
79911,17736.794465903753
98545,10157.38787529936
106811,11666.4
78007,36681.392
97259,15411.782
96999,8458.53539985107
101969,6908.7109
107018,32988.6563671196
76246,29215.3848129371
77303,10898.872
103674,8133.15488034632
100794,13657.84
84367,19912.838600000003
101652,15732.348446096068
95111,19341.14858401514
96965,8610.133749855462
76396,10700.313700633184
80269,18532.875400871464
87328,6533.708
85984,15996.579961353678
80193,25617.198106211043
98525,6722.916399999999
77460,30409.78402394137
85424,18115.972
77271,20231.96993333333
104786,27891.1422965295
103727,9742.14617412207
91819,27249.052666666666
107028,20451.91736673759
94966,21154.476942444355
78126,13570.178183261185
86200,17079.086200790083
100317,6900.204
88403,17934.250439791227
102036,10028.076573050561
78858,24902.07405483406
85122,12015.694505304851
107516,19741.427333333333
103432,9215.116250793651
97354,8040.674630445213
100218,11880.056
92759,15178.559441269841
107648,43614.568
97107,21056.612429041346
90871,11004.784
78611,38965.19190062112
107537,12046.507347973857
84840,12285.343733333335
79802,20664.276857142857
96763,3590.424
93033,19348.834476190477
76969,34109.4841203018
106154,9889.028990196079
105965,10355.5827648292
83644,25459.07156704517
83889,11340.34708212761
88026,10264.284519263827
81652,28022.798059971523
77312,16921.089333333333
102749,10516.365666666667
84444,15719.434250738352
81496,18176.78936183875
107471,12387.704
84265,3589.512190476191
92346,40483.284
87248,8123.478412698413
94931,14216.292
93712,24221.97141357442
80162,24347.89268633171
79351,24742.93843335754
85734,2270.696
106372,12334.155230769233
96106,9391.671428511589
96702,21596.10753155367
76823,10729.393
102214,6084.769347468792
81128,16651.170713775584
88320,12431.625546948633
83531,5843.524829643396
104506,21259.871467944762
84074,6310.394997979797
104709,24223.17406603614
85626,11220.484225734654
98427,8737.031555546415
78699,30869.473097364804
94756,24209.40977579652
101283,8409.069530890856
82397,22261.023479512736
77954,21511.27592378439
81630,23487.908666666666
87025,15079.363568223365
81189,17311.236886255152
107048,26980.547550645842
99510,5094.184
85462,21486.66
99442,7257.156767365264
85541,3298.844
81635,37566.1614028539
83983,12066.285669294726
96161,10035.238654883518
90359,13216.819142857143
86597,9008.444
77633,11992.672
80552,30613.33532048781
87749,23768.67028567215
88246,10969.58720994802
100434,11268.025118518519
102049,12283.819333333335
84649,9772.995714285715
80783,18533.018804878047
102021,8099.794103747719
107760,14240.73
98095,6509.225520934537
103474,8273.450345950134
101486,15063.696
78334,39225.532
97026,12333.633339257507
87049,14318.598375418875
94207,24584.821200547718
90080,6271.471016365272
82025,18015.354073727245
94478,23042.112
90501,7880.275548470306
86699,10140.33099043391
91557,29363.281692307693
105343,10303.548319045223
80034,28250.817577220812
84220,13228.932007198291
79498,22358.788
96294,26192.223472694604
107974,8682.348666148026
80316,12555.602991652664
99928,7398.158266432474
91851,10714.348
87827,9389.335210543391
98130,14618.484229993242
96139,18697.180631741798
93176,31783.961830735207
90903,31993.6292440129
77200,20797.093090185885
95858,18846.064
77764,9360.576
93978,37525.162197372745
78852,12526.244
82121,15979.867702433416
91653,27846.052
88882,9752.67556848181
107327,6953.14996949432
86583,10126.837698645832
90101,14441.910126403054
90893,19118.64679921024
93813,29845.62
79215,15550.34252363216
96480,11115.6827388276
78841,34004.47733333333
101519,18550.972
77704,27178.348346215866
95308,21403.43644189342
106617,7846.461540753019
92279,21686.500839290606
77974,23706.412
96897,11039.99488888889
84841,8512.797339588547
80966,13057.013041335133
81646,27622.012659111053
83773,10394.02437738162
80357,28247.135477855023
93576,13430.513188611334
76332,31136.278275084744
100522,12029.71202425277
95723,11324.482554101694
97599,8800.771475958285
83267,14213.168538649883
107086,13577.944165423154
80173,29986.002920000003
90902,52421.032
85442,20266.95517614894
82924,4606.492
106669,22889.965153964866
77358,23135.863894372294
86661,18899.954160143756
101073,12893.008063726544
83897,11539.549
92465,21914.214508277633
105110,18704.476
79370,12384.519600000001
106568,14273.136
106121,6416.609466666667
97194,11783.494198436598
89289,19231.596923197292
77301,23118.634930693068
89051,23452.811062527577
90207,13365.288
95193,19792.5124059636
98653,6951.16377366423
98934,15538.75090477413
102897,10115.484
90845,9337.539013174515
101868,7909.76
95210,21032.511555171124
106341,11826.281025641025
101091,9866.826
98060,11417.009902303973
90026,6918.204674341814
88157,10705.073127490965
97383,13676.751525674325
87451,10244.216687688053
103381,10918.78
93512,15052.69646342452
77414,60557.68225641026
79553,13431.777803942648
96377,9773.543547241166
105001,7130.49844306358
106183,26132.792366410533
95745,26069.60431819204
107011,9546.083239285716
78953,21187.204844947042
85187,9481.101445190794
87941,11692.683019923981
77483,19727.65311258402
101372,9206.082
83730,8671.722933333334
106166,20853.90858292801
83753,10744.446910728959
106514,27317.407565079364
101583,8024.442
105137,2304.98
105295,26883.335116108476
77657,47086.59942857143
88515,7563.008
93729,21382.85423160752
88280,13177.78154020202
102832,10007.4325
97873,12764.808831578948
101671,7958.339709329539
85210,13998.65137714649
80735,27585.426102438414
87811,18310.241905665353
97684,10150.56627100362
99915,11480.588331071001
97502,9274.515822222224
93678,37461.58962770562
78821,15848.044
93898,15843.757160156481
100832,13885.243541750637
104921,14844.93233125881
83890,17000.849202737612
85696,5553.594126984128
89485,12906.238606060606
87460,11109.58593403893
81080,50317.26150601571
87235,8140.381711633877
87587,8156.617333333333
96329,26072.16693698727
108174,9394.404258074424
106700,13003.348656891498
98539,17396.47917612638
105234,22882.42948445629
104708,11046.596376967007
79081,33431.39545509348
90270,17902.44659171559
106057,7393.431999999999
80928,32228.712
94218,37891.67758571184
107429,13132.224817321938
107776,14192.03566232433
105303,8838.136
107166,31930.347605978306
94379,26403.42266666667
94832,4172.516
83043,12316.227873548492
84114,10489.43676190476
84283,11939.833847023461
107679,7255.727555555556
89280,11110.4075
89840,10648.444665534
89927,9683.499858308589
92218,19452.310930585147
97100,7290.068785703812
79443,9626.626020118427
96551,9075.238790534377
101305,11831.848123336158
102576,8971.05902274226
84060,17978.46405771683
92280,25704.603128571427
105210,12406.699200000001
104496,18781.621495830936
104267,13473.497701075516
91491,31224.300311751478
78595,20231.96993333333
100913,6166.214
103028,11421.379784223005
77788,24219.61875112931
89629,7450.087296399761
93781,22711.588666666663
76551,48261.4
84917,12468.779523809524
106009,14322.744624460884
96109,10898.774660049628
78933,20452.428
80386,42830.18344988002
105590,19270.356
87670,14691.871587054837
84443,17467.172
95776,51815.2
96400,15502.785222943723
90834,23281.863484461224
88360,14596.452
106848,26281.037080552946
91981,28091.84255151515
89126,9441.932388531304
104879,20989.769333333337
90449,14743.91998943754
90667,20110.631178031734
78986,11528.876
84945,14433.052137030634
104356,9763.603438359843
105159,22261.544366104383
87755,2938.076
80978,27277.244
87272,21061.81931948052
77291,28246.831517160845
84904,11750.142836363635
99446,17462.01632532909
78688,28316.812845938373
86155,13537.150373331782
79551,28718.02289940769
78281,8813.812
94551,42618.68625568088
103232,10094.681261242225
104767,10437.416306666666
88566,7768.247185998976
77896,25944.809005351846
96885,16853.6570733552
95778,22257.91494485524
86874,10116.269238704828
91080,24966.013364627714
107737,14984.496810185186
104851,26452.336333333336
85070,22992.77601614987
87362,11179.696502318859
92302,13240.332
93294,18652.272470815566
83422,18447.19201616876
84862,12526.928244444445
84415,11556.760332037586
78737,20095.441333333332
84686,6621.910228192524
95112,28769.744
86518,14483.400142857141
84839,12376.52472259236
81172,27083.163880960597
89932,18995.342097318007
87300,9337.564
105568,14452.73754968365
76252,14038.344
80951,30359.33662831199
83509,14457.260777163405
108493,30795.08567760533
89976,9506.866633581772
102525,9455.028
88102,8341.7864
89605,14257.43753106997
92381,13262.176
81987,38489.548
91951,26002.771315789476
108167,17040.659580158248
89798,7877.428328235866
97312,14550.355827172576
106458,10999.601597907646
80611,49407.691068786866
83390,9329.556
84346,17208.422391060984
88061,12103.932369578288
91266,16083.473592501712
99611,8220.843602587736
106366,19244.219914791665
91936,33383.79887766991
82520,11573.523684544696
84865,8762.135105050505
80141,22343.296
91890,16349.231946302152
76251,18168.6456005698
84247,8274.955237766704
91298,35631.51781818181
88015,9106.347900318457
92776,26648.485352380954
76709,9438.409142857141
105728,16359.438314229852
103796,13423.225379789561
81171,20412.4302
88413,10436.212
102155,6442.628
81200,16804.389574501532
95674,15172.341285714285
96157,12826.569714285715
79020,21553.44694343435
103587,6633.901285700062
104190,29174.305175693495
80486,19601.238707610333
91177,14057.568
76909,28051.360092673396
97278,8578.8036
77170,25712.444952380953
78840,12194.008
107987,15295.74
104444,14596.758613587184
98408,4072.696
90629,18246.307713306047
85268,8671.89825
98419,7829.735142857143
90747,12910.988740729483
105907,15174.351333333334
88335,10751.218
104161,23191.3645
101427,12995.313704013935
87176,18959.054271398138
94012,29153.961710032276
106937,19590.53719597519
106573,37952.749142857145
96877,9541.186495475184
102568,8365.397536398852
93510,21550.35756606061
78820,32566.150666666665
76763,20954.052117240735
106884,7035.739833575363
81041,13990.301324080288
93827,18735.96414398827
100321,7938.9
81450,9859.325405660304
95107,15355.273999831472
93670,22523.872
103551,11690.217874951599
106715,17512.24804423074
100863,10672.616673494935
79259,11425.481
105336,30827.251059721533
88906,24606.854867724865
93039,29944.462023301672
85639,16226.743099457444
98378,7731.090821820798
93639,12712.31512741827
83518,9995.141029945875
79592,13498.325087461431
95678,18630.76
87400,10110.5691297251
98813,11829.432
79157,8211.276
76223,16455.912
95406,18923.936505949645
83724,6314.761267246696
89739,16207.415226904843
94933,25590.479333333333
82605,10864.05000394708
91566,17224.823151495082
76873,17211.585379638014
96884,16218.973111713567
85901,10539.011516666666
106449,22121.565984283377
90672,9946.97
78513,23494.546189346256
86464,10702.368606721235
82921,8542.972
93886,28878.436
76303,13490.645885714284
98243,16865.51294098384
103497,11114.963602651907
87786,14922.128967470393
87780,12402.300894305725
99339,9547.774879999999
95351,25060.64251766088
106965,11894.321027592045
87540,11646.30984378466
99854,13237.022632087404
102357,2230.5933333333332
90737,7359.843615497835
85392,16091.332852808915
96882,5803.656224911218
88268,13560.035080964219
106075,20961.523974393956
88674,16330.221065010352
77623,14306.716
80394,15128.644390574436
94942,24908.766178784077
101237,14590.695234042552
86351,14735.707873015874
87055,8203.404484615385
94851,23733.842190897994
79816,14944.16
97214,14367.2644
88900,10584.235333333334
97464,11522.19103232323
76403,16655.606476190474
79786,18879.665837166725
83858,11632.25735535735
83658,9661.465333333332
96456,12448.983614982157
106217,13854.253676190476
88111,10814.337519860259
86581,10755.56225844835
98218,16498.75747177026
93801,24524.38
87206,10606.064240993885
88569,15511.842201161446
104348,14212.587138383837
76478,19013.404300250626
101509,18152.87952406943
100915,8548.1987166207
79676,18387.276
102673,10175.399077569076
98151,6502.745817589384
77583,13924.947927759207
106602,34352.68423982684
90134,13080.065805853703
84228,5505.492
100131,11883.276426363265
92807,24820.00461476113
95025,30732.438423788193
79779,9406.227306184013
77216,26710.294494625836
83476,12227.506201700107
88942,15770.575916666665
87565,18551.040955242668
97055,21058.304445873717
97212,21837.570333333337
97321,17350.09299071171
102240,9893.948
91253,16174.412866666666
90284,14041.656721804513
83582,14822.992
81255,33832.0
93903,38613.892
96241,17984.554242504026
99117,5350.012
79874,28655.71542070633
105193,19245.748212121212
98186,4891.61296969697
103313,10381.413815737975
107714,15695.098666666667
101081,8948.143422481196
79663,5231.068
81108,10797.212444444443
86643,6557.509008150236
90931,21607.096547173183
107518,23174.485067225523
84511,18218.696
80689,10601.878107480099
86547,6035.009097566584
79670,13901.111030137845
82281,16275.912
102274,6378.779295133438
107948,11555.278295238095
97149,8792.357
95980,17290.916
108047,29922.218312242225
94763,24731.774659555067
106148,17671.937907725915
84164,11693.929671511116
93448,33218.602739393944
103837,20256.29921812183
91861,23324.72844105311
87914,10197.375032226584
85944,8619.85854945055
83795,10548.738010658211
97374,14133.916305471124
80569,11616.771976190475
106331,36056.321866666665
93177,31636.563333333335
85257,16854.076
80094,13701.557277272728
98473,11895.70472128941
98021,24086.740760019453
91714,21596.57447042891
82569,15479.855294117646
96451,9260.053809285318
86310,11452.733435115955
89702,7072.089232634228
87577,17082.790962806524
85221,26952.062133333333
100454,7251.21736759271
96748,5019.891741201489
91472,6112.808
88350,8476.721322590247
84386,16737.758707345743
107993,14319.26939219302
101496,5791.205400743702
96805,12870.84
82084,19124.618020105736
94643,30849.93673390032
83871,16679.387178206445
82327,19263.354551675
90332,12691.532
84949,30113.704
83111,18677.778666666665
92067,18964.312609442037
106714,20645.3969885075
85531,12638.156666666668
97311,10774.707774703558
78102,31232.219483135126
98348,14529.968
76715,23989.78883548103
77091,13993.308540248057
105854,13067.589043797643
85983,7949.808844288228
80823,13487.182928311475
102612,12803.614999999996
104209,18233.583984728
97643,7978.271890025679
95340,23502.84
81183,47883.8
87928,5848.245527472527
89448,11493.001603418803
98522,10111.816101754386
94213,10353.081330106534
91583,7490.108
90280,10628.09958930199
93287,25640.893155118756
84510,10381.280154420356
98179,20762.0071847619
88162,18045.016337715064
78449,44962.64
94548,17281.051616361412
95056,28533.1362047619
106725,10597.082883462032
97968,6705.002307535409
104923,9564.508471937617
97276,6910.671570156997
97080,22629.952951936808
90691,31896.44466215467
88033,16848.95535714064
90160,17618.157232098398
81661,11940.987602957799
101260,11012.359267492657
79520,27368.38628374206
78213,15896.628
76187,29227.437317135384
85752,15512.542
90729,17594.502181153755
77637,19090.858399999997
101847,11228.636325962923
86787,16811.379095088058
105758,10002.437805347594
79389,24670.208992007996
98312,6631.862282839299
100222,7809.2558415987505
87873,9755.56752289377
92965,22371.453371900978
89168,18812.860061487034
82368,18339.67013486237
76505,15118.667777777779
100946,6028.54501111111
85815,7862.750483286648
87705,28263.718592911067
106931,10978.295565714785
95571,20774.809897416715
80308,20950.23331499411
91824,23489.02659228235
106743,26290.69206666667
101866,16074.0134206642
95817,33070.05869904956
108505,14928.166072399392
88722,14118.251047248612
104371,20731.432
93879,10727.85833997114
96038,17337.161475694487
104690,12281.928
93199,23748.028926684805
85967,12579.190340438829
88714,7643.148969172933
99467,7480.165329042872
85701,9505.816312820514
103450,10700.732
96943,10631.224309309644
88526,17838.246953439153
79326,10392.091967741937
92314,31967.802247536878
106373,20501.782620633843
76953,20877.19848001993
89741,7439.221297411234
100458,8379.201005128205
91895,57533.6
92356,17137.483338436923
80632,19757.741326968135
106959,10052.84343076923
96251,11493.007353535353
97996,24141.599778222833
90021,15121.826143767508
94899,31703.10331234205
93093,15204.864305835008
100175,14010.659014297904
89968,7219.124926276695
102132,3705.211111111111
99121,11692.972233333334
92662,16928.08
96612,13560.093230769231
77399,16188.356
86443,9005.787343647464
93198,35758.90071111111
98001,17977.775076923077
97764,13352.54380952381
94983,106042.72
82703,11961.028
94794,30036.436624769645
79793,18257.029197932603
93376,12864.737174603173
76374,22997.56620690289
84045,7500.689375892337
106780,14968.646786334824
93213,14511.170891764357
97870,8859.976914285715
97748,12626.267524222323
97255,8050.708780577407
102668,11970.428191279341
105898,11714.820767676767
101786,14304.5702046962
87690,14709.670736559829
86329,10854.114592691167
77696,34188.85189641436
104321,57858.376
86782,16909.266963122685
97134,27654.40375648182
86684,9636.13647021858
95509,33614.224
82314,17896.304330960822
84124,10779.264406772467
87597,10445.895391465785
81357,15377.592
95055,17415.820561167067
100244,8737.0636
79271,15089.960041248016
82043,22950.238666666668
96348,20791.858795730703
76594,19804.00250822511
79552,14433.534767673991
97181,14854.73054242291
99147,10914.759179677701
90786,7172.551666666667
96203,7802.1461818181815
100288,10988.680095958493
81529,21583.095548858775
84229,15135.432521058632
94332,28263.110432704307
92714,20386.807954767286
107716,14519.543327446607
107685,27516.676540899058
97836,4455.718617171717
98284,20725.609322795313
83128,17226.02037567166
105500,11508.636733333335
97781,11103.804165778607
99341,9502.129689578715
91793,32057.611695743057
76224,16018.756
80840,24746.132202950877
94587,17313.251620126986
98667,10557.113666915468
78973,15666.148332864246
85175,12374.176919971747
107489,44096.172
95790,12655.742430762524
108044,8087.731586870586
80652,24760.146116666667
76007,13884.54
96039,9633.23821339728
102618,14622.187733508874
80863,13937.461696879098
95695,19494.363453196584
78815,28998.178666666663
98063,11687.734363328289
83732,12871.125714285714
83190,16711.72670857559
99504,9861.34870136144
82372,12315.170786544439
77977,48136.79711111111
81688,14637.593695368305
80154,22690.29162943714
108106,22182.08802603937
80724,16235.571024960656
89190,9346.450328358209
102321,15521.55523022439
97375,10639.209333333332
99379,24811.17770491134
84767,9722.573201700405
89470,10332.683740311775
85592,11538.899154735176
80381,28324.409544410784
92149,29400.999671411024
96044,22136.816
79041,12033.636
103108,18919.5
91118,19018.27562906838
96434,8296.729371274234
86875,13665.27461553319
100326,10754.141942826995
106416,19112.894614235018
88074,9663.931301534825
91579,12123.139484848485
96819,28878.22710430006
80373,26620.204107302405
82681,9874.874385386453
88450,11065.78
95040,15106.800977794224
76720,12131.268
94576,3617.976
82502,6739.28851596427
101100,7971.500076457352
104522,17530.352896236902
108039,9559.8655
77894,46969.63789069798
80888,11239.169150830368
80366,43368.15333333333
87653,7801.099081069808
98083,22179.821223743245
89042,15347.944
102520,11447.368
101620,12108.114874173798
108340,9823.795555184108
98465,13575.568
82307,22924.461502270053
107499,20874.882881486752
101440,11213.221664169352
82392,24657.214287344865
79371,24693.9
103916,15062.862589186023
81192,9280.068
108185,10205.8
81811,15454.496180048032
97993,11232.244266666665
80214,24308.336233333335
79896,18586.128
86793,16085.381333333335
100548,14945.7042777398
98986,9229.75230393163
82411,11424.932359915465
98467,7662.747861891772
98645,21712.266622540945
84530,6518.681223396974
86479,7171.832
90655,16257.429800000002
97319,10415.259636775423
107749,24577.05612364789
77199,27203.282361904763
79255,16726.226243093904
85072,8208.110328629988
99421,11958.084582956748
95187,9293.504070075358
103262,13689.010569908727
94589,35177.852
77608,58256.7329046559
89729,6069.769016470486
99171,22547.858848275082
90914,24292.71083175193
83250,14847.83249261011
83275,8346.896
91269,23557.85672310882
83003,9783.357458460381
98988,18767.08
105748,12988.121015131384
77688,16528.621679218268
91090,17917.382762557543
100544,13984.65017235721
96608,8736.383030387986
98784,8925.628540667913
85655,15197.810919828096
104236,9474.00244611529
97437,12592.993440977976
100150,5606.93201904762
96911,30886.166748712723
87126,17935.435107195703
88544,10012.056906859387
97889,10994.1
76768,13653.238
101722,7712.358619551558
96407,12011.155833992094
80640,17926.090957871635
88000,13958.694420091815
103451,14692.002199708306
80542,40812.84777777777
82212,12756.59047299008
102407,9421.402270942424
79895,12529.838189247312
95909,20176.949413756076
79646,32414.992
77051,31211.623060352602
79375,36468.29533116883
92023,31355.892299330306
87608,8953.044
77731,12038.56902424242
94671,24646.867115723566
107804,16969.970253336578
106359,21074.00340984675
102758,6235.68
76944,35741.16287204969
92103,14437.930684818653
81188,14581.01798834985
84157,14172.524328015532
77509,26231.38018985563
87332,6489.749485368383
101597,10932.704
84021,12769.483697738548
79820,25562.797879674796
102505,12032.7356165966
82887,18680.4702423026
98676,11281.9057985348
89288,19140.868714285716
89410,13070.522077935804
76489,13600.304
85587,13005.25908964191
93752,14333.684
104857,16333.169637750778
91582,36191.76
100760,9996.124800000001
95388,26585.647952808347
105606,19203.104
93352,24689.69638547304
102452,11780.352
88997,19691.157824564325
107478,16374.201528985508
82604,12711.041692064891
87188,15917.904387389744
97769,8661.332682036633
77941,23197.72657302949
91489,11462.024
84501,15762.64612034632
97428,17490.197028895047
107961,15816.923003681424
106520,7515.636
82860,16780.470986864595
93232,22164.62
106592,7448.395303412817
81719,9041.6285
81658,17083.046725203254
92676,22522.315377305727
102253,9644.204560627599
105237,12943.735697841727
78527,22785.99370853527
97452,8036.926488095239
106530,19180.3555
84118,12926.267411269138
84314,11133.909377329072
92313,23533.13672310882
91271,29272.83045
86067,7682.662525866563
100751,10963.167666666666
99647,31086.600622556718
79872,67826.17066666666
89703,21563.72790467243
82985,10909.221736743193
86719,7031.660254180601
78249,31382.350030729107
94826,28139.2056772741
80867,32598.811814376448
88405,14338.436488623707
92596,16861.26161655496
90699,8408.0229366666
97504,20503.60954954955
88236,15763.44622543905
90859,7888.14864430152
84327,16898.334785087205
86926,9114.868
98478,9244.86
82435,14348.630810952018
105477,13516.08739472122
91685,14144.519318810886
77406,15261.641386188321
79806,14851.669862539822
95728,12981.107233333332
79181,31062.290730069704
89777,13680.8275877193
104090,12580.885601134412
106849,20631.208898456116
80612,21031.514037817222
78114,16090.231822222222
93850,30323.024
91913,12061.201585762386
104359,14097.122786568136
103818,2871.124
78505,8187.328
78147,4643.316
98618,23302.646
80947,17493.674204263247
104926,8379.612823529413
87266,26672.629624074074
100085,10649.222249948401
99550,10118.117334073706
100618,13729.12124112752
88609,8873.188037878786
95379,26695.712
97130,22266.21546764347
98078,28272.28664292144
81543,16943.6168
94442,15015.722230417932
88513,8528.803411111112
104084,18342.669857715762
77862,17143.355537755935
83231,12500.046242424241
80020,30194.622094138904
88533,40934.576
89260,16387.70594969372
82264,13662.030230158729
84569,9922.51938095238
94361,41635.9
76511,20568.53440451809
79088,16387.214
85645,17402.207143251162
80492,22783.697600000003
82092,12718.796
80792,11370.646918937438
79022,15566.324
92175,16705.229330471357
87149,15073.438265260305
94676,26256.703187583484
82453,13288.19851246939
88623,16706.213080952384
93157,26645.600234975256
91767,19887.846785762205
82525,12679.466475417788
83387,7169.1991462781225
104711,12965.534333333331
82040,21297.36052116402
90973,21271.387272727272
85628,16065.852143334867
96701,12311.495460223952
95441,17619.59502307296
104513,12362.009939468853
91247,25784.119133776865
88940,3330.1228571428574
77571,21946.64709455719
104299,19515.600723295982
92609,22218.31314285715
85134,11055.158554764414
81305,28930.727304273765
77683,26663.538770784853
89313,5805.60112463768
85999,10979.41119498384
100266,13002.26550322079
97102,15345.864427498842
101321,5947.251846153846
108299,10451.42272937703
85057,12986.240028278391
84995,14095.258472566537
84612,8898.238444553968
94300,19024.9537
93656,114934.124
89647,11104.454021132486
84389,7312.776675431236
90197,7937.863985538249
80844,7601.748
105331,20198.90866690195
98831,7389.541535091495
89697,18351.20404488583
103351,10751.749333333333
99969,6930.842242757362
99325,11943.10522743047
89198,16110.526548172757
78239,16015.06710327144
82481,8533.02137143316
83655,15232.36901549077
83006,10789.060545454548
81067,51668.996
82451,14719.432578835324
107390,26210.520321176013
101406,12727.742229754735
91715,30019.998600000003
99989,10480.793704140488
93206,29150.336794133385
85902,15420.292502352462
85195,16399.63351983357
78130,24662.939882856594
76552,26998.13744750834
89420,13303.031442857142
89566,13707.124629689477
94682,41424.92253941288
87373,18318.647726395175
83481,10835.726918707025
84348,12769.483697738548
88809,10080.83639047619
107886,12735.489994187077
84976,14713.54
106340,17812.484
87849,16228.95466813187
78363,7596.22
86657,16413.62803751625
89773,19726.263013827316
94449,33998.88971933743
90861,15394.655181537115
91749,27089.777660217234
87090,13576.018137336203
80200,21890.21563200013
79369,24051.699652014646
101679,7781.552753753799
88080,10653.052
103400,6904.772299006295
100960,15619.926666666666
106116,11021.1271147541
76678,32887.63637460317
86832,4085.431
80278,12164.430915440114
92718,15603.213752378482
80121,22665.29084216877
84360,7819.403021883998
98000,11417.671175031244
86852,9892.301353623187
84665,7143.686
104032,19377.5361221194
88348,6766.11438203525
85919,13404.477777777778
102408,6075.232884737485
91678,13127.744154761906
86965,14107.348837508265
99748,2285.92
79192,15710.179280883822
100469,12462.62721275285
102772,12100.63906032091
89526,8869.226827586208
96191,7600.609686572208
99222,12886.372
77086,33668.721428571436
84447,8041.338247623071
99981,8581.675102564102
106052,21142.8493540436
79612,29727.199206060603
106792,17194.433615679845
99124,7945.881847615709
79678,31099.916149376197
101632,7808.764315731442
77692,17395.308378450707
84345,7033.489076972624
95000,24418.832333333332
83015,8882.059813711357
99423,21032.266666666666
107480,18672.012954978578
93765,18459.699914475455
105419,10009.514276593907
94052,13355.26
97432,12934.282158252037
79133,24219.629704099818
93225,22632.39638593677
82956,12047.966050960737
101231,11151.62630650053
78727,18800.872
92150,27796.85093333333
103869,7745.90127010645
98266,11628.905380890068
85017,9675.949874623575
76853,31382.350030729107
93027,15509.964
88493,9978.401031580654
104829,27807.419218481045
87800,14488.242443348494
94723,19548.457342145877
77219,12802.94353356331
94891,12009.235484848485
81656,19420.222822052703
97239,23419.025968851285
83620,9719.99620530678
93312,20862.302375119798
83441,7928.825
83959,8862.176599719887
83653,16139.36457142857
103364,11076.857382092914
81279,10525.248666666666
94483,19390.622097648564
78683,15553.648
80423,23913.126
104442,11970.512228653306
102026,9294.15055827784
105992,13886.731543314225
108007,9891.92665185185
81476,13277.834839682539
82770,7315.869357288494
97979,11701.044
103866,6642.596543800643
83147,16133.777841774307
102902,8281.747135828726
105918,24788.01389671856
100265,12525.099707570813
86165,11781.426529803362
107697,26753.064
94497,34979.328
83540,7788.172838822865
76617,24221.716
88133,12831.494
92181,26118.176
90065,3965.223111111111
94177,15911.470368802216
86942,11877.600961627317
82629,5611.104200694216
92087,22914.496
94508,14399.376612461785
81678,13550.147008047832
88106,10455.804309548914
82869,17446.821356832166
81744,22381.28
89208,3677.776
93035,23489.861355555557
94656,28621.877666281976
105571,11715.388119934894
86332,11574.258084656552
76711,22144.71640344937
87423,10438.143714285714
97343,25289.79684642118
89591,22411.899998256453
83291,1916.292
76146,16774.793
86683,10508.728266666665
100726,10649.731333333335
102328,10835.419666666668
100991,12713.561678254408
98049,12396.035848403091
104948,17859.712916144057
103129,8117.745377021986
87892,15949.145397825376
90770,24285.1788254746
97113,14354.816
102422,10997.141791263708
82462,13189.355833333331
99700,14883.488
103799,5945.284933333334
96959,13056.339517111166
97715,8417.85667250884
90880,11523.446730427755
106632,11372.453627978037
102656,14727.772
106686,10306.031400619195
97346,9120.474496262359
88283,8021.452
102248,13227.089712401392
89091,13121.336
100474,11048.964095958492
103428,7953.453
82698,7413.746094736843
107510,8931.08
99122,8913.414975629908
93152,12445.226154761905
78084,18430.5412
103130,9653.29226060606
95826,42330.304
94977,25083.689583782445
90104,8933.688037017915
89105,2347.952
95397,26232.594338959818
77476,13913.528
80208,11201.874752380952
96744,12273.764046974387
81310,25483.94576190476
88688,8482.696552775444
100514,7653.170269397759
79490,20587.56061904762
89236,11977.87405322129
106677,14153.414380952383
90882,12841.902250416071
105048,6415.330479034704
92458,18414.220933624896
91682,14622.432549045547
104659,19513.724
99559,9693.352
82608,7689.898008764569
98793,8511.382668811562
101083,8350.270845528405
86469,10767.888869937067
106304,10876.276
100515,9373.601471097834
97006,11499.640747690444
87531,2910.88
88873,34511.0421588534
91700,15623.822166412825
90471,19998.144
88077,22406.910799999998
95546,40586.159578947365
77965,14573.52
91548,20892.40111295683
101360,14589.368
89845,14913.55556043956
95934,25535.484
103745,10834.65590081884
85862,17356.356829304033
98424,8980.193774203977
81736,27908.905272788696
93391,25090.53789367618
76523,21945.50724102381
83573,19021.467327598275
103118,3788.307
84399,27972.930543036193
84864,11134.517211111111
104282,9874.241568128655
95389,21308.4075816385
108097,12631.141834329723
94999,12624.916
99345,16450.484
92946,42764.906419350766
104048,14558.925617020235
76817,24077.248399999997
90448,18378.603295236077
107837,10085.31915530539
91182,17985.17640022908
102654,6924.582643881361
95298,17423.062575392705
93659,21472.972703060976
87866,19001.714321443917
99990,14677.016825531915
102469,8346.482450222567
107351,15029.589253702788
82490,9189.88045449662
80756,16759.825440790806
82365,25651.3517513429
92332,15608.011214852662
77456,31567.72
81007,27872.336
82391,18340.996
84647,19070.585735064935
76296,18968.679420926623
100192,8238.614337254903
84547,13311.444854254092
88877,18493.755195308302
84254,11725.042450960733
87836,9202.992531884058
85970,9517.43989582176
94834,15239.788678565246
107159,14046.109130303032
106800,10257.76044523728
101989,7365.114155844156
95604,29348.409177551504
103637,15365.640987907213
104301,11426.438592602082
83799,12140.662383721265
107855,13373.52312432518
101506,10903.477118866633
86644,12669.34655662528
81902,72769.208
90490,6922.921907835278
76314,19760.696
95360,32711.353381000572
96272,8132.088032459443
103911,8659.14408847827
106553,8676.111897420973
106063,15447.366030833191
84179,13878.985416729996
106912,15159.605563296858
103819,4840.228
94009,31006.14
98285,20743.134246738486
81101,14487.663163901796
76806,20840.05373057913
79127,13355.780298785085
107416,13198.630418475896
93786,29790.39302746763
101542,13636.05922089783
101640,9787.459968735066
98800,17047.39458248893
91451,36552.53266666667
104033,14352.243182561288
105550,20612.371818154876
88203,16492.069494692903
77481,17613.203032109774
83704,16554.11572827374
94474,20013.94692171053
101924,14629.69833219178
93203,32315.948
104628,14559.66
93308,33332.676
81984,22971.15766666667
93228,27062.698646253328
94247,20629.932252311602
85162,10595.557616305916
104670,25333.150503702298
80875,46859.29153697174
80850,23913.59202123013
79475,27291.927734498764
87229,11236.981701243347
79162,15226.249774244834
107652,7756.257677284833
89835,20454.57826769117
77430,29524.93168468468
97568,14209.044163039342
78947,46193.112
106692,9367.455700311943
97127,4934.235085106383
80876,22967.372
100152,10504.796666666663
88949,19731.705333333335
95804,36012.652
106833,9049.997114956012
89283,13407.06
78115,48770.36
86941,16039.616199999999
104794,20354.19762724975
103892,16402.631150509485
90746,14632.399466785204
92996,18373.678428539843
88679,15403.627962002834
101007,6341.568
97824,9197.529610624497
85138,10040.788
87869,13387.62588891525
84266,10383.225292538065
88682,8255.88707777778
84543,11015.743917483362
88967,17250.91026378066
78831,16509.039035676447
80227,22046.296167434713
88995,11212.82331008877
95761,19129.114665655085
82060,17605.977605697233
78253,19776.304
81193,25973.027148410976
97309,8186.853642560453
93654,18941.886071740824
91399,27704.99832515695
107195,39599.9
82137,13250.836083635564
108006,13733.447537297185
78534,56481.257333333335
75979,34566.324
78847,8056.964
94746,11210.656337634407
76591,14901.524
97366,13532.150945749363
88756,10518.33494462755
105074,18878.685489879357
107641,24670.523862716826
103717,16615.92923076923
92559,29979.374615384615
85453,3627.948
91736,28756.8461
100632,12101.077166513456
93314,21483.1608
82593,13146.124800000001
105791,20236.92
104431,24295.01426635091
77967,22171.233622395266
91373,20338.729635935993
86095,9302.826818675425
90950,22905.99235408332
105410,18671.147863482976
86516,7789.804003396601
79221,45338.549143777476
86603,16581.388061743135
84058,19344.834084512575
101017,10665.591277293068
103065,9712.074102564102
102817,11946.804813576235
106443,20885.510284389533
96455,17994.661021645024
103514,9480.863066077123
88407,16209.279977772607
104658,20677.46846707402
83823,14690.49409914058
106801,17133.001008785926
100859,9765.404571428571
97156,7509.224
99816,9662.708850674488
87726,11182.257595034507
88783,11734.493814801484
107654,18613.65711111111
102420,5219.406400000001
104147,32349.044235746464
76019,11673.012
86158,10073.963459550712
82852,7168.041879438483
100871,14459.95491084423
92537,14731.158219047618
92028,11675.200266666667
78319,10465.664
77111,21840.26343341632
81426,14352.620695848593
108336,7796.523846938776
106048,26184.417555555556
108482,15138.579518311379
91336,19828.45993165564
101242,13799.250940314409
108309,17442.88472680132
106397,6367.152
82413,9933.104466743363
79355,30213.816
92826,35794.6740952381
102020,8891.532468302528
93857,34224.22293333334
88875,9121.949969380441
81926,21126.412
79236,17469.70633333333
101106,16511.367854385964
99069,7127.747826872251
90017,7385.1219078540325
101706,8857.996
89701,8544.74442120655
96760,32671.87175233765
103901,14264.260465260506
96780,26846.368035572763
78905,16396.98
101894,8820.171819875048
94657,16256.44201353571
93703,14719.787466666667
98690,9132.265535144708
90597,14321.86901416996
80138,21305.190786482333
97044,9811.758596394806
84258,16442.619770579287
98543,15543.093678249677
99833,12930.01149593825
99848,14961.373891625615
89178,7986.9396637647515
105598,17355.682055700097
95971,26049.541666666664
94875,33383.79887766991
96048,10641.94819047619
82606,17870.2966053467
104545,9196.88218432847
85571,3846.796
103757,15701.755861575526
80192,16973.540412438608
100422,7902.44197887324
88065,16987.113472549023
83544,13924.32856465425
76851,36238.3696
90464,6482.041566939582
106501,9618.518474804658
85011,21598.84101960784
102308,9779.853836248702
82241,74084.012
100655,9039.50963085599
86477,11396.707297186555
90830,2089.372
83274,17983.46292063492
83251,9364.749866420607
82122,22557.31068051948
105600,18538.13688393933
87514,11006.780566037736
82184,31188.89980952381
84829,11741.248
90704,28136.296550085794
86306,10994.886088155274
105655,24166.743048448236
98964,6665.648655555556
87189,19497.8104
80116,13257.166019047618
78366,27988.85040028884
103668,5954.659868253968
95799,24001.749022222222
97496,12808.692666666668
107112,13494.832
79698,27870.90926524032
78946,32271.63257494404
82843,8360.86651652363
108537,18385.56623476996
93675,31260.047550966017
93629,19017.460913656374
103134,11625.271523809524
76458,15119.978593939393
79219,18410.649555746386
93401,19853.42520634921
87666,10210.122493338116
97697,17064.4393902783
77945,10566.370833333332
76173,30407.485304113176
94835,25352.25339031339
86700,7060.1079
105682,28619.191646501185
88546,20255.076
100486,9853.280809929352
98187,12321.93
81395,14692.651759247283
104408,13281.456436496506
79922,19666.807130212623
102955,10695.805892492659
85515,11144.631633594132
100490,13829.218808053221
91070,46401.88
81321,25096.681443223442
90925,19581.115133333333
91291,34171.45807623867
83986,15943.113397825375
91729,13795.208877043864
95830,23104.436050836674
103720,10304.225575181372
97023,15948.208549853374
84892,7378.519483495372
86618,14650.675947060688
93094,24413.924
102487,8552.28
76952,33095.63496615234
90121,9364.525137876302
89687,34642.83685566673
82663,13550.475133475376
80253,18854.436906265662
96004,13403.384
102267,7545.267401384234
77777,23189.479806197687
85135,16243.734666666665
103806,10385.759730763979
88031,13162.360692372424
84252,9637.668
80246,23405.90199601584
83445,13735.239260164033
107528,9783.999490677674
95161,44918.60438293651
105132,33318.20357524961
107504,12192.045028571429
96720,19446.819
86060,9084.30120430415
76370,14763.84764981685
102092,11838.030410793208
93523,16501.69393783915
87963,8279.307813634949
94183,22118.861498608934
77548,29960.55550572785
91116,30321.937119725088
100013,12409.252649548383
105525,22129.64184615385
104210,18238.36
91137,18235.222
101960,12970.13821269705
80662,31609.068127867948
84914,14180.130960380062
107857,17344.844
94916,24270.782789915967
102858,10749.671811746228
88182,10034.135714285714
85339,11187.548666666667
98692,20412.846886274514
98460,8943.764
101787,6545.972
105924,14551.169590679965
81440,21775.379272727274
107043,15319.06557017362
98747,9679.877663092997
76065,17207.919744444443
103452,10600.985
87162,12685.154826610402
85972,5807.524
95159,29684.608784041244
81106,26202.776496817787
106324,21195.496
86957,8193.210013131313
76900,13670.316
99319,14790.438663217172
105884,22408.176799999997
82889,8249.418307218271
82253,66895.816
80818,9675.999648116054
97074,17846.74494127527
103269,17620.16231818182
78298,16482.28397049831
87216,13585.006663120366
104853,7161.534605505187
96298,19853.368871673832
86803,6904.162546193119
91326,15290.992
90948,16788.247643389754
102795,10552.227279901175
77163,18182.265984848484
93519,36919.76057142857
94980,10785.47184317203
106455,24635.14994533799
88860,8901.921838287015
76536,31077.8919996336
106556,23483.899832119827
103002,18255.839440559437
104193,9684.534800000001
98247,9318.523914285715
82529,8846.991571620349
90499,7529.587593536058
89400,13383.505534974283
94595,20951.596780738942
85870,18630.416366530753
88424,19022.9
82715,16093.048
76324,20826.936
102259,4005.424
99192,21937.931196540012
81437,15619.36950900209
97208,12536.3272248076
76420,16273.829103343016
107557,6193.448
104202,22692.07685287356
83400,22380.428
99664,19165.68987394958
87781,12114.229828340494
105706,32395.577434239924
86320,10569.49090909091
81907,33586.072
84881,7281.25282813376
78575,14199.468
101857,10552.227279901175
104378,16101.691240758646
80281,18471.035217316017
88208,22038.356
85864,7341.685357288494
86973,11735.988
101072,3774.428
102664,6552.075927397028
107949,11077.713142857141
88832,7450.489711633877
87046,2523.971712418301
98930,7424.558589393323
98721,18916.952752941175
103249,9876.583897304427
88230,3671.896
103604,6468.186866666667
90645,7049.759937458459
94246,15051.352
93604,19454.921270946925
99287,11636.1
106684,18459.345848209112
89506,18571.98790278146
98726,13383.383495115884
77060,19578.069850444936
107323,17762.47253630973
100559,7991.158324111585
94511,31097.397285714283
81367,21767.1298469697
107185,17430.124
87243,5922.635995831048
93241,16101.242199999999
90899,21209.614
92791,29056.97847237176
97429,9722.146107805407
81883,31362.908969969983
82428,9292.598675944417
85224,12160.869935565477
90818,32080.065354133236
107186,16800.258016518892
104489,11999.689777777778
77026,17370.18
103119,7684.535858932151
79360,35025.39612972426
97763,7070.9917712501565
81434,20992.98739595949
102270,9001.259772497835
86171,26574.451788376067
102255,6517.711328404928
91018,24476.369333333336
93219,16462.26
107667,18891.09865982112
89301,16480.198638689802
106869,9029.029211333494
101867,10512.272635641031
92922,18077.215662530798
80057,31922.89460688112
93951,23146.168
89450,9867.203350823145
99681,14592.389368828637
85661,16142.277770308125
76072,29237.9676155993
81693,27443.495459299163
77375,11686.170301193923
77649,28321.22362529022
105904,20938.832
81679,21950.152102783693
105555,32041.94770308123
78762,14254.858
78590,16283.964
92784,17072.1400037183
88497,6489.749485368383
108413,16957.89008732069
88994,16192.846138088766
103426,4593.011170695971
104394,25168.85768965518
88703,11512.393142857143
97376,7587.9329699779
97470,14686.404717988555
88681,16349.352651443225
76599,19290.387633333336
104274,8956.6
89590,5917.61745722478
79749,42806.35944988002
107386,12889.986986780625
94829,25865.125515190106
105123,12875.334333333332
97602,22148.968359461895
93900,28786.721822896892
85986,9944.550364100634
78014,28172.681043615008
90073,18854.84013360797
91815,19622.9698
88067,12950.519965271193
79079,33027.900192488996
97590,12562.46745724425
84491,10176.892933333334
81997,14520.488580476067
90875,23320.8
88805,17214.216233671075
84708,13957.46045540222
108010,4483.204
96549,10710.653275103981
79023,11271.606
80493,23559.68094191177
98860,11791.876512820514
99938,9218.768553901184
91154,28566.962529914534
102202,10432.322555734765
76479,17492.720285341697
102548,15503.041038095238
107979,10406.44843987229
80905,30841.03216040944
82630,12450.231031382385
81130,17430.420564340606
105382,12741.12099146588
101905,15098.221333333337
103353,5715.527709458642
88275,17452.875938629997
88052,17400.596139215682
85537,20487.53935750916
82742,5486.393504761904
105960,21000.516518212415
95151,39271.97654545454
102555,10254.459234424146
87742,8514.077552486404
107219,23448.18736965812
106170,10403.348979667675
103341,6399.541522598871
98947,19409.842821014678
90933,17765.301330339073
107651,6453.037035389191
107937,10339.205680879677
92742,30608.171190476194
91138,18339.02285714286
100134,8577.25909598508
83718,12562.249546948633
86977,11552.50681026852
102165,9787.27544238236
91372,18981.782057142857
95812,24090.33286731472
98911,50654.78910602511
86966,6373.496222222222
107280,12244.256
89020,11225.804974420773
85167,15350.1
100394,7913.116
93450,17936.471492288496
86838,10105.093142857144
107563,19824.311642498327
99692,20411.701681159422
103946,8398.704158779721
89586,8011.185656491893
90733,8715.656051800184
91071,18710.571980334797
89142,9173.92984975667
79359,17528.295444815336
94435,19984.344853013623
86980,9401.482965320898
92661,36139.68
84734,14925.034362811646
92829,19252.324266666667
78925,31990.556
88863,8342.852
100507,12369.661602791126
97469,17329.986666666664
106358,12615.417872727274
94446,18527.888
100068,6641.136642948477
80005,21412.258513636363
106548,8886.614
85323,13937.09766386003
92629,54920.776
78057,14706.164
99591,12974.572
85307,18538.03433547237
92660,30997.29393947755
89525,8092.103031001868
90953,27491.12005555555
103312,11337.84
107912,22266.016666666666
93292,18700.67147232876
81638,32909.944
105433,16357.954779155905
94804,32719.262527738923
85666,16079.078142104576
87338,10752.960184523812
98818,24484.37845455429
91960,27009.19370819977
95612,25206.532
93399,16213.05524810519
86492,10778.223029818135
106169,11383.768800000002
106699,15026.012310185186
102175,36343.79513333333
83555,10968.015217391305
80941,21953.33994628918
91366,17302.829822931133
98045,18054.616
86988,18519.169536094032
89139,13883.997023010623
106277,13490.278921173525
76317,12780.031294119184
101300,11259.115714949312
93086,12556.44484025109
76936,20248.586105276245
80711,21643.30259676429
106659,12246.629777777778
78296,10223.928
97527,4907.9975
104494,31422.296890424706
77982,31636.284166666665
86456,10884.616463527596
85161,18659.61300000001
100583,10307.871129444957
93063,16342.622631746033
85331,18400.659374801682
101731,14232.227962825042
97389,34304.044
79902,17922.72357195069
89643,8744.471739622675
93175,16951.515883771342
98389,6150.712
91334,14930.016728383209
98514,12023.859208389893
95382,17429.44781182291
77018,12522.404
76437,19400.595852178863
98250,14130.372
77104,21881.23043120574
103059,8418.489128205129
83308,14496.575363045455
95106,17725.206330437617
88684,19906.298065664425
100870,14204.972
103498,14444.227088545442
105342,27971.095494628025
81398,17841.65457757985
91833,28307.74
95311,20120.37550301993
77369,31550.44195455201
86011,7986.264606047983
84952,10931.550571935662
94056,19066.600865319993
104796,11300.376470805217
101571,12297.882372308428
77188,16361.615126803157
94304,16871.150725253552
106008,14610.652745974701
79849,17315.926890603514
106099,25716.19156226147
105086,10410.926777066172
85658,8207.398013131313
102040,11239.079281888462
84343,10540.456297058783
104882,6216.2017619883045
88582,12984.476630479541
90328,19373.957505843377
90536,11650.088423948488
90805,12188.864
106058,29588.56074754821
78871,27184.76553819756
95489,28499.675490196074
76637,16165.83308492823
87818,4634.097
84478,19592.994191097307
108394,19825.7475337073
91676,34261.949717840056
104964,2302.2102857142854
78506,37228.890666666666
92557,24758.49733698186
90715,16696.355267345727
101721,7184.074666666666
80715,21773.45534649433
81705,19364.983598503222
94219,34463.53150242306
85893,16886.22745890814
80550,15656.023854545456
86662,10835.60499977809
85271,20122.591344895365
107075,22578.528
100992,13272.926222022636
97396,6610.334574928472
103943,7825.281029837821
78916,14149.488
94516,21477.710288367514
105411,9078.778266666666
78377,22205.092
103977,13932.244276823507
106716,14442.588
88465,16814.328722398513
77421,13995.36
88866,11160.017352749906
97787,23198.315826648224
85063,9472.611045796944
92555,16617.86835076253
83695,10020.242331168243
81797,13919.255148859953
104241,33759.444
94730,17841.38548735625
105191,13925.986016802643
84112,9120.93119053724
90379,11654.024270085469
88992,9371.984
77423,22832.971572441948
85126,8792.854278507768
78691,38092.412
80320,30942.959923190425
96309,10099.039903443223
92577,16566.18
78891,16989.844
86056,15764.175916666663
82129,13902.841192345217
102436,10392.12762426092
101469,6301.392
95885,29416.03987932615
92879,20907.451304450966
81484,5143.728
95550,41785.096
102726,10526.0
95252,22161.968800000002
90695,11682.591663712612
95863,22830.184
108338,22114.286
105327,26041.9085
91616,15519.304299107218
83077,7719.12535111111
105582,17106.292424276
84382,9011.58684187192
99666,19095.285474847376
84818,17343.592446459104
78498,44617.25834317292
78378,50686.203111111114
82799,5812.251031040127
81429,2523.868
107572,18869.59216840586
91279,26620.90239206463
100475,6870.962171428571
86325,11486.924545454547
76825,28988.68577891646
107657,9032.802482112555
82346,8598.362172005773
86687,6947.430232307751
103471,10563.647176652206
78209,19333.54397583972
95328,13503.95012706767
100363,10168.135
87672,9282.03390144975
98994,9699.192
83549,10826.373052307692
96370,14334.639521143119
87842,14837.251877289274
86297,12397.5510991009
96716,18599.53949143574
97492,19358.852524437756
92786,11712.228
78254,15836.755706431997
79291,21312.941134395267
96050,19080.35696903458
82240,22526.321376218028
107938,11332.228088888889
85258,11046.45268013417
92512,22580.172
79919,29151.8310726061
101410,5886.552
88700,18145.08804783692
91847,61541.928
101835,7840.830589230307
99878,13327.29785867703
96318,9298.778
96245,17320.0600941103
96194,22424.559478401126
97973,8757.067469472904
76985,23541.722979320675
100002,12840.99122864281
91364,21879.124965007417
106980,8008.888037414965
76285,19215.223030870053
101396,16087.909887695654
83368,9050.048146718149
92820,14652.337271359142
92264,12351.124
84052,8209.676
83928,10925.747070713327
105324,19180.99956791104
98502,5470.375303258145
94457,12955.087694726513
79073,21058.341299346404
92738,20224.972
91008,25561.376
76447,30037.913809814683
81627,18340.1290164452
97016,11231.586738552573
83182,8551.895202254946
95791,34627.8666911422
87449,22162.963366790493
90013,24570.999804094492
107223,18863.02816167272
96785,18324.86017142857
81473,22225.233692240487
85403,15496.260622222222
106473,11558.006008393419
81568,20487.145066666668
76748,15351.830685446548
77020,18731.589778289723
93210,30515.867320519428
103955,8687.3724
86509,15079.817786055633
78291,20376.443250157154
88895,10206.810895640445
98026,9428.920417586362
108410,21748.65547473738
88039,9052.154461686898
91193,109077.948
88087,1825.224
88708,16243.51097861569
98485,9665.551165866396
89847,13838.373141660077
81318,52211.272
103971,10921.538313682973
85649,8738.154306349206
96137,12742.996421834316
81112,22269.14221801727
87825,18580.950428101736
103890,13300.518998989899
92845,63949.072761904754
95649,25891.34274019608
79000,10277.044
91668,10204.83861285178
94544,31858.55699924944
107024,18672.30809006892
79725,11824.657733333333
107343,20636.07113016456
107612,17272.65254149171
76647,10295.052
100922,6958.4041512087915
88583,10778.522870536848
90425,16941.644733092115
86258,9274.398074789915
81973,16741.34069536068
85370,16433.793134755688
107854,9433.712
78195,12216.688
82124,32606.90408796742
79050,15413.873832331967
78880,29794.976582225616
88596,17069.568967010775
89033,11397.539965975337
78792,5434.204
98664,21394.647070234547
78544,11552.908
89184,10695.381229653662
83109,8365.558973158348
101759,14589.368
87164,17780.07058974359
104156,9816.49271764706
107607,25911.617661882443
99705,7832.274890047774
79398,14934.168
98401,8373.946001848886
91911,24458.815569335216
88175,8501.746313003097
77275,23289.094229195976
88946,13375.037336555046
98293,8751.682612484055
95991,19769.329085922833
82196,13570.220588641956
78514,38202.7593
102853,13882.801640493042
93984,21440.568721122647
104689,25320.730663467737
98534,10489.390557846284
98744,13719.177967831156
100456,7388.512539385857
83468,10044.44090645474
104432,22105.194681077206
86752,18700.997178680038
89762,7252.726496225885
82788,19499.98670445331
105604,12222.872965479835
105490,11914.848660606061
79447,17114.147880076307
107405,19106.725333333332
102782,10998.988241214187
82786,9903.025230152887
100557,14634.059549832027
77711,19650.780972883425
104935,6875.097155653836
90750,13028.976
94396,27133.423
99628,15345.758129133961
87360,9186.86450120551
103238,9910.701116442599
84883,7682.369083333333
91450,25627.317558571038
96221,8003.113206013393
82400,22986.92350769231
91940,9734.16485263158
101320,10278.143242570826
88653,7416.63639952381
79446,12887.572
92672,34220.66
85552,15734.108018181818
89858,13106.627155555556
96610,11877.964518047345
90447,6969.580510517196
90357,14311.969633982982
83266,12482.364642424245
106259,34199.27131938014
84489,11787.840416666668
87875,12502.921753030747
78430,29372.588463261116
77249,16592.628
84094,11186.809820739973
102218,13544.16998883958
97151,19648.68807144785
102064,8434.383199999998
97655,16330.538768400074
97387,10525.568294434022
97118,14028.835856449676
101804,11907.46
81888,20684.12550076805
77455,24870.64290009282
99638,14173.971095238096
76845,12773.1357205155
85493,7449.709901991933
99781,3745.052
79322,29694.427624290704
96766,17803.7622
80513,49569.94347229355
83907,17709.582
93217,18838.24960984427
77426,11751.276
105044,9238.346266666666
86573,10029.136290577384
95251,31779.828
86098,3854.017
93674,28154.376
104392,9716.657898528832
82340,23507.180808306264
85899,21945.193131355038
85579,5684.044483461313
86725,12311.067432712216
104810,31976.5
94570,15282.723588893392
89607,7525.931090533251
108478,17974.750646996996
91464,26256.12679913249
77613,21267.002722437766
83067,6302.732
104585,23114.0725
94473,21279.38009504126
98756,9826.153733333334
81199,22050.974514400386
83741,15863.349657142855
84972,12350.14375873016
87486,13600.210311903305
92290,24892.66604444048
97049,6719.367388295873
81960,28748.217625044315
85765,16306.754084059432
81319,19643.33158072328
84335,10062.197146031045
98897,8091.869252898341
83649,10938.468761904762
89567,2759.0
101958,10016.411948668223
108211,19594.851055830823
88326,12864.399279228905
106424,17564.68244266466
90848,10240.48
104944,22945.01852378178
81300,33028.048
76804,135405.452
93569,17703.076
76839,18547.072
92611,30519.007403391588
76006,22195.361206391295
86953,9944.458
107767,18049.519997145864
87949,13629.585714285715
95782,27410.139075603875
94414,32544.351256751615
98483,23490.645646615994
95988,14534.728
98640,9478.75338701461
102899,4470.728
79367,56938.504
88430,16410.417960773557
79428,22091.91509694463
76247,30714.169027316846
90955,22950.152
100711,6350.917333333333
83720,18836.253381818184
93618,23064.47114003167
94754,23338.956
78740,28605.732325
106522,22165.055207027137
90165,8178.6847968564825
99615,6253.492194076527
88112,10548.241035079367
90759,23791.59163449624
91835,13903.992
91563,31103.672
92736,32847.656
96939,20559.83227852567
100301,8585.458721240933
80143,19345.471146510605
108141,10414.706622524818
99743,6538.890578718873
98627,18203.53061232928
86233,11973.892
104568,20903.070001656968
96489,9118.803691740788
79018,15979.176
92173,25600.172
81198,13918.554616958136
102450,11590.0536
105038,18707.312
93284,20846.97030152504
85848,15868.018849914237
89587,11619.012467093517
91457,10675.769957557139
88804,8958.538955919343
97228,12151.833773930035
105841,28505.665872393398
107331,16812.42671583847
81008,13324.421443578643
81853,24533.47429413287
103283,11299.17019047619
79036,19692.694976
90376,15493.870702126638
97271,6658.990231895432
82967,12065.499726495726
83663,6818.030086956522
81640,19970.32857142857
99076,24959.272518042344
107790,17241.019479726197
96460,7468.844991713845
88286,16811.34
86545,11313.503074169228
97634,12846.150666666666
94452,16353.904
94409,20904.87017218003
104877,10154.499445378151
102952,10781.966386116092
91502,16127.976
105695,7377.696
78608,14239.208
77384,36851.476
82188,22108.064722896055
81054,15790.017217652596
92709,20814.895331066946
98260,9996.513532727855
78996,18729.662915151515
103868,6992.102
81809,31411.521333333334
84251,10966.176767459501
103762,7137.013788908505
101479,10273.66768549678
90533,10052.342781679412
84636,8253.199259680565
103208,5961.4808571428575
90274,8611.269333333332
87517,16435.591553055125
79671,33588.466962028724
81486,25617.678822148395
89338,24293.242696570225
76912,13200.576
89675,9291.14344
101294,8083.201489416104
98316,9248.618681819367
82457,15760.644
78558,23298.368
107933,11538.594108671174
87555,17614.054
80873,15276.266726498583
94717,22794.75
78922,19596.288666666667
87376,10931.056115493442
79203,22169.976242424244
83801,12951.051329605589
80314,18914.913090138416
96011,9328.251041162754
106585,23105.714316239315
94122,23721.25051792292
101723,14785.773599708307
95561,19766.64021011122
82751,15661.556476206666
107424,23078.391868382525
108316,23602.572884442743
79229,8074.224935286935
104835,4028.004
106289,11467.940666666667
89876,11501.791695823664
96917,10415.259636775423
85982,17552.19
105023,16058.838225698199
76749,29440.283972682853
76453,28086.904
98954,8990.876948260757
101783,11058.081025393427
96734,6378.719279899376
76884,18229.04
84277,12509.859333333334
104756,10436.803468294576
89268,18922.971369871797
78955,21006.8997910325
99279,4714.196
77361,27921.044
97823,18861.01522119741
84313,10931.861753137598
80520,23119.95511233967
105472,27653.10009976748
77671,8974.484
93098,26881.312
86559,16168.389054191768
86582,13029.835155359806
79414,11335.884
97179,13739.180571428571
94617,20005.525666666665
85780,5313.266937322909
90904,32917.244000000006
103178,8591.936993761625
105752,16914.998545454546
82636,2327.632
81069,17399.398328338502
76784,3495.372
105061,43856.92637142857
100732,8316.5447766607
106562,9849.04352
102833,8106.216728448377
79029,17865.99885714286
91944,25855.984
99849,7120.954394912517
85213,19315.475618089687
92653,19329.035570478172
90824,8821.304139287222
102752,13208.714888162496
106732,19705.991352620556
77076,12393.217454545453
101825,15014.168332008632
78920,29571.10877754144
107404,15140.58214068944
80053,8899.145444444444
108062,10011.478033333333
88256,16348.288228571428
93809,29618.743776524123
97342,11605.541945498973
101308,6118.872096459097
94366,22610.61310793651
88228,9879.85052475278
91471,24246.12108596824
92294,15519.376342245989
92018,25446.856
77448,36972.966666666674
91091,13809.528
90892,9886.379515151515
93754,31751.728
103644,10599.20614638644
101170,3859.210666666667
87238,16068.895187514241
103651,16668.96
108015,18106.0573351842
96704,8692.351066666666
87938,11688.133049150216
82456,11293.750319099943
94735,31629.933505726887
79831,18844.57624302083
99435,16972.98377340016
77407,19668.098489373584
105163,14156.176
90450,22566.376088682246
101144,12701.428
85101,11700.474233528656
102152,10238.318800000001
96445,25715.115646886767
93062,46705.11394725246
100172,9248.411563153464
91519,22218.31314285715
77563,122299.0
106245,15076.915715355228
78606,33754.21088888889
94171,16872.51476923077
82263,10725.647649484536
104528,6535.854677086023
90918,28636.003
85512,12682.376666666667
88317,10692.011951611286
77807,10647.778666666667
96992,11501.92347368421
93802,22301.23
108022,22806.71185079365
97029,13175.26933507395
92027,47543.346666666665
88331,10524.327402232982
81387,13106.539656795867
78465,8930.248
104119,12292.543204208157
86438,8509.467333333334
78315,13245.008
102212,13927.221648924564
83625,15874.114993764735
99983,6070.687490831975
93838,17781.42836035824
86485,15507.328425150225
99164,16690.83570120837
100640,16165.181234042553
91693,25894.32595831171
90195,6490.380760176904
85076,10169.717270569014
83090,8525.098082752544
84161,10636.624024618197
85985,16193.458666666666
84759,9951.579732567454
105838,7160.570014440865
94748,20651.768
108188,14164.270607379274
94465,17042.248417509065
81856,14167.282845242064
102715,11288.603374569067
106448,17064.27051146792
103923,5054.848599999999
79482,31840.795233310215
86062,10790.831657142857
95217,20268.791759550917
95712,45063.38747244446
98498,7727.20054396699
79175,12119.17871111111
82244,16842.9897039402
91792,29673.997285714282
81626,13104.152
83185,16643.441605296666
83134,12350.787317071086
97667,11450.784
90780,15632.923421943111
79383,30233.181723133348
78440,34541.11175931881
93657,16375.09143148518
98771,21514.249562684876
103569,14042.382130339729
84696,24549.53087096774
104235,22778.57823255814
89916,14630.936277316925
108238,10369.084306666668
97737,19796.384
95184,37061.38933333332
77985,25124.964
100680,14605.4444
105919,32242.421670211035
102177,12049.648751776167
99133,6734.372039928968
85097,8648.003076923076
102464,7400.110958725365
83036,7437.4637638438435
82142,23099.651218654817
92118,9406.324146309324
79734,13380.903845029243
107861,18686.599587153487
98253,10190.533415867358
103183,8350.525844124679
98112,10948.033599999999
82339,21305.53898162914
84875,16984.014088098473
99774,23225.788945965294
101808,5830.337333333334
88731,11273.884740081667
84055,6651.826873216638
87777,9266.579361149761
93362,15468.5046
96195,5922.043067760259
87650,9744.76549829285
105329,7418.209000152022
84167,13333.610278544664
79667,18972.388
85111,15363.641397403251
79561,19140.391677931562
81753,29920.228038498226
99584,12481.00055843018
107389,6381.8863555555545
77634,60870.516
97353,10829.712492998431
88362,7937.749223160156
78923,27340.00214285714
78687,29576.124
79611,12466.17182911825
97264,7326.063644977863
104372,7581.317499862139
88340,7571.885438631544
81409,12789.098542654938
102716,10497.094973317522
100489,7494.045293931326
86616,9649.678102113865
96450,9885.408447876955
103898,11535.22
78965,14704.659971381228
77910,16923.188
85534,10483.084156862744
81814,19289.838301766576
88537,14030.437920711347
97930,6859.909272282975
98346,10164.751002645504
96397,17220.18466357239
106812,35482.286666666674
88599,14375.864106001669
102760,10319.51400678892
94884,28412.581513578447
77319,34056.17685215944
77255,10021.73
79483,15956.825552005012
93869,20098.819
78283,30413.729796366188
79491,16681.92675177305
79679,16859.18
104817,8692.908055164407
81355,46260.41644444445
102513,18508.339231749236
102311,7675.4694018225355
94639,33248.02533333333
92057,26964.639720905954
108057,9740.302998039217
78415,27495.953999999998
91755,17464.376273170583
94507,15972.304
77368,23902.349246035923
88838,13375.0177668769
86482,12002.176248067508
103032,10494.30957062374
101482,11319.0773194899
95744,19698.536753993583
76424,3592.028
98537,14827.76762099394
100039,9798.580858856863
76025,19244.427999999996
82426,7129.841133333333
88387,9935.122384057971
100785,12221.096
84030,11063.589049099593
107046,13208.891145454545
80159,9682.07808888889
81743,31522.120677973002
85348,10738.603655196594
79901,27341.16876046086
108373,19515.901818530132
79436,13869.462423651574
83626,11714.352
84211,11265.880740081666
107879,9487.999223529412
107245,13945.010501528677
102868,10556.833651287907
98034,14848.998811440097
101634,10444.624
78902,20539.735822248254
104908,25564.748653330003
108265,10036.8537952381
89613,16015.800511699099
100852,6734.528370747019
101045,12833.303276029346
98194,11301.390666666666
87876,9996.413341635913
88436,6945.928326458303
103563,12913.977485858586
92679,12013.216400000001
97639,12097.936686868688
101310,9010.948876551687
107398,25243.863169126667
98740,7374.166108514631
103081,4424.336
93701,39108.148
88341,9834.221587636794
91276,18165.996547127168
78877,15712.481797849297
100579,2528.528
76474,21963.699983595354
100963,11079.442177873729
98672,5492.729295238095
94737,18545.739005862615
106382,8290.20390909091
90771,24804.52884509867
82118,19996.589110348177
104839,28108.38230203464
88881,6197.874743622363
91400,33724.692
89615,5080.372619047619
95916,35170.54733333333
99952,9599.358898579198
95605,18721.495515638795
108251,12344.226974107129
88507,10730.960333333334
97142,23797.694467528796
97129,11984.181316491839
106320,5051.217600000001
104569,4371.124
86018,15236.039025898426
98054,9032.185754874208
85925,18600.315666666665
82859,10033.302858194631
107329,22486.35273306315
90943,32043.273014528455
83393,8211.893315814637
108091,10916.879013764017
81571,16872.541333333334
102704,9002.3336778508
89511,8067.518721340874
86361,17037.5440578667
86449,9680.929276643974
91048,31772.788324415847
88932,10842.720842288518
97096,12525.804361904762
92493,26332.406733044736
106005,31719.992
92101,21190.763384880356
85618,11339.984505031443
92275,9764.848
104354,7619.658736634497
100165,7452.655034649402
102137,11917.383098183482
92251,13145.820441678448
102299,16309.233333333334
93358,25639.216
91807,49367.54
108402,16024.215441918335
77155,23593.95282714914
79195,26397.62783243481
96974,9407.02286666667
105848,9656.019794794027
105425,10086.614961904763
103620,13310.874930414224
79238,31782.311312907095
82292,20708.364565044674
84451,4492.744
93942,25214.056
104577,9146.756
105690,25515.10074289608
93421,12578.337348455134
94411,20225.984608473547
103746,5895.308
104927,14118.463136507939
105798,11805.523555555556
88601,8682.4778231966
87898,8999.50942423787
87580,11869.627001583456
106294,27430.81349477432
83194,10881.854314529914
76073,18114.162809171954
98161,8534.03067048369
99152,8102.794650001841
78180,12621.436
102662,8001.096
98915,12889.093989184226
103302,12272.840428336573
107764,11062.402128571428
79227,21826.192
96799,12323.572615933086
106081,17603.017305071207
107508,22928.133750399375
97995,13819.02392380952
97586,19537.252353164753
87104,27684.685276190474
92790,42341.91964488143
101900,12865.090657776156
107104,13668.048228023064
93384,24977.286729431722
100649,5846.652
94525,26413.264642612354
103004,11987.592
81477,56955.60933333333
94774,15648.818086923404
86403,17069.568967010775
95958,10682.274
85977,18636.56618979749
106000,25564.98631139988
80189,34509.30694031504
105330,19429.451492862725
98119,13665.13457728869
108242,16481.34657987511
86122,9055.321004945337
90847,15708.029489063472
78649,18321.39308757492
78043,31560.80826133687
83454,17456.576
98842,10074.608740740741
80378,37393.71733333333
100525,8935.537508941703
101979,9409.386177547764
93192,30447.93866666667
96062,11026.80976965747
96319,9855.617781210287
81121,50175.955857530855
96527,15845.693970798457
76762,53819.05034075558
89658,10135.012915783327
97136,11070.98527510398
91941,24412.732
107113,9701.990408628537
86846,9339.740499096024
102674,12728.563531275002
85905,18988.729623783285
78034,11345.95265050505
96919,7586.5236066659
81474,25392.299176318033
92121,13377.616782973824
108308,23660.92271409897
105113,13647.595466666668
77939,35276.256039249645
76253,22742.71733333333
86272,9821.546888431094
103786,11299.17019047619
77663,25539.714
90143,13695.088685967152
83487,15351.003155555558
99629,7775.829691197953
78016,46604.2
97062,15083.087134499703
87499,19374.61972412669
104580,5353.7723500499515
92086,19693.87152039002
81704,26428.48525238095
85458,18187.242430520473
94697,25022.52896883243
95730,24436.84
95533,27384.22
76852,11871.601333333334
83813,17252.188764430015
91465,25509.279320702914
98380,10690.280041756978
86923,17162.28933333333
81159,33565.696
99462,10024.758273193474
86553,9867.84889067599
96547,10485.939285714285
77542,11503.253333333332
91704,27118.04288989899
103567,13816.112
98508,10465.971226395874
94989,11135.897
96305,13538.698768241062
103772,11815.004706872372
89923,10328.130666666668
84616,16260.163185958361
99970,9358.472
100286,7152.198111111111
95785,18141.524658008657
77239,9194.216
103828,8487.328
86204,20098.4399546337
96855,10526.376812399765
90132,9056.9930171892
83949,5289.384
97042,9448.827192752176
81439,3679.56
78200,29465.481381966594
96583,16761.858
77935,16753.052
91759,16658.62305919683
104912,17505.330378487026
95613,15010.64598941736
105447,9758.503136709422
89828,10336.365188560345
97297,25965.6455423472
107599,17554.852843795336
103109,7197.805913498654
76094,13784.696
104324,15488.53855308096
82877,17586.959486594402
88953,15071.377866666668
106644,17274.848071188604
100086,9433.222227272727
103949,11198.412125141258
87447,15954.058005210203
103384,11288.367541827549
108506,17116.29888257959
82045,17105.328079241568
86346,12636.093333333334
92643,36536.84295245321
106532,11160.03107936508
100209,16046.188057009282
78371,18647.268075940272
79815,17863.196
99946,7407.740622842971
85965,9067.630623031544
79558,24482.846131789007
108318,16742.535999999996
100907,6491.079126134223
85301,8392.708318933557
86214,3779.892
76307,13898.876
89487,10029.5
90272,18025.42726922201
92470,19465.634100983712
89056,16710.648
108376,12867.078666666668
90393,16894.885
90202,7932.364888737787
95164,17174.97570028991
80501,20384.36572635291
80614,27945.53696143384
86354,9845.886941668825
103851,8047.796471520145
91517,2919.524
80179,31744.891409674277
97710,12873.269665461637
94083,28809.58
83733,9092.87536641604
105032,19031.381632826433
91064,25924.528
94799,26944.321720905955
105548,19645.764678107644
94248,45097.232
91984,26660.261258937215
105390,11289.115636363636
84137,6883.041625294382
84643,8615.331585901027
94173,30654.806908319748
89789,14886.260026966838
99329,7739.7735031511065
107125,10473.512136363637
81011,10967.942948659005
92062,54833.96
76630,20770.878
89022,8874.448827297023
91463,29117.78372115089
101563,18859.037572170622
104307,27771.825197021157
95572,18791.400169096723
91019,16039.88676923077
76966,19965.64
76916,31160.634947722745
82319,21577.36
93863,21172.84357451967
96798,30074.7087481116
87072,17593.50930949085
92771,18702.19647557932
105915,9050.066670995673
106830,13217.123333333333
88798,19659.01613167943
81750,10874.773056838656
90415,11041.4701
91110,26544.774444444443
82187,23452.881129411766
102386,13889.983329243149
103517,7140.482715789473
86270,30136.1505
83526,13051.341846713614
83728,14809.341457779847
76878,11560.45710769231
99712,14571.069816672296
92556,10446.032
89879,11825.972
85276,7031.535657142856
85272,13597.089714285714
82645,10418.244843356782
81445,28385.08837254902
97841,15528.392153346344
97088,16768.536
87735,10250.436110455179
100748,18281.758962675412
94315,38297.46333333333
105218,25006.889436178153
79295,22084.515084143284
85482,11133.424639097744
105112,10785.961595337214
98458,12267.471619430211
98177,10096.550256127099
92392,20238.08247187675
106885,9430.72
94239,26911.668
98355,6144.617478152619
81111,20596.13854464797
101464,11674.240619206455
92070,24402.064333333332
98707,24123.587815944975
91095,18342.966847889897
84486,13040.070524531026
82898,16264.606066328393
108233,9337.696083343642
80001,28156.43286333493
83538,14130.21629571949
88563,7410.592662677322
98871,10184.614158115242
80645,59845.14677682608
82054,20721.832584680225
86397,10545.646254946636
97865,14453.533246372674
81700,29764.882170766487
100417,8536.621416666669
91017,20332.323958488058
95218,23476.922143749318
105519,10288.693398460151
98097,10188.903634633658
89232,9568.272716165953
104997,14549.185602209538
94952,51993.76728638143
87017,13521.437633333331
94876,32789.23150476191
87741,15593.868052879743
82776,10622.260641666666
106221,21023.023143180086
100602,11932.678875453921
105337,12501.136666666665
94476,21854.832373934318
82899,11093.663600858206
79145,35586.78677131313
90481,18733.66287251462
92396,33114.804
94605,23460.858334419954
101668,8435.902427771089
79742,9821.390001587302
84465,15783.604
86828,10740.864664446282
84944,14619.590813046896
93680,33070.05869904956
85778,6893.383400000001
82841,11132.374904111797
96597,30982.841091516777
106852,9797.984918039214
88003,15307.635709870816
90461,9163.533232469219
91184,11631.914853768452
88055,16705.628
99180,10265.361057471264
87766,15995.648379227743
86691,14004.589199808708
107751,35493.988
94882,32451.203198095038
78637,26620.547241033953
100601,10552.227279901175
106271,5682.612
94355,26143.661307525737
103261,9470.794048304022
84449,5137.178
79799,23358.52935902256
78481,13050.632
76569,29288.408
90516,21802.221385365407
91054,29794.607471033712
97435,7877.058999999999
91203,17716.03014907612
86130,3693.4936000000002
93768,30385.977
95494,29278.963793195115
94319,37684.99560199005
83638,12208.35264162376
82289,38998.129045454545
107990,15140.72793655757
76261,14245.228
103466,13843.052345923616
91403,22326.30652881877
106025,15585.42509879274
79465,23430.712632160295
102871,16768.585063793103
108446,12489.107230769232
107305,21121.631680163708
80190,27434.15102783391
81649,8650.452
104611,13045.490902886148
79821,21837.676
106756,10292.699732414369
94209,31103.466431665325
81524,20347.48
102947,10650.663601970444
87868,11348.276300655049
95933,19669.969311071243
86850,9264.173105883303
108381,15634.662525915504
88771,6125.4712440148905
83105,12468.456540774177
93264,40653.696
93240,26372.054315789475
94060,29776.15502697898
95003,12143.832
105812,20606.264921080146
76675,28698.556172110668
91421,17340.550969163483
102047,10543.585666666668
76316,17774.38003612624
108385,34068.772
80043,20228.50661143238
80122,10654.767096088877
76885,11271.128
100765,13516.465927157982
90748,6786.386873489008
90799,14668.894479116441
98792,11971.684
90085,6736.675835917778
96967,12974.596447740561
77008,26057.504321776374
100132,13347.79820796924
90720,16648.637213666072
105966,13562.297610389609
75981,15615.156
83312,14335.470361667074
106478,15873.638975633541
107800,14059.885847111647
103769,10853.469984133946
91814,20614.77417962995
92683,24919.152
93319,25884.761275803605
90670,17028.953403276766
105982,18473.474090328004
96565,11761.40007793881
89299,20820.127874787002
87406,10129.504582384672
93260,46952.852
101201,16516.683325355683
85414,15270.160062626263
87273,9697.993096149637
77653,17972.528935714672
94848,23927.006100846924
81983,10888.32030621992
98927,8420.808
105078,16732.849341572877
102825,8071.352
91211,17908.14263003663
83862,10032.454786498525
76624,12754.40832980241
96502,7684.869942022083
93149,31198.850841766103
105761,17102.913387413904
81327,9882.050945088547
76688,12823.492028011202
99302,7776.708855911727
89052,34497.327758853404
106892,20873.689190677967
97157,14812.419666666668
87715,14368.24590314571
104669,19524.251173636996
108522,19111.4055968254
104725,27160.569337229153
86473,11655.154666666665
107402,25769.215518534536
99376,20008.02735490799
105473,10100.345333333333
101761,15989.560647687378
100229,5354.397142857143
104122,5590.431957894737
103433,10398.7
95259,24747.178315789475
76691,11925.078144721836
81526,18496.478222222224
90817,15233.394455388987
106577,25092.049699690597
105900,14982.110407169508
86342,14530.937140318189
100902,12700.504840449827
84715,8942.459443938631
90605,13847.462377448779
80255,10209.928
84484,6714.582086956521
82894,6786.148203711089
86148,9243.108995024875
100981,6141.760200000001
104559,31408.512
96603,9888.695696316263
79461,13627.855361904762
83864,7153.0366451995515
99364,12730.762675546675
98182,2794.089
85145,20157.196289704923
102591,10542.855962957754
91416,29172.803291367694
89032,16701.089405807117
98530,8780.891667915765
98214,10931.3856
87931,9479.567310526532
90835,19547.22718360285
82398,27953.06650807417
104749,8152.58
90735,13417.570386287343
105444,18803.32
90324,14496.3
102500,14330.654796112653
106702,6329.149333333333
90727,7759.527619086888
97427,18411.21225974026
99844,9081.376400000001
94541,49961.5427686593
84483,16668.59825363722
100773,9542.81302585714
97910,8867.827020232951
97461,14730.144625
104846,9024.31648988642
83951,16812.208419585797
90276,11650.18007538982
85508,14054.3778812193
90153,11086.018006943583
89830,21602.80582138197
89708,18037.581260191448
98504,22583.90785668218
80397,27263.34831454281
76172,44037.409792366634
85446,11411.086584150027
96732,11818.004024242426
90781,7709.440125667236
86208,7996.6551280545955
87814,11798.963066394794
90938,30098.77061232404
91231,24105.037362931147
80979,18568.946712143006
85098,16925.22395876713
82160,50499.15437325517
82809,20506.11173298074
86468,17603.627138963355
104758,6132.204
79772,31811.072
94343,22716.674266310554
91304,28494.79262010037
88751,12745.289126966578
108437,42569.096
94059,30272.841344903463
101856,8461.959585748262
76319,18047.916
77918,30048.312803251956
81976,47772.99568116411
108377,21054.103922355247
95984,30660.782220341178
102208,10573.44
84420,17979.867499943022
103716,13070.152561904762
106428,11806.492
94602,15399.090903191653
101119,6898.778176023976
77387,14974.022593939393
107227,13743.906926095584
86164,11802.5712
85096,13467.568911574786
108198,6547.742111557671
86401,9888.873228885594
86386,10076.539066273592
82726,13477.575303607502
91977,35965.53524688996
87805,20211.616
92810,57423.624
92387,29481.312
76117,13795.704
103862,12423.326816672126
86962,15970.314447363757
77023,53680.348
102863,11299.467782092914
85375,11177.176644907928
84363,16007.473509439733
77485,18111.548
99266,9979.491501587301
100253,10665.470927927929
79037,16463.684695652173
92228,38968.872476190474
84144,15341.953542868803
96577,11172.398204972806
81837,13697.997742409176
77791,19520.9393
80717,15419.279992824597
88865,11709.84
103611,14275.493961093438
96150,25767.787184150315
98071,23198.1215
90964,16210.5100518916
108523,26934.08219747921
89431,11722.798149358712
107595,24988.29040197786
94778,24579.927926221735
91385,18138.025697236462
99288,20452.872433293593
82885,15598.938985606457
100437,10728.924159512888
88938,17853.788618105304
98801,15249.039324318474
107023,7388.976166544147
88675,22356.8245
90159,13530.569552949572
85804,11104.067815755572
80088,31203.962168819216
94929,28620.4382
100421,10573.44
90603,10898.832983966086
101899,11162.59370201197
83201,16118.393346510104
96023,9225.397543957832
102019,10552.227279901175
106863,19128.54711904762
108263,23727.74025287515
100605,8202.173666666667
100998,8139.685
105544,22522.87577388503
104343,8970.476095238097
89692,6685.215121212121
106309,8776.937120424405
86065,7644.878361904764
86436,9142.772722737167
103991,7891.4461808335
92712,36384.088
89709,13862.832358521395
95415,23915.200429275184
84959,19055.749889094368
89069,15861.426353026047
85580,16013.518031300895
100728,11014.573453758803
80638,35854.504903318906
105713,7866.122450482727
98494,9272.204047619049
94819,29655.425605831122
83800,8006.296366259076
91085,16861.620214848692
102276,10639.198736450888
96111,13434.412
90891,24972.843154876824
80010,10655.019463765064
99501,8773.93964951053
105431,15798.351735093958
82161,9613.304100000001
97426,8344.907724675324
100242,16068.438359476775
102470,12759.816836687185
94769,50390.53472222438
83472,10815.128761904762
81138,32749.22782911471
82719,16262.417133215302
97305,12248.749571951885
77744,11682.319342108036
83536,14258.758666666667
85355,9524.816
84273,11490.376644916641
100061,10945.468520505716
78109,29017.44
86119,17192.6504904605
100274,9102.89
90390,15435.64131574288
93338,35750.98453173843
97460,8816.019296608627
87833,12343.170789958733
107064,19770.116
80942,9897.10415359477
87473,10760.735374790269
105869,13373.842012539868
91776,27555.224
85853,15096.988861111113
94909,23311.488833333333
82407,15541.868975163396
97633,11663.065903436654
80176,23027.719719731525
88572,6341.4696957109445
97971,55589.39366666667
88633,17188.940730475704
76234,21243.312857733366
98579,8453.653346663996
90034,16032.0594231045
80857,25704.46826035457
85633,10700.161774617092
97760,16585.78027737857
88831,9911.132444423538
101303,6520.474
104373,14340.673266666665
83512,8455.164996845317
102692,12070.819500838144
87092,7185.21770058654
104305,21363.800773471034
95344,22551.497107936513
76629,27770.594537816185
83699,12199.084
99290,9484.562872526292
93528,32292.336
107251,8394.94282352941
103980,13309.290930414225
94469,30634.09315897436
96448,12574.068
93511,21286.741655535905
101249,17731.423584216576
90543,16120.277428666846
94928,21229.34814143742
102623,14736.739
79505,12889.09088888889
90175,17042.66723064496
77417,15801.4
80974,25183.363012690716
78874,13943.904290909091
103376,6154.595395848595
106490,24071.361620800442
103267,6135.272427619047
92434,28781.296981571773
94016,45115.56
107217,20401.531563878794
100783,5915.06
104306,10598.030616795364
107691,44538.628
79101,23402.133878220342
79607,15131.167444638018
96910,13989.088635762666
104648,16353.428
97752,6891.819312321631
91917,19668.320458206952
78307,34008.65766666666
77462,11280.428
92958,62060.688
92148,46815.316933333335
93317,25554.603303688138
77824,22892.973714285712
81043,17772.49231544012
77339,14540.096
95942,21465.0791712504
106865,17609.564843837426
100781,14142.451899126596
82907,8480.512
98541,28344.99308
99032,6246.058882539683
94935,20091.408085343344
88567,14768.115944533898
103765,10327.1108
82436,11146.56269112586
87940,9657.264974323281
83542,18744.582920634923
80229,32303.582462680202
99988,11814.124
83379,15012.611636405998
100404,13163.343204976
76340,19904.296
104105,8949.23682352941
107460,20794.905433548745
83058,9640.749730532212
87987,10448.241071575616
105926,6341.494210682497
92263,22231.7522
76100,16923.769873684214
98059,11429.889285025603
97622,18368.841708392723
100124,12821.190814653824
85132,15461.75659668084
90849,9470.675708928105
89461,8618.474888513512
104144,30242.06919391441
76429,37135.6555111111
95660,38003.76
93649,21546.225333333332
86295,17685.504333333338
91313,46993.752
77778,40392.85803809523
76003,13302.212
96131,11500.469574758576
80441,14097.444
107065,25750.403027368768
87237,8875.793833333333
79135,33888.75333741766
79471,14052.724
88444,9797.389353673896
80954,11742.908666666666
87030,16028.584368320806
82803,14686.65911676689
92307,17195.800392115158
103846,11120.75310199449
81505,51631.0198952381
96454,10281.511036259579
92723,25122.523193853427
85406,9665.044440803213
94692,22337.422085357524
96459,10453.600776418953
97045,4964.233672727273
88125,14464.454905396567
107173,21037.867893949544
86708,12519.76221389117
104799,9237.23214042868
99726,9082.6992105862
83300,9253.263574025974
87117,10428.844914285713
100398,10171.896853952961
82731,16584.96933333333
106322,29838.448841236463
83937,11149.616040692641
76509,22415.199902424145
85158,11540.30474107945
90411,17044.945994805195
79751,19956.605333333337
103864,8813.208265496549
85183,9668.429169141818
83429,9768.346354067047
104401,7387.507267532467
102908,11425.99608860472
82107,18987.442023212025
83546,16106.611760403714
101326,7091.592
83489,16461.6
95464,11784.43775271921
95312,19586.238
76958,13875.428
87284,7674.921662962964
93565,30058.25464102564
91521,28984.287
103751,12173.190667526354
102806,8187.521444444444
83404,15911.938605804015
78539,20069.60726666667
106376,7722.687
84742,20022.30511153496
80991,13544.965067109899
99185,7963.037192181222
81160,25823.16030183956
101309,8354.817066666667
96620,23269.811203113706
85514,9033.163302085159
104504,10989.253003663003
90442,11663.021560287083
78824,19150.663157894738
93907,8826.830224114774
92574,42409.05546666667
87966,9848.508430599724
84013,7532.802803285487
76192,15927.2224
101039,10506.088
93377,26103.47561904762
89911,10390.071991115392
82649,9227.836803189792
92244,34005.98476952381
79456,21386.34210145472
84577,9463.76054704944
101829,13378.182810530567
82454,10926.503643920405
90738,8258.732
78614,42943.404361904766
105723,12702.037040664374
92281,5065.928
83361,5207.392
87484,11424.932359915465
94268,28672.67818776419
102791,7726.296
80098,45275.683333333334
91058,15728.367379017727
94029,29734.38457191381
88543,10506.918217934675
81670,22326.859859648477
101579,10970.189333333334
78436,17141.429822062004
106875,12272.59920402749
87655,14965.480893223898
91929,25538.202666666664
91251,22448.429999999997
89471,11458.363318414948
97578,6923.931369172932
82672,12768.364033276544
78444,20932.103599338698
100808,11489.96060834747
88869,10996.996841088114
85357,10034.69848657355
89167,12988.698431711711
106862,25418.23559879734
91281,49566.71854860625
87788,17069.568967010775
95287,17367.41008363679
85680,8798.4036
94781,20138.730066145672
84268,12973.438293673098
91867,32485.76141417842
77714,22858.69322176473
103499,11712.225523809524
83996,8464.102496507378
84187,12446.978078354192
94237,22395.909916209792
86917,15499.652294937294
99891,19763.72
100901,9633.368822845054
78556,32512.250423484064
98139,22334.375545414354
83447,18401.85283443568
80732,19397.190099116062
81168,14096.736034548218
101789,4878.260817460317
96183,14727.74
104888,19912.31107781465
79944,56209.40266666666
84752,10056.934397420771
99274,4075.436
101601,10984.424178082381
100509,14571.132
83579,20272.280843478264
78657,15857.609294949494
97894,7895.659036255739
98305,13369.336
81298,14119.364111878875
98132,11913.570369863348
83681,12596.596
103875,10552.227279901175
96447,20287.924482531555
105060,20001.016
79150,49774.22663025628
105628,22720.333954662983
84027,11045.534989151896
98984,23736.095433333332
103343,9319.431952462382
87304,9475.699714285714
92483,32917.244000000006
78555,17284.75937254902
78697,43450.44995757575
102830,12196.525352668094
105192,19436.427398594573
88749,11045.534989151896
97670,20784.229866666672
89034,7497.74418487395
101691,12218.98957205958
79307,20990.764811308392
92856,15848.60518872121
85540,6910.3366
86841,12141.107386554624
78144,21273.736614279256
106175,9501.123897619049
101199,10552.227279901175
106284,13560.10004761905
107920,3330.404
85677,19548.599956105154
80672,26203.0305
87751,12806.7712
81660,23834.872297699894
104608,16759.312947034203
90356,13208.9
96037,19729.220216216214
85376,8476.244643422875
94596,14881.748
88457,11032.66524734645
92475,15145.05529710712
81195,16390.576
92529,40610.716
96471,14209.592
107840,9518.247231881409
84210,10703.57843322653
103192,13819.078997016471
101468,13511.586197274934
105529,29834.459166666667
97367,10406.863666666668
86100,6273.244629637995
106778,14591.489289860596
81881,24888.26
89597,12584.500101957616
95589,27354.511647619045
78552,46149.49234824071
105240,19498.993326025447
83448,11496.512
83290,9445.140486022181
93867,40861.78666666667
104187,21106.37346948646
90760,17152.8989843276
89599,7351.113201506194
94415,14181.113187001465
105080,7301.877310345796
100371,13116.655646871079
80360,41918.08
101046,6534.130769230769
76264,17855.740497402592
93041,25252.192
104160,11415.538933333331
78058,54167.192350188634
93770,12601.97313939394
101223,7294.422830862471
101983,7643.453834627689
98730,13320.9
89800,9539.00944
88196,12731.096737255397
97641,6094.149988259524
103870,10207.0298
84704,6053.86261904762
77526,21486.452
77738,21411.982475920322
90078,3071.622
94292,24524.017819548873
78838,19689.940193812516
81836,28150.898512390962
80276,26806.262138509348
108312,18263.242564285712
107467,22460.002
79713,18931.55705202412
93468,39474.98
97220,16667.278415894183
98297,8771.487222213082
91141,46788.19071111111
105107,14398.508380871292
89334,11996.900919971747
80077,28200.19426681725
85326,14888.426089181285
88677,17135.101747368848
86517,10984.319657083142
78770,28390.501620509207
82840,17908.058611746757
84256,12404.584
92318,28404.504665071236
92119,20236.246918404122
94970,27260.097177195854
76714,16555.9104
89170,12623.823733333335
90548,13883.217468025081
92194,31684.5451978699
78522,26260.469959056038
83527,17100.642042715186
104239,8862.26561610558
98128,27021.39244555016
80712,18746.48083333333
80259,15916.409142421204
78469,32164.865734767885
101923,5355.494807647907
103655,9443.60248879922
101481,10401.715727272727
86550,15652.136046963278
90289,11682.8
86255,12409.662009254662
80411,20649.228666666666
97263,13497.510961022754
91086,6786.468
80675,13450.442621272368
77800,25364.235161904762
76613,30284.353811171957
87002,17064.455638847117
104952,12034.700136172589
94790,37061.38933333332
89888,10731.04397704373
106268,33595.015857142855
76926,13108.900412698415
90503,11985.398984615384
89083,20474.392721944725
92741,11202.112
102911,15720.137086206896
84601,7036.600113540921
84846,9880.679474600729
87884,13385.086447828444
88305,13340.576882713625
85335,11342.93715859241
89396,16536.56737171717
101992,8645.594574887067
90693,15560.48736231884
83262,12013.000199414384
81620,17205.635477270032
88435,13727.713331739495
80013,40176.49314285714
79539,25819.500483516484
85226,15518.739602911866
93522,33122.49458064516
77175,44205.911199999995
104947,10428.665468294575
100869,10091.129213821694
91575,37897.84666666666
105880,32768.88798354979
106564,20457.57172938393
100585,5893.32
107332,10618.41223809524
77295,28179.88806160148
90575,7452.263347388168
102261,6824.538320107962
108080,14469.769681013458
80364,19004.076
92476,9638.47878377037
104078,17309.313916062183
79184,19380.44
107575,10983.984609547859
79281,16659.89663920184
88560,15909.50117973355
84166,16366.323973033066
78054,12070.074
97324,5151.720172727273
85558,15343.199077777777
95710,25384.13469206349
98600,3360.78
89622,16616.499116492207
81838,23679.936
90646,15402.716959156709
88110,6644.39984078884
104085,13053.537714285714
98242,14069.356
106226,9203.858391125543
87500,8508.09467857143
104807,16277.283206895332
100160,10592.456
105379,5658.728
96754,22275.412602278426
84863,12512.953501300019
100130,11643.806041474847
93462,35048.856
91640,10946.244708797652
95922,38474.412
81137,30359.021810072678
78194,10966.388666666666
87308,11524.59273025768
106775,9108.501114754099
86629,11831.668306911479
87659,18920.101346875872
76404,20902.576
87258,20566.58466666667
100560,12117.25191504813
78660,13461.777111111114
76485,18800.506106846857
99545,20609.314
103074,10863.874211255412
77874,18939.071467551537
97514,13070.581625537186
103308,6819.508104865475
94753,30532.028
80045,22145.096
107089,29296.82260299671
101236,7781.761361419892
103264,15365.640987907213
94387,15124.973985910834
91926,15730.042445421848
99972,12892.810658126491
98651,6960.54156268499
94873,30187.0284
80722,3996.18
95907,51265.216
87746,14890.85264852593
90574,12217.943225205712
85387,12999.243290442499
84204,9939.35052481
80453,18770.55147267154
95244,34642.52463809523
79952,14508.61206065622
105770,10926.773003663004
100419,14623.82
84200,9562.396132730444
88059,10870.958116478952
85615,6863.168012698412
90795,6924.857255069657
97219,9989.537596492397
81380,12864.714129411766
78928,17419.31333333333
85613,18989.97988934663
90529,13869.325046744738
89825,11627.216211554321
107431,10013.038033333332
97707,6173.677561677798
76203,19375.40133333333
107808,20446.183064154175
106497,10006.00328156903
101925,6640.865135531136
95434,20172.870627451877
103718,14177.845759362652
103544,7161.070715789474
78735,19447.044
101803,7288.0030814286565
106491,20682.534506282354
85594,11022.873243001442
99930,14487.039341574744
100927,7368.336
76097,17600.439550660303
89406,17676.184333333338
103773,7660.054458377318
107843,10186.019503707224
83507,17011.5556344086
89693,7916.191363636363
101441,10923.940019005362
91438,10561.966555555557
82189,23934.468666666668
94224,28545.446322222222
105046,13230.630895238095
105441,10321.109199999999
97014,5199.7274962962965
89955,9612.139921990702
85532,16008.635333333334
99916,13286.246487799934
103336,11053.583302523937
102567,14171.035959931236
77309,12674.655217369987
95074,24088.696
105279,19734.777151303497
77443,39559.694
100797,15365.640987907213
97954,5710.779216140678
104854,9999.185248850043
77615,13769.804
99982,11328.00272307152
91956,17776.044285714284
79467,25777.377570055265
80293,13495.876780356828
78335,14083.352
96252,18370.848
94301,26170.872583333334
97832,14862.03406383299
103557,12715.677373749395
86997,9604.559714285715
78106,11003.406089393942
107176,12512.948369047619
102079,12096.83644334132
87624,16893.49852979244
108178,10187.931961904762
82226,10801.275333333331
85709,15331.14531785531
78061,41739.277524677986
98092,8764.321346020604
77846,17448.964
91751,21125.17000423304
89344,18496.94268356368
78458,26569.936
90444,14446.232269360147
100411,7113.984
76272,19768.092
83891,11639.701112536744
87391,27200.069333474574
83460,9140.710595024877
98018,9351.269465512265
99334,12874.364
97352,12459.175809182047
85704,16675.250566849387
80151,13779.516
83044,11397.168930879121
98476,7999.2056062419715
82495,22768.412
100766,6254.7696
87429,10545.326210231317
80457,16259.762982711733
97923,14593.67537287773
84002,7937.749223160156
100461,17093.48409021935
101414,14713.853222355183
86834,14850.875648999556
79455,30059.185570541635
89913,8291.59416275672
88592,7523.841206516378
90339,13061.800188585745
94894,31164.659523809525
76725,25254.754666666664
95859,24007.446874018384
92694,14189.612
85619,10764.225643356784
107634,12562.36
101014,7704.2652279932445
91174,25518.905142857144
79521,16551.372582986867
97334,9254.961421779166
80761,13353.79950793651
81867,15184.932
96925,14453.990672137792
89478,7899.009874352907
104606,21031.75362962963
77120,49350.98684637513
94436,18176.902919528624
96562,7919.544
100076,14085.779102075621
100900,8988.907325829989
87706,10205.948545454547
84868,8124.615111111111
77447,11536.498323809525
99633,14789.43626718235
107182,43313.07671314496
103805,7047.61427163363
79968,22338.396022556386
106861,21553.552
81356,27976.804785406348
90962,28144.48933333333
102794,9983.663817625446
102702,13721.999338026224
101649,9488.832571428571
92766,10588.469070940171
95750,9534.012879642656
102296,15521.55523022439
106629,13377.896657137358
98746,12759.538952305998
95417,27389.756
91178,18165.67969430653
103915,7815.095385491066
94148,28204.032
92159,22048.976376703493
89562,10831.256651601137
84575,6049.483
98654,7748.974543102054
96212,21140.092
102653,7774.255251666597
88269,13102.139354842811
79684,31707.254666666668
83922,14223.770666666665
91288,32358.443922378327
97422,13542.630945749363
85223,6044.026
101422,14110.604179591268
80295,16954.12703920468
88778,19760.79708406038
102400,4435.048
106858,16624.21392856097
91510,29316.11501121872
79257,25984.22133333333
106694,32094.984
86646,18180.93086411318
100380,13413.482682118527
79631,35321.956
83337,18102.06124983385
92866,12852.192827329975
93764,20526.701645234156
100701,13323.442290942154
85085,10631.860728631971
102731,5246.688
107928,21744.317227472526
95668,23374.743561403506
86229,11203.854126808756
102872,10541.468001635403
95063,22827.048
86474,28544.016853727404
80950,48156.404
84432,7503.449241758242
78964,8633.5476
86914,18850.98
97272,21775.147497474765
99757,9831.722424791216
92235,18525.269179522194
87764,9798.894730946606
81233,4541.572
91506,33653.811733333336
77920,13581.0
104487,28504.89649292928
102823,14339.58663542969
96590,11693.096099999999
101069,9307.260083333334
82549,10492.602016993695
77585,22378.52883841123
98854,51943.728685432034
82501,13153.165657730478
101386,10240.074838432354
86959,9284.832910905405
105135,21341.49317899656
100304,13911.61892874153
76999,23427.08802395382
93936,15423.496
96755,6068.118947204156
102115,10508.0
81953,10376.2705
80238,45797.792
84324,9468.202032693876
105850,13583.616501328182
86327,8777.055942857145
87989,5342.235152380953
93530,41428.65389766949
99610,11450.578666666666
102129,10958.189333333334
100985,11647.201496605918
76008,50542.004
77703,22109.255873083777
94691,15118.86171519376
103293,13794.464443966257
84439,14675.376355555554
77444,16699.255851142676
85455,10863.65555790361
93989,65411.112
85336,10300.05537665733
100517,14750.524
108179,27287.905135014003
77395,11872.304
98462,11437.526951547152
84943,9584.607067019422
78028,29728.141853774803
81596,23233.681422806196
95852,40036.916
88816,17380.71819585601
94448,28091.028464799256
86470,13477.440601620645
102503,8821.01521102635
105474,8087.731586870586
88119,10971.114921906596
96141,11848.831967088521
85763,7967.77563888889
105011,7466.779393121693
99747,7777.024433333334
108392,17665.183709071818
90949,14245.61185324433
105446,16474.632
95792,35346.75704391308
94956,21372.55236743644
102277,5532.497943532283
77366,31005.5714
91112,19921.748749314647
76355,22263.576
79142,22551.929207954156
103859,4939.059444444444
82352,17502.42764848485
86826,18947.30125465827
86754,9895.21466721818
104363,9658.4906
93154,28671.902
90930,21952.50568588014
107269,17955.270845047995
104109,5247.2428
100487,17591.684
106527,17729.008888825865
96225,21084.501512849736
89925,8638.421513513513
76775,28897.144463358036
83082,18352.016905538203
105115,30754.60270499568
103481,8475.544951515152
105642,21335.572
92703,18466.23722955204
90864,8586.765333333333
96072,7477.304644500478
98628,11618.68477407704
102378,11630.38539812963
85185,10106.177561862482
93707,39044.92111497838
98795,11278.652
97577,7200.827731276754
79804,21605.31104668
95541,13894.011308131123
78568,42509.117333333335
79608,23825.735693471648
103860,10010.172
98449,13788.884
91377,26540.714333333333
103436,6100.8870798779
102582,12476.682001809711
78381,9664.196
90999,17575.130933333334
89764,15113.353981712213
99515,9738.48561517264
89133,6271.584
81859,37563.252
108005,9956.799095238095
103733,10229.132596363466
105155,17910.86565914787
100185,6583.408
102347,12958.724952703009
107943,11765.212183261183
104445,9507.042825152625
90149,21565.88207827039
106593,16177.601280874153
94733,19938.277650065007
91481,31093.61588235294
100201,8734.441814440514
94149,19721.482984931954
101639,3314.016
81577,29747.972831064893
80120,30660.81741296984
85995,8734.680581558108
85199,11349.305969172932
85909,21192.232643290045
78676,22153.636242424243
91948,33445.99459020979
88041,16377.26
92848,25836.258403974633
87598,10473.18094736842
83613,13033.579844444444
85054,11311.384090976831
96903,17379.301461713145
78725,11684.906678787878
94869,33313.971333333335
89121,6369.191371428572
79858,66010.656
89079,15995.648379227743
77639,40620.6
84498,14131.888
90431,15463.280783365139
80553,10402.419199999998
90257,7305.520787437139
91607,29360.902954343488
82794,14144.889562845712
79243,35488.66504761905
93687,20941.958353218368
91774,31316.172
104622,7338.388164666408
94152,5141.132
107441,19416.196
96359,12656.7382
105873,19067.892333333337
82415,14249.565375417553
106807,5977.976
82732,4626.724
105350,17442.024391622384
107206,12213.568952380952
82693,10928.168707000346
101998,10291.60947368421
107032,22270.721010012214
88200,13368.093950635499
105801,13032.561750845944
86649,10692.011951611286
104334,17488.10955136389
101972,7350.298834471683
99530,7648.643217017682
96201,13972.554601092366
105972,10346.368
100425,9222.807408356191
106763,25785.893288475927
90434,6267.154269403046
88690,8964.028
88747,11065.78
92158,15506.29787362572
104298,16023.0563507633
91527,20608.493615308736
91731,19649.445
89575,6649.032443996265
107525,15894.51747335936
80805,21026.892787653538
87001,17275.490892986687
76256,29520.910228842553
106726,13702.786735619395
100912,14564.438445210577
78223,21615.1028004884
78232,44704.144
79424,19049.750955646075
83551,12027.693312694568
98945,5792.190555555556
101673,6997.784654545454
108525,12461.516294101202
92543,48309.204
92373,18561.10510734351
96994,1650.284
80957,27504.091924984554
104185,12239.109333333334
107318,23861.038718038082
89348,7970.399644444446
108046,22219.152133010608
107385,19055.364
104247,23371.59457209717
79675,19821.316
95374,21536.11506693168
108422,9868.565111111111
76584,45582.30693333333
94645,14865.613363794282
87779,11256.488995365306
76043,19384.53333524608
101605,13176.535814065324
83501,17812.114472958245
95444,24130.828746224706
92724,43847.568
101099,15087.03876346431
105469,7846.401333333333
78289,30949.94535648658
90064,13058.993397301248
93527,14600.168
102951,12254.999591584032
95138,19231.863057274426
90436,20271.589214489726
86900,11240.57610922404
107779,20045.17992327829
98096,7185.821818403038
89305,15675.205956977343
81735,14136.328435294117
91537,17773.944943844865
79302,13200.561852822377
106769,15236.071435890248
105306,12414.24273809524
106670,14511.969613509886
80113,31468.672
87168,18980.24230561148
90710,6443.21285801205
90995,15036.080999999998
96388,12991.069183260382
88029,13556.448713365511
92389,16173.554909556393
102649,13295.94416296845
97530,8372.82405125566
88501,15479.855294117646
80998,22241.60393655792
89624,7845.0035415809325
83063,8527.959822222221
90128,12770.229086832336
104897,7501.624
85490,32857.04
99453,24050.094484848483
107743,12602.3456007326
105662,14930.890266300226
89186,16857.238715666957
93355,26031.336
100497,12694.672046057254
104389,14828.157591191362
104476,12320.432809523809
94822,15376.533988512705
102639,8978.704372497832
86493,9033.372361904763
95602,29804.423158279245
86924,7691.768469115233
81852,10579.174986952421
102319,14841.818872735897
107863,12882.211695238095
82938,13937.255000827188
89666,8101.714208879857
92812,28412.744
97393,7830.463449462365
92386,28955.049134553476
77152,8925.277
107259,19975.467688140743
90094,8222.692191253775
103704,14700.551549832027
107194,22839.617202405007
86326,8853.4436
84993,12436.353004140787
83853,5388.018107794373
98484,24401.96597372235
91880,21851.702678790138
89715,6649.93745967366
101393,9039.63831321189
87375,11057.152255590276
81722,14978.374982024352
91249,17490.835301993324
103603,15444.393150051294
96576,7881.502769479631
77094,13751.665090909091
97706,17600.304609523806
76932,11899.335598388756
86648,18545.700770152544
95671,21437.573187671293
87831,15397.933320320946
82577,10825.004685471831
87475,12109.877555555557
99557,9888.78182437849
82882,3110.802
97798,9619.981828054299
99009,31828.20609968017
98120,12675.83362139216
86637,8995.095802152298
91310,15816.111590851071
101677,15292.472217905073
105146,11179.59708135581
99727,12640.232
84169,6915.786
91121,17920.301335405336
87151,13492.346874831162
107732,20956.62684111106
77136,31038.284
77148,6070.28
104946,12979.902199711401
88249,9364.592779203305
105127,16912.75945271347
89504,19421.310660620336
81927,33691.03634722222
86452,16945.221954679437
78250,16193.944
85921,28261.52330296397
81378,12174.902922409863
106286,16935.27345454545
82085,16193.366007646597
100957,12107.870750242388
98903,9746.13192555446
93994,28843.044
95727,44806.39144279398
102483,15365.640987907213
85566,25035.795810871823
97406,6834.043565375893
76120,4504.092
101642,9561.029840929172
86245,7734.18
82830,16830.6871884058
85386,11279.193927693885
102072,12869.867024916366
81015,15799.107168689776
76016,28953.772
103157,18302.024
85980,14625.788967915918
107548,21209.50352013891
83411,17505.29917850435
99745,8735.774612484054
103338,9129.018637314319
100366,10578.6331551453
107718,26196.714668490404
91888,20843.36560804128
106559,15770.4656
102293,16074.0134206642
88007,17071.279344094088
100545,13811.536
81498,21330.40473584882
81632,51434.468
102626,7063.411614380712
91621,19019.557075297533
88591,7695.719961904763
87743,1712.204
79289,36890.438233333334
79813,30788.604256510072
93561,41114.52871610982
99218,8194.042560418913
83575,23790.18664761904
86909,9795.382298984447
81952,7612.556
82101,34928.4103295212
79912,12536.990415584418
106129,12792.239333333335
103614,10801.276038693311
108271,10451.448122524816
88813,9937.538230318993
105533,30888.627801773357
97693,15766.31475248495
106423,8190.326
88858,12628.104
79568,19967.54
78667,44260.89057142857
106744,19717.388153926506
79183,20675.40691428571
92329,18936.366327731146
93551,77066.856
84807,6717.867648776556
106251,20982.95526157489
86816,10667.708007367883
85547,8785.729172794516
101577,10319.925299479877
103281,7957.779820685112
101919,11255.968749524789
97281,9433.925307019832
85353,21318.094140757697
99143,7213.049587471457
89606,15391.5416335286
108144,17265.240805716378
94628,20401.23918930933
78418,29307.370313603347
90238,19388.872302818054
97412,10113.385781639929
95368,22148.632858820696
80945,28464.725874764124
101657,13445.482554545455
92454,33590.195142554345
79075,11435.124700183824
81257,14907.59305844963
99019,8645.911206349203
91946,8644.544
100356,7709.327578916051
88464,7069.921461480181
82081,16907.977481027665
97199,12511.17569808743
99762,8387.776391550573
101497,7150.413652406163
83716,13237.44050485328
99067,20168.367
107895,19128.776
84198,3516.624
106770,22381.192594771244
87767,16266.66
102945,10441.868
95956,22192.267996040504
81644,22048.262087719297
86278,6991.575599999999
79399,12119.572461192607
80474,17290.78942220008
94588,29436.331514285714
108471,14276.526986458706
93417,15364.50203761424
104702,23473.147491929034
84151,5971.006459976795
76589,12919.86
104490,7740.848
86365,9409.40012573203
90620,6050.4289724961545
81071,48758.69631935338
92311,26551.130666666668
103019,6479.456891053392
100231,11528.717496605917
83298,18741.663666666664
97958,20398.39323809524
95436,26364.67108638368
85413,17127.842042715183
104619,14493.897695796688
84835,6985.342076519085
86314,14896.541765854068
91780,35662.22266666667
88338,13277.986878787877
98012,9869.045038667535
91161,24027.090797385623
108156,6766.613834095674
80607,17964.9853246321
105607,19580.211420417156
106586,10102.460428571427
93442,11096.041333333334
101779,11599.128285714285
86324,11466.906547368422
101056,7479.284739393939
89524,8991.797295092802
96619,6430.511059639544
102914,2571.728
105085,24441.056278517746
88414,17122.801149494775
94174,15496.391800000001
77296,13050.886723741804
93567,16552.484042224303
90823,10789.740768340913
83440,9153.27960781441
91053,19215.82542857143
87349,16499.9104
93853,14523.448194441688
88334,4914.21
97251,16225.343905034215
108429,26459.243124955658
90331,10135.36774150152
86234,9616.594934592214
102632,7687.488476099484
82553,7868.113090508638
105227,19063.524766112805
76476,10739.408839215686
99277,9355.564998082164
107214,17167.475335963387
101622,10089.470117972574
91446,17868.92676923077
102009,11004.666198757765
87852,8326.646113459119
93868,19863.61533333333
106100,21898.344634497756
84477,15744.336444444443
90371,6334.754
101643,5039.658436208236
92270,31566.961333333336
91036,31995.377343229906
93120,12675.128
96986,11512.508130132386
88712,12883.263589578593
107673,10637.748
94689,48877.94723099292
91664,33330.63966666667
101139,7160.828
100211,11256.903924892636
84843,14125.860872616322
99077,17668.344
86601,10551.807584883629
82207,28907.726
83457,10309.438791793711
78306,38345.944
102397,12576.276580904954
103423,15606.415404761905
105818,6912.166876819031
97146,15689.013887030178
95680,17690.32241102757
102459,7500.242957269397
107092,17515.284
92734,41927.37552010211
95647,25621.404806215094
77576,13093.505440909092
101530,12931.234521569339
87264,7320.924740740741
88978,10645.46042177286
86197,7922.417005439007
107810,22445.44904721254
81681,18281.709618802175
105951,10226.015636363636
103476,12629.616909623739
100268,3300.9144
92647,21807.091751217227
80498,18644.45450240049
90634,24705.337378754975
86670,17082.545032505986
108110,4758.122238095239
83881,10934.435963490025
77006,14894.157333333334
83528,16000.72927856854
86178,7425.106530714774
105430,8000.636
84321,19312.26453535541
90491,12178.164916394393
86339,15603.47284100378
92286,29060.463542392932
101926,19467.81832727273
106776,16989.857333333337
82619,14257.633593062816
79817,15598.108110126974
79626,16087.605601626015
87043,15138.888681907669
106571,17354.46361083962
87059,16812.250311095417
97729,11941.219589374345
100298,12383.484095238091
98256,13002.46328152323
97907,7483.921683619776
95953,19082.95528101705
91657,53630.916
101343,15045.532
82111,61459.81428571428
108388,14025.109966666669
88818,16147.923563922044
77029,28767.521433509482
104074,18778.296777517564
86201,8652.82581074481
81545,14797.620993425933
87713,16688.99565485979
92371,22196.4949807022
77156,11111.994117647058
76880,24018.812192363286
88282,12893.248
96654,31469.74828595921
97866,26997.586141085885
90293,4852.555341167262
91292,20007.56483576339
77320,16533.69655
90383,7841.323962276111
100241,10726.098673528591
107973,9874.573079566564
79074,30269.358666666663
92862,19709.01517638738
96379,13086.292648484847
100683,11061.344263488665
76236,30509.800966666666
99113,13323.4
100305,10796.74546952892
86570,8533.756392268022
93251,14174.996
95890,16751.45906433796
104632,25368.695221075002
84213,21729.336741050305
107818,23207.569488935893
101521,11140.390217862981
83053,14720.168511946467
92890,18880.297963679648
107449,12792.325166666664
84022,9756.201043298915
90915,18820.65228937703
80324,48251.38063069628
81352,22008.714666666663
94642,18289.87408726159
76123,28295.039012481593
79202,27197.65331474002
104174,25427.111847274915
91030,25499.842332000448
107033,14145.180136732808
102759,5051.492
102192,11867.685322934918
101885,8508.291188179257
97716,15932.184575444931
81631,13816.034965081155
81759,26693.454093370685
98702,9905.911596397498
105784,25512.93562307195
81817,21371.94469244888
86529,12877.249866666669
97857,9674.301192026407
82820,19154.549457386776
79072,25348.154
92301,25927.14471523477
80309,13050.450567495645
102835,6490.136
93599,18223.943703703702
90253,9077.708
92875,23879.303733333334
83698,11087.65145556413
104398,50276.00166666667
96860,25804.292575872358
105925,30413.383168253964
97861,7049.152806231288
80226,22352.001237922337
92699,19832.443484014973
85949,7716.430341847043
92215,28754.948
84214,14998.33667777778
106157,14046.109130303032
87047,16375.589930916645
102413,10905.476392991723
97955,12043.702613947531
81441,30425.474934165206
101029,13114.086505458732
91634,20429.959989246796
84859,7865.396683385505
93328,24252.745333333332
97318,9034.296384615383
108048,14994.662559667633
97815,7430.762729532548
101921,6845.517325080971
96260,6768.320513108107
93491,16873.356
95257,14916.389786613772
83326,32313.274435803658
82475,18544.28646023378
107393,11006.57296161616
94132,23500.214805867952
103233,14390.84483376695
88140,10292.024879739918
88395,9029.492319060399
95094,75487.48266666668
95939,20705.103831772532
108234,22984.71847619048
78788,25780.144845917748
93021,21848.622666666663
98301,29536.775234359866
104221,10076.178957184853
92384,23875.937083609024
76288,25055.032
99805,11960.782666666668
90900,9882.669763636364
77888,31317.172
100126,8319.897285100002
82197,41839.188
90987,13495.076817868925
105383,21048.724687271217
100476,8925.808229170281
104238,9099.116272549018
89211,13968.002709090902
97794,5091.568015873015
105692,27652.115639581603
98699,13690.241556989247
104212,19593.13797546613
107544,12289.98765934066
107748,12289.267007619686
103427,7411.786960553645
84063,7475.416272982457
98384,8291.068124347812
91209,11796.396
101379,8757.469312236568
78090,67490.45477987421
88321,17195.487526395173
78786,19625.784
90751,8236.043892575726
85706,17104.225678040977
100853,10990.552099999999
106131,18766.87617142857
89397,13173.032
76263,3273.416
108441,33668.43772164502
88221,13349.905714285715
92526,22411.849142857147
81169,28027.136
99853,10339.276246344367
105516,9462.343760518947
85227,10970.890092764432
101567,8359.489523809525
84331,16057.949837101649
78187,30069.605333333333
94441,15758.225060749812
100067,5821.284
84660,17118.556545709194
98951,25167.447219022844
93815,8254.970060606061
76848,17299.334666666666
83378,13517.836700153692
79966,9798.54
98219,11875.446568490197
89076,11813.172280701752
86619,15509.489695911288
106225,17146.885316093594
76793,32293.972
88351,10603.494775000001
107927,26027.385219172247
93374,23717.872
84067,15397.728
100355,14814.206666666667
82099,38869.596
96457,11906.054285714285
103061,17995.651479653683
89169,16898.360045159876
97340,7021.542694118183
82912,19429.315015091444
82266,13554.723935505433
78561,52494.424
100839,5323.939255898475
85302,2383.778
99375,11377.331693620416
99881,13055.69
88083,7359.205438339438
86412,7547.622606513927
84852,9337.550488525529
89087,16401.543999999998
77702,54301.638666666666
94308,23907.393005419108
100896,8102.865585719665
88225,11386.66850801629
89796,4649.317629487179
101985,5757.010303990988
77360,25730.696196697267
92220,32108.78876068546
83866,16577.19682775367
103140,5155.799737662337
78348,15181.678703296702
95353,24518.498315789475
81413,14536.2280398796
77106,21111.17896282382
103700,16552.144420350756
88524,11531.133674891924
87461,12829.750847821444
78565,34302.876
82507,13471.433714285715
95578,13403.234666666667
91998,17758.30526681964
98342,11686.348
96413,13786.142742424243
78273,29793.603854255085
105735,14933.25639717311
83640,17580.012260406194
100599,12368.244
108024,29446.431763843397
85550,19882.92090628261
82875,10658.471635933536
93272,10789.848
87870,10068.081202178933
83279,12498.832541530639
105742,16671.829743189206
96152,29648.236
97215,19768.182537105327
76322,58334.12653866632
104938,17337.856750903527
81197,13675.708615384616
94638,15182.416
78474,31375.09534638196
78282,14889.882645284779
83765,13661.172013116708
81798,19010.58027142857
84877,15246.865645598638
107924,13329.722
107870,9273.010279015103
86640,3361.524
90317,12505.499035901925
90787,14439.9204046819
102045,7524.548043910813
95893,27691.322666666663
104067,12321.72187797906
83702,9727.486323378655
88581,18744.582920634923
76140,19933.234566903608
87782,15405.22922034632
96924,29813.70075786905
81993,30779.980944874027
92440,24896.42090233364
97803,7158.366489040031
90468,6814.086232344232
77617,28845.875125971706
108325,14616.159285714286
78387,23764.292776876704
93953,112255.92
87120,9113.458253968254
103344,9115.177599999999
86899,12495.28869850997
79585,25068.19059670961
86908,9983.78590215588
101362,16172.110650930428
89150,16524.868582043346
92083,17590.51335076253
81913,19094.310220245796
86370,7298.836045959597
78733,20657.924
92552,24505.614352315326
89154,17599.60607039822
97775,12547.267632800405
94930,57094.348
79476,13717.914452472163
76220,11203.086307692309
98869,12020.216666666667
97474,16238.872862867162
99008,7929.234402968574
107702,25914.38679719214
102495,13569.14972005828
76423,21520.508
76460,11639.212
83918,10983.60262528002
90937,25033.044
98893,9117.266103922871
95015,58914.848
94231,19669.496738422014
107866,19023.062124883283
91935,16650.71115338023
94141,25018.41517905194
84712,10697.737149152423
85125,15697.202667254645
102606,15619.94813490202
82305,18176.702545842778
83086,7970.709806451613
87329,9883.097373313349
100213,9383.071821716267
93661,26624.484
95973,25836.258403974633
103243,6925.68301055348
77036,13064.256306457482
82262,8471.944
103648,9192.819691166776
91920,22452.104028314214
85960,10753.0728
92632,33484.55790476191
97381,12497.841738536223
100466,9235.877608221808
77087,15767.476
89734,14860.455455815836
83766,11316.2539898262
91812,67124.344
93927,51844.228
93439,13507.927817868926
98318,10530.065868659642
86863,10784.396155387918
95233,18673.052195851145
78974,15379.695291018761
89793,7997.318398642903
92799,21512.115922921814
91635,22304.144
78414,14998.552
90596,12889.022913387113
80519,31585.328
89515,8350.901054391486
86481,12169.516818783699
92047,15063.899099325236
77635,17479.130844444448
98546,8082.40245506533
93556,14026.796401522523
76764,40956.34
104600,17025.57147094017
107170,25349.611333333327
104809,10018.217109301597
104957,40338.425
100565,13501.805237819424
82733,10780.862833898293
90487,5824.481196214651
104778,3867.583333333333
106916,31434.33685267825
85771,9451.0098309944
99896,10175.868
94796,15976.628772391728
105856,16902.508708929527
85845,12793.345731143429
102590,9699.30938095238
95913,41710.6059650433
104395,14965.617607225933
96422,13428.0300706833
101279,11437.359009523809
98041,6031.763110516934
90702,10077.89814235613
104988,12736.14138095238
99996,14651.759549832028
103713,8926.819116166775
79170,35576.24
80452,11288.247114285716
105657,27574.258709161113
94986,21805.319263713325
106339,11646.409431868133
98568,7352.158741668473
88304,7300.791139784946
87628,10286.704450827137
92003,23751.03743685187
97111,10492.855856204713
98892,15144.216649605207
97778,10655.69195479101
95960,29509.626649859947
80575,17163.690343087877
94709,21768.991679942097
103647,10046.17963031835
87784,9727.045333976548
77344,30549.98267707308
104068,13541.906180952383
94747,24035.6682754581
82797,15104.172473962837
77079,14685.776
99217,11330.164740344171
84624,9705.849800865799
79999,40778.58
107791,12082.961777777778
86274,6739.242425582906
92407,14508.024341057635
98109,24944.031038733072
104428,23237.727077841748
76693,18537.313279365077
96321,7948.765486963451
107222,10499.5312
80693,21495.604
87795,10859.585852307691
83814,10282.69875675505
85548,9467.494
103252,10385.745184758736
104453,17644.734666666664
80578,28907.342106683558
103826,6459.400933333333
103199,6872.756998407266
97338,6448.275035087719
107287,11428.508
77059,33976.456
93965,17189.72
89513,8431.834148504193
83064,7989.362124223326
103490,12613.868
99116,6879.304627159258
99690,11811.721716096497
96405,10621.158010227373
96969,9169.587330395512
84317,18068.098403289052
86480,17272.953400861486
78305,49566.0942
96458,16077.31160741746
96847,11628.815569491499
87888,10217.269669841271
92753,42686.79702087173
84191,7298.8665831086
84830,8905.761486349233
100910,7743.396
94969,48104.38817963446
89103,7740.550434384223
93092,19397.60476469766
106511,18121.656
100549,18534.382814015094
90741,15764.673657647907
78118,17546.616
94087,11495.45908376734
87584,15760.947485359164
107254,12104.144252380953
105985,19762.68696687677
88323,14316.320717148066
105221,11744.118641307534
101901,13901.912395008843
90944,32140.459076923074
98634,8707.072132152793
94057,18563.496614035084
77391,10964.356
77284,45133.7807063452
95838,40024.956
105720,12486.616
97257,24665.160588822724
96339,7178.0175271795
81848,34750.99879425631
79581,24216.606546341463
97762,9160.942046755035
101710,7186.622527291326
104892,9602.987124929972
98689,11905.72
102340,9859.620769302574
103335,12077.872
80348,19046.55892614523
101717,5584.1936
84797,16052.873599866889
80101,20942.75527328721
83224,14108.334543126104
93736,16652.248361904763
78612,16390.402514285714
80009,12479.320082051281
90246,12770.229086832336
83348,16328.260907666121
102263,15977.344
84153,16545.234552380956
90556,15468.201066666667
83726,10440.2900234902
86153,5905.897333196793
99219,12678.236
79008,21057.56
76574,17708.656685060527
93345,9506.552543771131
89271,19403.07555466043
84424,16431.23024566921
104788,20307.261351088637
96178,15810.301961207899
90344,11818.392667680564
105532,27085.817057756714
83994,11387.358135896235
91151,26764.782558436396
77889,31967.4
76382,18867.30776801992
97738,6702.2953311981055
86371,17233.756
79800,47841.224
79323,25040.38532245863
88652,10032.236242424242
94397,22538.515940013313
80125,12126.259272438672
103621,8865.142072064591
103073,9557.088
104977,21046.987126942782
101232,10148.826005967836
92921,10572.385957557139
96524,18889.368333333336
108206,7366.046069996421
98011,8815.01869365079
82282,55370.9102077894
92162,11630.407555555554
91162,23298.325971849845
98222,6696.591450444644
106388,26505.45033538523
76194,12854.548
93165,15373.652
77080,21431.67701664666
88188,10732.52363669795
95987,9938.643686106918
82919,19560.916148193763
106334,9747.345413793102
92868,31187.602398297808
83314,14278.658581201338
83498,16907.704266666664
99081,9350.377066731067
101875,11103.39030882353
76353,38773.912
97969,24562.53490560287
86292,22285.992
76622,28150.523005278057
103480,19278.963323077503
85818,12453.682650476192
83971,11059.431300377233
97382,16801.939267001566
101439,7985.435212192644
96661,12898.367598621331
77795,12211.420629541637
105731,21826.387895097152
91696,16103.447
93939,19702.416
97415,11537.33859491483
103354,10697.515
98909,21339.197292349472
78125,20863.52613930677
106866,8896.386419216557
98910,7508.736861458683
106208,22577.0502239197
89885,6844.709444317339
76580,13646.288
95892,16045.00276015292
91957,19099.981718518517
99645,11052.84916859785
79562,49233.586830457716
82838,7555.384
101076,7454.837346222929
81361,21720.98164661654
108419,16422.288273245707
93085,16378.174877623083
104426,18943.728
88313,11461.719640181509
104866,17744.212402877696
101788,9630.466200906181
103172,11168.050515781692
98374,22349.796225312053
107111,22360.64108317872
93480,18172.8637757588
94099,40454.468
100358,11812.127274156406
82106,31193.62125079927
92783,29730.031644155846
95978,15937.943342245988
79394,13164.528156360373
81521,21557.985714285718
88260,7861.946483286648
98649,9896.035024378492
81422,17932.732399999997
86500,11194.375251995927
92997,11291.70846046176
107940,8897.464
80225,52962.18
94805,25626.678666666667
88709,12782.441400000002
106470,10318.895594220503
78835,18373.15666666667
90721,10152.608476113335
105429,38302.372553571426
107998,25872.465888104456
89287,11412.026031746032
77311,13058.978723741804
87200,17168.20716934198
95348,13369.495206349207
83148,9002.179142857143
100616,12139.472222222223
81487,55760.377635190365
85031,11637.995636363637
86761,9561.109551039652
108219,22924.07473933152
106290,13105.593190080648
81428,9701.984677044067
94572,30826.226113733115
99173,10436.405398423949
85760,10200.476661654135
89013,29029.79284700913
85726,16016.95266204529
98647,8517.08
76300,37840.44133333333
76204,14934.22
99199,25741.616
81833,14601.608488888887
79245,22879.180666666663
83196,10920.336023209322
85013,8906.411323809525
99200,10164.751002645504
96238,17623.009361712026
96548,31318.672
104251,18996.694295618436
91169,28608.472
91530,18041.723278908717
103143,6983.352
106804,11354.389666483517
108066,20802.32338141747
76048,47823.13136928104
75977,15632.812
96347,10481.069994717562
90190,16155.580966666666
77081,28303.85569330867
83861,5462.672514689754
100546,6370.419088234572
78182,31960.984800000002
89589,11985.398984615384
85606,7596.944
78359,19940.86268986569
97559,14863.320585205422
76721,15822.110497201575
88097,21018.73296474359
87435,5440.777208424907
80798,13659.507142857143
90537,6492.651954161828
100528,7749.392907804938
106401,20603.98803316537
81910,15035.904819875448
92691,26468.619942577032
100615,10350.838578877838
77234,48252.34008627818
78332,24985.311774648668
77572,6267.704
90150,7414.8798504000915
105917,10090.252089051754
76449,27195.974666666665
93412,17364.297726868866
86269,15746.29642857143
87995,9117.559742577032
100075,7440.865097597305
80021,47890.688
90343,10701.035103461789
106349,9846.862422510823
87255,10587.67903408256
85507,17479.29569508854
76232,13040.0864
106308,15278.204525390865
92289,17958.7944
104499,30698.143958003315
81788,8272.518258008658
100405,12349.620187404806
106380,13151.322314229436
81018,17650.285644267213
83259,12844.494566666666
94489,33171.4848522969
92430,24943.982267009516
82401,12644.889246489574
79510,56110.976
84456,19865.864344444442
98445,11721.193272910928
88466,16653.951185087208
94340,17207.605095238097
104411,17930.89493260821
85378,11433.084623914408
93363,29527.726322734103
108217,24145.818333333336
84003,10229.993052415004
78674,13551.952
83754,8950.423380708178
107659,33275.255
104134,9637.40242139078
80428,13674.775624478703
107034,11751.812
105024,21719.994009521284
105501,13154.353476762382
100183,13742.067306718582
96262,14544.52023608992
102419,11513.115997135397
76520,17266.38342857143
87564,8283.518010251437
95034,19212.665013675214
102071,17591.452434252747
92236,29105.908666666666
108245,15659.900953603194
90472,8414.880041922519
91733,19051.42365439214
86418,13779.16628799866
91544,16581.068664451188
108294,6431.8915930493395
103067,15624.095606758694
87683,12578.069105029812
99427,7475.098574622523
78592,14673.63284
79477,28990.960984937563
100575,6973.012918881118
103629,22003.416
86341,16969.841505824577
87901,7665.48
100467,11750.627668941339
77769,13915.6
90466,10104.485871428571
105120,28799.409333333337
94434,28888.834451345647
90333,9231.016
100483,6464.332
91083,21571.671627481333
86536,11616.483209528693
108361,14557.33276259735
102652,14175.554300010996
84120,13600.882896197634
99541,9921.48628319037
80658,12728.784353857547
96028,24646.935707087487
82478,9096.942166833309
99296,14788.595451620306
92923,20014.46415551552
84564,14668.373942704653
83515,10983.60262528002
80070,30245.964
104027,23701.643431059834
79391,16155.0
108108,7430.977501742453
99156,8306.811693752246
94668,20806.34
107534,11244.967
88509,10014.458725149898
78713,31199.226232205838
95033,26708.428658862496
105878,13077.624851903653
84590,11554.658603448275
104297,18009.882998208726
93140,24617.554600000003
95943,42773.784578947365
87298,18530.23870040006
105774,10993.287022665985
98658,7169.994630388539
87070,18629.9382423026
99465,13903.356
105845,7754.275053501286
85369,21724.289066666668
83600,7033.269572755417
93030,39202.204
82159,25975.805497906465
88527,10988.926295731548
94866,13542.883886122892
81680,27372.318535802005
85293,12829.040000627747
83020,10809.465199999999
92112,9917.71031746032
97809,9613.948192026406
83970,7503.95586108738
86745,16454.512
100652,10701.084
78837,25557.531836942104
96354,8423.35345874126
90084,11241.492910782568
84838,16713.80320620556
90416,18660.83811366148
82908,7154.691646493079
81469,19792.66027142857
97939,16585.905
84109,4554.903272727273
94042,41267.9978
78843,19879.144
94386,31151.48633839124
79961,43104.52
98556,12118.572
78323,14967.457114285715
98349,12158.605172813177
104599,11766.78
92804,16254.885524379131
81485,20445.384
86984,12881.624
84902,11115.868237221812
87230,15850.504059728508
101698,9637.838800000001
81187,31127.879337433522
91728,26004.02492433531
90136,20929.541244165706
96483,9636.127543071583
103424,15159.628569077433
85712,16620.56119607843
85509,7718.120844872809
79976,19298.075
93406,22802.79127905054
84108,10607.12494979265
82598,10189.219121606555
88086,10090.91312098316
78975,59756.67025641027
78989,19661.288
93597,16026.250996825394
76707,25310.48
99370,21699.752740620435
90372,11617.974100565052
97227,17040.155095238097
93053,27382.3
99724,10277.89434726755
101261,10028.045761054156
85273,7515.655423076923
105019,20871.180137405572
107234,13659.009963628105
80816,34433.776
101175,7113.6
105866,40017.181196428566
96858,8773.213982958529
96226,7442.894979280134
97454,17690.6616083033
94540,28878.848595480446
99937,14105.890876114328
96637,12712.999758215961
82607,9727.079024930197
107708,24129.290405548734
104404,20333.179115449388
80758,15211.224
99346,13121.244
100310,16106.767714285714
91670,27721.113027664825
91353,27145.522527513225
96061,11621.985356622325
88206,17245.636320969235
101814,8552.03565079365
82298,9923.614332851534
94958,22147.97052632144
80444,29902.640730888674
93957,26544.788197402595
100830,7528.036
82523,11180.758823930144
96073,9529.886211663703
87933,16103.094348014078
100553,10702.51531834859
86623,15239.414119155377
87445,9247.196761904763
87890,11441.910010143993
103149,15365.640987907213
102862,11007.710799914774
77553,22337.635797590123
104728,18641.759460116595
77884,32568.884576601056
85105,20650.404
76064,49333.40736928105
86071,10011.533727586206
97148,22493.365313431346
76161,19716.974523918823
82950,7376.774452126076
87334,7390.959973672993
104120,11425.772713708513
104591,5652.575323713324
106665,16048.24990217804
103766,8176.068
104087,9411.495223529411
95947,38761.756
87165,5800.416804979931
76294,21909.926
108455,18821.99357418966
85399,9415.413467022205
84698,10458.716039348697
80713,12286.294538302049
85799,7393.712762050398
100254,11054.966551953448
80264,10418.195136263736
94211,10095.766781609196
98839,21358.25260964912
99631,20416.474707093617
81506,32556.508
76167,15014.333875724276
91308,46565.652
78803,17986.009513513513
92010,14819.579938619192
99424,7243.524127744056
82042,15094.264344531635
89760,8182.4997696744595
78489,30707.54284920635
102712,11259.153686470687
90935,30272.48386828323
102912,11123.04971769734
99041,7985.610567700884
79903,39577.4585
96670,8817.24858689633
76729,34243.02
91107,24251.04150793651
87286,13585.006663120366
102303,9411.959714285715
106623,22375.72473162055
86955,13644.270687775956
90173,20805.9206827622
99829,6401.079093494602
106155,13815.157984032898
95426,53741.010110076444
82218,29714.84908253365
97534,7399.0179560439565
104186,15310.305115015746
94450,22240.786
77720,33182.65211675057
83278,11631.260289855072
90401,17400.04362062255
95842,20608.493615308736
77025,11431.814400000001
88288,14063.247735144547
83552,17544.843675379943
91467,32028.301171995554
78417,25034.196533688533
81312,27267.05568876652
106656,13366.13581463464
93396,22226.49638354447
89063,10866.944160001834
94830,18102.0368
98183,5137.720666666667
101338,12130.828894855673
86784,12946.695064920377
99315,8860.084
100058,6188.027666666666
89181,10869.516294689425
92271,26516.604
97562,12617.142946802473
79601,13386.78717102605
95361,14980.704262084657
82021,17022.245333333336
80766,14219.55370168411
107591,19587.964
97689,8383.799427333244
77322,17010.992
83942,10071.55820684286
80703,37963.622
84304,8424.79200543404
92976,22493.85677142857
104652,7232.1300369796245
81684,28339.126977985925
90189,18711.7254265913
92960,35233.452
91335,19845.962414906837
105310,15943.702368478851
97940,10183.864895566505
79726,20697.74511111111
97677,15175.670828636707
76868,27591.894708089927
82008,49395.678521008405
96078,18042.335648528504
87835,17481.842139215685
79247,15982.546
77781,10939.938
83214,13796.610416928439
108215,26418.760951750606
93824,29711.919818174436
80787,14320.632388990069
91615,25968.882681618798
80389,33061.63066666667
103596,12750.501666987708
105821,19953.54837394718
82476,9226.2516550937
95265,17974.521217066642
98399,22687.9307716435
76238,28136.236
99100,5946.744683575917
104714,9617.020012899899
90919,12539.988
83623,28206.65130719678
104865,12007.907697841727
82002,17005.392
78910,22221.806284408616
95502,41120.004
103857,8684.922554984685
97624,13057.069538154925
85720,12033.074836363636
96531,10640.096
83085,13753.039087876456
107580,19542.43770077802
100283,11177.063534664516
82635,10208.784
83319,6201.272888888888
82752,21953.6168
89036,11698.754255240437
83309,12913.240981953044
91103,24585.364
78064,62043.076
93250,42787.832
104512,14530.85855795433
79857,8912.986761904762
105526,22218.968
95901,33332.69023519326
88558,9792.229976237302
106352,22692.540866802603
77802,16249.656808913309
87315,9040.577797633876
78742,27621.60515195241
102737,9654.424843023751
102515,7655.373223188406
89811,7705.165288701877
83376,17972.12214644978
81478,27085.60147243477
90640,24615.722
77782,10840.072
95954,17019.429880943535
102593,10932.333168227675
103795,9483.730817642489
90806,10628.655449761576
89657,17760.709820689364
86003,12436.162581110431
95380,21250.286097173295
105152,20526.684
89783,8956.468
94941,11549.209625541125
97059,11621.821563125817
94104,34736.636
108398,11883.021333333332
84930,8701.482891105225
107156,19694.215749515515
95687,17349.143392863105
97033,8875.139253059604
103036,7737.624
85849,11431.369761568534
103638,10021.418
76938,31265.024
86884,9344.182920634921
88711,11895.724
105179,25189.647545564025
103858,12288.923966586775
105362,31550.463635122796
77038,17727.574135171762
98935,17509.032
83763,11064.480923393781
106254,19896.316422839118
96326,20789.939972949276
91225,32542.376523060473
90336,19438.480775510205
99070,8733.493687328972
88213,15834.078233430193
80925,49243.37576136037
99202,14232.784
98190,6597.670802800373
93632,14185.172
103377,7432.900666666667
106788,21029.51983334348
104266,19883.90147646189
97957,12059.642
79055,26333.157666666662
99963,11390.672993552422
104883,15385.717279322305
77565,19265.477250180138
104641,10272.387327272729
92456,22586.348
90989,30665.572
96336,9472.320414754098
75990,12175.747549606343
81685,31012.441446153847
93610,27608.024
92156,24137.08
98823,15585.108343658403
92141,37101.132
87756,9251.879480447637
87211,12417.947434085212
93983,30979.241585273998
87098,6174.542708130081
88453,18526.53263610453
78408,15441.892030769231
82661,8957.985952203224
105658,9430.02532889741
82377,11911.0398305637
86738,11952.12853947878
90498,8022.590897757129
96128,16538.437984066233
81136,20267.339179219653
96840,10695.934268916413
104970,20943.641712147426
102228,10080.606800000001
77466,17078.351466666667
77981,10431.091848739496
94406,60360.589970695975
107110,12311.421777777778
106442,20329.222975252247
90593,12910.929425885528
85731,9294.171546912467
91243,21779.12596899352
88327,16692.448
101596,11859.056343729953
91216,27189.788
82093,47477.815007878635
106882,19034.308
89713,12968.515749387627
93144,7503.356
88299,17308.178521122572
78242,20779.896717124735
93200,20853.850493772894
97874,13209.053744153895
93836,39834.6044
77774,31919.032
94322,23608.88389065842
98230,12711.097666666667
96006,11167.433008556241
85959,16103.094348014078
88398,17217.36230746058
99305,6209.193374485008
86936,14661.601949889544
107147,13933.532992971952
89432,18427.985666666667
104475,17116.286004227146
93164,15695.966590601503
77276,17638.789333333334
107454,17495.94716948626
89979,23408.57798406497
105360,6413.482003573182
88586,9761.683007992346
84105,14934.90798893248
104625,13779.306000000002
78707,22656.245108835745
98962,5127.516628571429
105679,7051.839976190477
107418,15099.057143141774
93072,59409.164
78519,16166.084
98281,20310.534666666663
99872,7473.471805684856
99188,4716.265669841269
102719,14511.428
107129,10592.095884444445
86785,15602.530857584283
80533,17891.484942955176
78168,19350.870287073012
96300,31268.888
85605,9507.772595732102
77676,14694.89146060606
86360,10091.608
95177,41459.04964285714
77263,8335.215333333334
83488,18647.894535060823
106949,21171.216330423078
86400,12060.443174717308
103763,11024.146667672549
98495,11220.400203620105
94363,6791.18
101940,9027.727260506814
81366,18357.949521496426
99546,16626.021904761907
80651,15620.174209707458
101196,11925.472362212755
102050,10975.220888888887
99804,8043.912655065331
87153,8447.17742017501
81225,14157.127282522672
76181,21098.053085625488
98469,18318.552
93979,12437.070127030876
87480,18134.697673509378
76369,16196.972
88375,13216.331821860262
79983,12386.153801478593
87393,14246.914233126403
88732,9816.291632564069
85383,7204.456955713825
101126,6554.448
95928,18252.373980952383
103011,3325.7572
80083,39786.809045454545
96118,11035.019214655906
85674,12541.342666666666
82917,16616.874
91143,14373.157899999998
101645,11270.517496103896
92817,15626.620597627432
97402,9539.6532997172
83885,25991.2
101758,12910.612572451073
98594,9983.022701915708
102018,1505.276
77568,17345.276
92202,21796.4053603516
83954,13614.423197916369
92567,10445.348335350689
99006,27310.08342857143
90732,14415.341279365077
81955,15459.491272566844
82585,11670.198665923448
106285,11217.711
93620,20164.602843929144
90725,16248.22121754027
92088,13190.184333333335
107174,6350.38
90304,13926.907382592712
104127,18261.366229890875
98880,8866.996
83303,6147.922403713065
94770,32904.58915166014
89074,19169.014756445813
107549,20104.94
99624,20713.671648928295
105181,8816.816
88189,8542.5304
76455,22064.725342970447
101020,9914.413066666664
76745,15459.652
89568,16732.975411491036
83478,10088.276933417967
85747,15833.2271
106272,29439.047941176475
82872,17292.760773939073
107532,9474.27163218911
90049,13847.179935952805
81364,12278.38074640892
98040,8935.779598951358
102958,15139.666216498694
79260,29151.8310726061
92243,39019.72943243833
88478,16586.424514690694
86621,19312.861613475183
104072,22070.821388778917
90813,13704.791543683024
107620,20527.891825211136
85958,8508.59830911311
91758,26858.35318169289
92388,36608.836
95940,16943.654697957973
95423,27382.117366342223
78205,16782.208
92781,25252.120834795558
76964,18207.9209458972
91309,19954.1008
87312,13925.085784039826
99960,7735.38
105615,17946.144
81777,13751.773328991781
90088,7815.37453683305
101916,8305.918012068569
102032,12551.380774806485
78757,32226.472
85089,12059.040677777779
107536,12077.514429464702
79554,9040.28211025641
100053,12836.066819191918
102087,16552.777833397882
79180,39514.924
78292,9714.756
87547,18180.93086411318
96714,9607.115610274184
101388,11731.255175732313
98889,8299.160425828302
90037,11263.49596208791
95831,25465.53696243367
101678,10654.983555986068
77780,24053.149019655906
104014,16812.760647907646
105304,6726.357775202156
77837,18685.58
88541,6856.400684249084
89143,18679.169217537987
90294,18247.199435770486
94097,20779.083385845955
99108,14087.26468443899
107044,15768.785425511765
108467,22481.136414635916
88739,22005.641008845476
102441,13402.554464528732
86183,10309.315896103897
106346,12922.807655068405
84130,15598.938985606457
107757,9687.115376623377
84412,10717.484409991579
96522,31215.961087572665
79372,21676.112761904766
106945,17209.951382655807
88312,7972.202608764568
97814,15339.64105030272
94724,51020.98465013759
79892,17565.915145579405
94500,15647.31717189711
102161,16172.110650930428
85073,10962.710002547057
103316,11313.02242895428
81537,14998.158706432812
79187,30722.64000020293
93646,26506.0578501448
84942,12046.922243933057
105305,36296.435075
102440,8516.61196190476
99694,16522.14
97189,10872.405
89680,13902.622451407678
104471,10822.037578421581
98066,5005.616
104541,10462.403916129038
90039,7166.271513001023
99640,14345.620209190984
85034,13319.111573147313
105699,8957.290318807118
103097,9203.463301075484
79154,27567.02372215822
79730,21553.57224242424
93954,19106.762666666666
106821,17885.5
108129,10187.931961904762
81433,21803.59982000716
106810,9170.15615267986
89340,8400.010524208225
92137,31833.36272481203
89457,6629.736612164464
91797,22712.476
92334,20682.946096675543
99141,16671.546666666665
104901,16143.364931066124
98189,8993.513710066762
95071,20819.22
85149,15995.549291418132
83164,13675.783136773365
79589,3955.824
96533,25137.304647619047
79514,20791.222
97024,17515.828
84010,7626.210721738581
77716,34159.136
99999,8199.168918439866
91937,31589.80451264158
83222,17998.747905665354
83874,13593.024163726705
85379,8528.24594904295
80923,29871.717142857142
87263,17757.606166666665
77648,14218.140131868131
90784,23165.730387765616
76092,27397.360076565426
85877,11293.821184076056
108297,10173.377295238097
81020,31009.508
80092,25185.876119622128
94008,19157.298269435247
101425,7885.268957269398
81218,22660.411741665495
102599,14922.046315789474
79959,22887.16
88223,16970.242387027905
97792,18454.148510822513
98438,7482.626910519713
107986,36615.76
83947,7960.359128888888
105867,18924.348
107403,19860.57047604569
88885,13878.467823513774
98450,9827.356705882352
83554,7192.904
92398,27916.989666666665
97238,4927.293472053043
79115,50205.076
92394,14479.001342245989
86813,12630.277813924427
106364,9670.388613793102
93974,25605.616
96921,7600.369209449009
76493,14794.946545454544
76358,14121.352
89895,9438.475904238932
91354,25680.028118151353
105589,20605.434633941604
96412,26901.566952751622
98970,10700.617451340024
103020,9654.113556742792
87261,18963.364884512583
76112,29438.537348330807
96166,15036.072717948718
90696,14242.01326598973
94089,27829.523579084966
78422,16810.884324912495
106298,11943.248296296297
105489,18120.306
108304,26652.737246757388
102353,7462.0353706046335
76411,18737.25585714286
84847,12867.816
91646,13052.048335721749
76141,17167.776915942028
90730,6397.952363636363
100429,12664.963186800334
85989,8504.20214141937
105539,10815.451584363756
79951,39843.304
96676,6938.4548008780985
100762,5296.776
92509,25956.028809523807
79582,26479.428
108529,19968.933666666664
86542,11468.6
80669,20577.604
99953,13306.091460124091
93023,16147.153381483296
102223,15195.340533333334
102167,6936.574797457764
84525,8421.109679379446
76654,31005.321220846414
96998,13548.37518181818
94337,18095.46
105106,9495.916
77494,41487.564
91245,28166.72
98303,21680.601931691945
96838,25334.36492997271
82064,16921.168
101129,8459.351650793651
78108,12856.268
95497,18944.917535528115
81175,12384.14504890431
89631,34657.62554555181
93976,20175.505381363586
86199,18904.293388836384
106842,3622.82
78263,11992.119807522462
89187,15952.39709
104396,21337.248849525065
87198,21712.596
78994,13732.292800000001
82655,9696.724814637178
76432,18721.64
95404,21470.291291784517
83767,12952.505794918041
87719,10154.84
105980,9711.5583
99851,20173.063
80432,8568.977714285715
80344,29266.9100615256
83694,22791.232902321084
96247,20366.614733216888
86395,22752.82539536019
103276,8794.255329192545
80262,13142.566403638659
88698,4110.5985
101575,9912.61047956086
101293,3930.396
76732,18139.201748523705
108287,21276.344849525063
100140,10524.06874978355
85239,10782.753475203017
85252,14339.801714285715
77174,9972.672
86250,18544.418625
101740,11745.796277919217
108134,7846.4028
82406,34469.94161129027
88667,12144.64141935435
96978,8404.830284970381
78635,15183.262728571428
96572,9143.310011145652
87841,11739.3768
77951,18369.972
77253,10708.394285714285
99102,10702.255051340026
105959,6586.403294117647
91687,27254.954166666663
83483,7094.5452175824175
80361,45877.656
94647,10974.84
100857,8081.791147886059
82465,11906.23536904273
100672,10102.718171453505
88369,15897.495719352186
89345,14593.015739761342
89610,7029.154135088382
108452,48927.945666666674
77913,51448.880601255456
94990,33707.71466666667
78501,12613.636652281051
78393,12864.842547619046
101975,7762.139111888112
93585,34713.23066666667
80079,22553.388371428573
92292,35199.22308108848
88595,12688.163594616977
107865,20365.744
106687,15453.170673168263
101741,14918.463132377941
93999,19895.461136853766
107722,14931.407592001486
80167,26648.138910203324
81844,5918.532
77048,18250.532
107873,21337.51074345763
84939,10911.251038709985
106486,19281.13985539801
84683,12121.556333333334
83721,26347.34556127499
95371,16743.710466666667
77370,25691.00758075911
81285,19177.652
92306,15612.213069212237
107739,23204.632
89483,8593.088906805715
78832,20995.40405045807
95190,26499.527624420025
100747,6885.232547824064
106957,13640.209963628104
101143,8544.71818499459
92745,32415.435267540397
96890,4196.602860606061
76809,11155.444
101202,11087.388
98845,17935.200666666668
106599,9366.919300000001
102195,8038.509605312726
92630,21307.984
94558,20704.33916949645
93959,24245.069993982746
77993,31550.32355391394
105814,22799.597705250304
90144,14653.335490156973
102474,10411.567
93582,41945.344
95183,18866.493233979752
102451,7283.629889246602
90109,3400.2105333333334
78889,18177.54
94338,24992.376
88104,15907.636742865905
99955,10642.245394046291
91274,17126.934766711107
82254,30807.964351372895
94279,19808.094781580723
84677,12814.096
86814,21782.956
107316,19141.700340229152
108497,21553.552
97403,13643.48219294369
104859,10338.85549447497
76106,28712.038057337686
77307,30598.970443005237
105083,14993.119853102462
101644,7782.117
75980,25723.321268530013
80678,27508.01818281355
96987,7091.996143984843
84261,13354.98811111111
103391,8425.056
84290,9461.9965
103179,8501.347555267655
92887,20067.10742394849
88486,11586.408953966215
95325,20548.646217610178
108122,6367.992
85364,16384.413066666668
80688,35075.816
84356,20094.751
82717,17509.232111123954
95166,24790.7046540672
81154,11880.51784640892
105294,24707.866170329668
101409,19191.000170801984
90808,15638.578568290797
91000,31442.624273591853
107931,30770.290333747744
80058,19291.40646965318
90511,17042.68632982456
92525,31928.463161774034
90057,11446.793258523114
80266,14485.673070384299
84467,13203.790727831425
90576,20892.390877777776
82575,15207.982804081483
91601,36141.261333333336
80196,20157.69531159988
83418,15950.39
97121,16812.099
102024,12910.919785858587
85225,12980.075714285715
107001,26097.606599182487
82592,15642.368838095237
96681,11956.878130378735
87462,9583.052092312038
96787,13652.064
98868,5970.329577183601
86472,19698.553058029574
91250,19043.007966666664
84328,11948.936285714286
101840,7751.635399427448
78225,20812.572
81026,9415.650254327895
82325,11105.824
106596,12629.438162732618
99810,16987.86933786786
88054,17261.96124149155
80041,35024.62
102577,10939.003876313109
95870,20525.790005999912
76937,18383.970061720145
108359,16853.458701525844
102482,12266.530633492479
105228,20760.278129218153
94110,40031.615
91022,44836.06324561403
84243,7725.534063714063
88868,20390.812
86994,15266.561705659138
103924,10736.982
102415,12676.386773333334
89954,13524.738878166301
98212,6614.115167865745
101117,11213.966817171717
103865,10111.590832479264
81944,15784.488683046899
87371,16546.39430214138
103778,6987.404032905294
84310,18801.60963581079
78146,24708.772666666664
83910,16825.093766764418
96498,34726.164
103937,3056.26
97439,14685.194
85156,10020.14
93197,17590.007766666666
98573,8846.252900760512
96816,12716.357138601648
94610,19083.1017
102536,5485.953684210526
81021,14121.936
105037,17923.20005885924
82891,17146.271214077504
83601,13791.899495842972
93413,15573.677830672397
84517,10187.728829918775
98296,9652.65451491315
83442,12455.651608295264
83641,10477.318506349582
106454,26798.630754019232
88540,6639.934180824235
101350,17418.94138181603
86741,20658.808253456922
79411,48371.348
81400,17906.938181035584
92460,14858.32
76076,27224.25323877733
85593,11984.642152121758
99476,9664.8560374048
99991,15273.208
80184,19152.892807017543
91365,41192.35923585434
87967,9881.663732782421
97960,7041.68364064138
106216,9077.256083333334
94470,35882.356
105054,23203.77787301587
76801,18371.877777777776
84376,16889.336794207044
95818,28487.58880811052
101354,8291.488532038567
81184,13868.988334357284
95386,28420.320879147806
94813,21189.934065131893
100188,11064.924548806861
97816,16096.456180952382
101948,7130.05291600167
108229,21121.631680163708
77604,24130.173
103052,16263.634665635513
83998,8632.94625
103163,9798.616
78407,22712.692642857142
106267,13808.536646151648
84808,20913.94453333333
102176,5522.852233333334
103807,11847.57
102936,9652.284
77803,19987.649105981232
91153,15281.261543004963
96806,26599.23282400015
107797,18459.6327272984
92654,9271.359333333334
82110,38080.80254545455
92570,20948.736458957545
84350,12222.546833333332
82022,35776.7976543965
101036,12360.240801560674
93012,17006.048
104053,11005.34456923077
79339,20916.312380952382
79767,9508.096
97252,13916.092635762665
95098,29177.11866666667
99791,23386.444361842234
95121,21660.694619263137
100598,8507.59311775672
88806,17917.2853982906
93433,17551.882735038384
85064,19988.172112554115
103820,6298.14
86190,23362.04119205366
96438,18499.23855022553
106282,9876.553079566564
93667,17918.524944859422
93191,16119.132012787535
103899,10488.414769230769
93568,38895.212
104546,24132.779708213522
80852,26437.74
91782,15018.167401434104
100867,12562.130730747454
96727,8618.861336624115
88787,15420.248652380951
80175,16910.188
106215,22675.034
82884,9877.531453620104
99701,9017.892667756798
96972,9003.658983539628
102844,15761.020645462697
85912,7298.05220289855
105580,14062.609556859636
92949,20115.256
95794,27120.80760094653
81410,16683.75945911671
103413,8533.052
94880,25351.118604628387
87634,7786.909844377221
94036,23595.128666666667
82130,14516.424130354688
97256,13033.30374101592
103817,10780.795187951233
104456,9464.554351195862
78003,14507.548
104097,14315.481466500354
98797,7554.840654411302
107315,17294.06
106755,31690.847896732022
81147,20354.215832114467
105271,5750.427243163464
89017,7854.577955217333
90194,21098.0897542024
106608,6921.560762049392
106146,27352.08864557627
105471,12680.319288888888
104538,9378.2824
78198,35281.965333333326
104720,14131.852853755885
94900,25781.342763813966
94045,34668.80878625708
100816,12755.445193445346
85400,8191.812571428572
96876,25088.639014784956
93515,24702.988726517724
94077,25279.143293421563
87247,24377.208905515876
105067,24137.949648594542
95538,47117.24
79301,13167.143603896102
89679,15400.72
90677,23571.559344962676
100348,17784.856
82373,24543.43629413287
104030,14086.468555555555
91200,31435.486549019606
108132,10059.501628571428
96587,11053.866962962962
92498,18587.709967532464
103409,10541.969395604394
91232,22116.54274008169
80016,20361.023323910722
98705,9662.093066666666
94058,35562.452
107248,17545.133807425336
85165,6167.474563346117
87202,15543.261572876401
84291,11704.294
96682,26631.698273862767
76451,36500.647118826106
91004,20290.59385625112
87541,12825.985373476422
84735,8521.262252226124
86029,13161.982745454545
87675,10967.169141787437
79434,31088.206833333334
104691,23094.323964489013
95401,13292.10257826384
103975,10187.983922566538
106441,12389.155014187048
105335,22750.466767706108
86453,6480.47599709015
84490,22534.626043527544
96908,12641.564982290765
87472,11625.990570024525
99908,5025.439814102564
84898,10221.56166984127
87539,11145.984531154445
100666,12690.209512351154
82231,16901.111959899747
92648,23727.05230793651
84694,9418.949635355135
81594,8883.660585396827
82685,10331.066828632072
76620,34708.681936507935
76943,19692.186722349703
80231,22493.804647100744
94782,10771.538778696742
83815,16330.796
101713,11099.04595244781
86358,11073.571595732923
98701,19153.666863247865
106421,11844.372371428573
97920,8600.88
108072,16729.55770579541
91315,21706.444
98550,12315.541593497408
99263,6145.144810966811
95373,16221.252674915904
80445,9527.445866666667
76982,17119.209671930912
85544,10802.717912085138
101977,11938.874816478701
80279,23265.82866035898
102808,7169.328766046612
107325,13997.303236594937
79988,19045.6
83473,6502.445955125486
80074,26255.252
87094,12935.096058812975
80523,15901.054666666667
84129,16023.313651080158
100159,10868.449333333332
94256,26122.1185
79199,24430.504514951717
106674,18001.68733333333
76299,15451.722
82217,36146.36
87294,16698.088333333333
87361,7801.408179966119
105782,12063.939372344323
99109,11807.688
97733,18756.158591371594
80963,21477.12624965517
105129,15992.462210389927
103322,11133.530900980759
90068,14976.232187338412
93845,17789.693197980494
104956,23175.412087374978
103473,7130.529788908506
78167,20145.570151732034
80718,36730.25735201722
85621,16143.955198343685
88490,9877.478000389996
105456,12879.959230769233
98490,9906.334846610429
86488,10225.264145290004
107303,20088.84124171391
106463,10410.655468294575
100403,9698.207024825168
86991,18334.553199977217
95381,40476.699419047625
85219,9476.708
104635,19762.68696687677
99004,12518.68
80747,27027.365926512328
97854,27686.557460365522
102646,7945.592958433481
93364,35535.532794796905
101209,5505.953488888889
89140,16943.224551515155
96244,10528.699173799101
93727,14880.30872413793
82138,25251.42391583051
97759,18405.33339169391
86015,16572.906649153083
81090,25192.112
106085,7996.16
101600,13864.615196976938
94831,23370.856
96566,12514.441878794798
82361,27643.444
80479,24752.642476406927
82068,10446.383123232325
104750,10496.487572490292
93539,17515.6480987013
98127,10239.854939860139
96971,14796.21006383299
94105,22428.785719919768
95326,18795.13687885004
107438,14321.066162668403
100536,8636.728072672964
92659,20874.139
94809,30200.658475708242
84186,8127.318
85631,8425.624154761905
86381,16962.176997916325
78721,23141.669189417993
91773,19195.892266666666
90453,14403.357014885347
107225,16331.023266225617
89949,11575.096185281383
104531,12546.934476190474
76979,18724.188
104743,7827.755366544148
87731,8908.8156
79915,8937.727221739131
105072,28440.348414212796
99332,9735.507370738134
88800,5913.4090346320345
89522,7033.259342999518
105361,10043.403376623377
96528,13292.463435762666
101546,5796.468
78680,21053.61243466241
87029,13843.025091582844
80591,53996.51969772891
79887,22574.25388235294
76107,30777.612
78272,13123.54
88116,10280.306145732364
99644,11811.667846153847
87595,19435.66592063492
79324,17377.65096332046
76408,45020.816
79173,14011.042821553883
95084,11684.937022191843
95455,24689.0
83809,13638.184285714286
107320,14481.363926861517
78828,25828.707681159423
76284,15977.52422857143
105622,11711.176666666668
99344,8614.168844093143
79395,16588.052294205794
86906,11624.75133644753
107576,10377.85467434853
99418,10729.088
89050,14558.733429702983
83758,9401.973097663342
76289,33160.12666666667
95798,29619.586450000003
76119,22763.95821338661
87583,22197.026
93110,17771.19759884231
92911,20544.761783847112
99758,7730.322151014914
91697,29212.752934989356
85260,17618.02
108475,18965.421936507937
84184,11334.443442601458
95737,21437.609
105286,14388.312831697567
105354,13031.862
101587,12775.580332033715
99526,12088.906187395223
82328,14730.578427656852
91052,15466.208478530647
81332,46318.49173471228
84562,18733.77398679734
86175,19080.813297260174
94828,26568.610923076925
76792,35501.644
80436,17117.555053100194
88143,9366.85293167702
102644,15529.199553054646
79459,26637.998578106384
82225,14145.10509816404
83772,14959.388190643964
82109,22728.414652983312
102803,10271.388524529919
91947,49295.3632981714
88498,3903.6612
104204,18312.423839644733
103303,18030.84052577883
95989,20343.935726495733
90917,32830.85207754945
104994,15583.056
91408,19226.63510266557
79084,23662.134014727013
94840,10093.766224060151
103127,14436.633656301145
93504,16119.917266283597
88642,11013.46
95535,30697.892
82775,12791.552
96490,10254.76669004782
77545,46540.52
104939,7468.547032527908
97679,12295.944018280738
95462,15723.917342245988
82601,7094.208
91541,24758.49733698186
82997,18887.007431746028
86757,5868.066974711459
86498,15405.22922034632
78468,15321.474333333334
98262,22861.835026315788
108488,27299.045811003292
84813,10200.233682828282
84965,8034.608666666667
78478,29268.69562537369
98819,17171.306107322183
101543,14429.330272601408
82061,23058.065901404403
101359,12215.91166559042
107203,12148.584
98811,28409.72892099584
102982,10658.189733333335
89603,21009.100947763058
95083,56639.6688
102426,10753.804
88264,11903.77775309861
87119,12827.145219684677
86554,15762.68212034632
103454,16263.634665635513
99382,20644.962755555556
84255,9312.556
101580,8611.15889804684
82690,25737.275161622903
103650,11972.644912913027
92587,79704.644
92831,13334.367222222221
104410,19810.092
89264,12281.277333333333
82865,16430.346269430014
76984,23391.386664315396
94265,25805.552666666663
76786,9968.152
86379,11389.831080465572
89735,12042.876273231383
97066,13954.155979366706
77007,22260.28066666667
89137,17677.70619312988
78243,14529.664
76669,27418.893119201086
89281,18701.714666666663
105621,23501.775333333335
84020,10708.904266666668
90142,21432.03116644483
79677,23157.373963343856
101025,13157.904022050127
101821,11347.979180732345
77424,14851.160290667067
80188,19461.66975816871
94655,27954.84
85282,7791.775739301347
78763,10894.756232121212
85774,16212.945657142855
79278,9931.150409523809
84460,12483.137778363143
81489,25102.765160498922
90788,20485.53619517893
90191,11051.464766666666
106772,32390.882987012985
108112,20936.667100407358
84380,13304.933588054046
93636,73154.696
103749,8156.164896043172
93435,13691.508
81394,11646.371938196147
82146,34021.636
98362,2414.96
88250,10409.418335768456
107041,17371.996
103478,11681.70305882353
89273,9101.624383882783
93583,34373.02180000001
92107,25598.582315789477
79557,7729.637321212122
77861,11246.973833333332
84591,20781.44094562806
102756,5298.265804761903
91798,21645.66047619048
100309,16263.634665635513
94987,24571.257955118755
89991,13820.444786697672
81523,22134.42212560394
82815,14717.981047619047
84366,9620.04457142857
105609,7512.575272706392
89695,9800.264
86242,15264.090471622018
82477,6034.225097566584
83774,9067.674265171987
103676,9018.830612217527
85371,18824.817289210216
77386,48550.372
93572,10696.844
77535,23522.247969912263
97174,12635.393077854185
78330,33888.75333741766
94032,13107.476
97537,14155.334
93975,14274.686198251895
80657,27617.205060827833
85971,13552.35159785294
77536,13395.586271899443
81757,15495.18739041031
81232,27501.227995734553
88606,9869.406714285715
107709,10752.566518518519
79596,20817.715405066567
85671,15974.807942028987
93617,25836.258403974633
104211,16478.171763782026
98843,14668.632
76153,47651.43979481569
105258,7256.519231058663
94812,26399.15673609017
82892,17887.2329538928
87816,13076.956733398085
90058,6919.256803209288
95471,10674.289488888888
90419,12337.788452568591
88777,13848.158207492253
101559,7876.156340774121
86808,17597.645535513926
93637,19864.031525092054
81562,12767.896
76442,33160.989
79967,27742.38514286673
88683,18637.173285048288
78139,8860.2275
86530,11425.563636363637
77000,27535.574229568487
101915,11045.540116305761
90706,12045.928
77396,17721.292
83475,18710.150194354817
104217,15614.0595
101461,8584.90499241526
82676,7367.531204886777
104438,12948.340317216118
94757,20832.101497861495
84916,15941.420271577847
85934,19004.63099621044
93051,16509.64721522001
85136,8554.286016666665
86448,10744.038153877118
102828,10024.4608
101564,9216.810496538628
85740,22918.90478976697
107725,19294.992
77165,21076.210934490075
107859,14100.028
83065,7698.613348137871
83470,27210.095813974593
82147,23680.461359854417
103691,6538.718666666667
84024,13742.360482129403
99630,9700.422522845936
105243,17929.0332893443
103804,9784.821326098458
80130,10532.980649793217
97317,8571.735384210528
78532,34891.41733333334
98989,7006.311920694549
87716,9062.862475991364
103640,5203.584
100541,17045.426356598644
101428,6246.8225272373575
100899,4971.025297877218
91739,29648.2819047619
94502,39579.69075912755
93919,25611.89808888889
79707,50108.357109190314
91516,35002.77588095239
93156,26994.164
93340,29146.370557185204
86892,9889.966961830363
80420,17681.45449047619
91660,54879.241505293656
104006,14712.41842
79833,40728.40511555111
101663,7511.9528814249525
102471,14732.002666666665
105380,8729.886916468591
107076,22155.446
97009,22499.154268110833
78577,32267.597872175236
100281,7926.712365023797
81075,49473.08294797688
105712,28041.173527670657
90807,14998.268430829012
84240,14847.426326744722
96951,18184.50769333472
77270,18405.736
81760,13873.5
92040,40188.728
89339,17215.730207431458
95256,26161.384
84788,19407.354010700383
83686,12493.786144873671
98633,7978.413108567587
76608,20683.262352669695
98918,15739.844
100264,10589.298074074075
93998,19308.359042648004
90051,7940.951412558543
100506,11520.757402721616
95747,12883.069294623656
91393,12854.15723189992
101051,12743.71302517122
107844,16161.958216889796
105479,18945.607800386308
102468,11757.311902346382
106785,16509.45260734438
91577,17597.394901707554
80832,10261.104666666668
88616,2924.496
78897,22266.616949489315
83228,15242.742453442143
90389,7713.667333333333
90154,12692.571333333331
107664,20825.812586724776
84602,6683.326946874255
103155,7362.019149306898
94290,23984.87379284735
84292,9900.484454693024
82455,28326.52475
84453,8287.250602958928
89161,15991.979309841268
104207,14702.134175929543
85660,9708.274641621128
80032,37672.8
75996,20105.386661196793
83712,11063.437867535664
89784,9755.134
101364,3909.1226666666666
79099,19837.08133363453
101423,10327.362333333333
89977,7502.0744545454545
87688,9965.685646965268
87401,15964.76476676442
90723,13236.18135339878
85875,10141.804
106387,27212.756173494
76002,11713.688
99436,10132.919582534025
107239,13540.132998412504
80251,25096.681443223442
85127,30199.166161160472
90351,9404.848648323752
95526,24566.84171950024
79335,31760.19644153806
104754,11259.898565772763
91081,29794.63189705882
82005,15593.328261595081
89414,24961.282077608426
102366,9457.717574080883
107017,8971.65827376201
88810,10047.002720858778
86694,7256.802881330311
79641,8705.65
104863,15490.05551111111
100526,16719.25099941402
80318,22491.916299209563
100931,13693.212339907619
102375,10388.48
78617,21541.979828095897
103552,11047.336072942211
108268,15432.332883573883
77842,16056.536
88774,8616.06197675621
82323,12885.676
94125,24429.79450793651
98661,9897.943806411678
100997,14814.900454094126
76933,5022.74
76957,36952.524
84347,10474.35890909091
102000,6607.686581199283
84626,14877.940252068376
82214,47001.496
105909,28347.814599933496
107442,8721.74584747475
102342,7984.692
104461,21150.254687593384
80095,48535.745090216005
83558,15333.031148780132
104376,19845.4092475325
105494,13143.311039285714
81702,38664.448
108056,13746.195747619047
84131,17483.270294065245
94242,23774.338613853786
102987,7154.833135600658
99643,16478.114051702505
78954,31144.990166666663
85511,17431.712
85380,9994.965496672608
77232,28705.891933333336
86585,11213.026666666667
99729,13099.882305992342
94946,25854.756
97768,18982.157373737373
83855,24376.144222222225
92397,12439.593939393939
90311,9930.906
99324,8151.932136625434
81167,14948.26881355884
80030,35609.98254545455
103679,9015.316190476193
80164,12203.080010596157
103198,6338.041397714042
87658,10652.982231401775
102090,8746.056
92710,12921.937885030204
88551,10463.639133267072
91001,22863.72445252525
100653,10090.492
106050,14313.774559647669
92084,16308.165753386811
77402,23004.42403638567
101296,9038.333763926072
107242,16205.200232373081
95646,18370.18435825168
99126,7946.909404594376
90982,19937.237668385606
94896,29534.38952222222
93011,17139.14734224599
84607,18003.026048406038
83352,7028.154323809522
86097,16509.77241025641
99312,7624.261441219111
77584,28832.100665074628
97372,13087.058315151515
107179,17344.956106643083
105835,14941.812423496709
92924,26533.688
90798,7788.634340890487
77487,20231.96993333333
87523,9947.598338279273
104328,29155.97772553553
91404,16524.22
105702,20920.013246094026
86051,11877.316759742933
98136,12154.854645000796
91149,18662.206941462715
84015,11125.349125694835
78227,40653.564
91810,42646.243055555555
92345,22927.746556862745
102647,19166.088
106549,11470.851146031746
97007,19659.234834248182
86887,17738.49591537668
103983,14640.4
89554,13207.711603130887
88066,11556.167194616979
98778,18693.107055555556
91459,31987.736611376542
79659,27593.75159956454
83978,6605.318773998633
88036,17338.899904761904
80483,17525.176
101770,2280.353333333333
98220,21603.412359649123
84427,10983.60262528002
94491,16272.85388405797
83782,12448.48
101945,10081.461343403449
96613,11756.94510398428
80126,44583.77694097659
83381,16418.512959405372
100263,10623.64673046373
94953,21958.669712582683
84413,13528.17253348084
94816,36301.38499326609
78578,22721.89511011531
89766,14676.522662234402
78560,32294.133126377514
106444,17138.737374690423
100883,3440.613
102769,8618.937511551008
106426,32458.252
92404,38647.10533333334
84800,8544.352
90714,11132.071
96274,17781.364
88259,8665.57355309841
90683,13344.684926752521
78878,12546.82060919855
78675,12065.267272727273
102189,19884.916
97959,18437.250666666663
78324,21850.427428571435
100397,11342.292978826074
89808,12149.067320850432
102920,9402.575283333334
77724,11184.679572468682
97183,17720.005939215534
102360,7655.744
81748,19095.925104128404
100225,6717.724
101411,11990.083319527104
93887,24460.132
94437,14969.736
102317,8015.130856628372
100939,10825.935262611069
102016,7590.9674643263
88651,10375.505121212122
99340,10095.194545454548
107078,25488.26844389304
100937,10668.494657666064
86922,11056.967468861283
77864,28395.24242605803
105180,13994.900732654562
85599,7857.452103946442
94556,46620.872
88368,23613.71323239307
81005,54865.275167847365
79083,30043.74841025641
95200,27923.812
94374,24007.489932767403
94160,23957.0337826678
104549,14869.7407370072
85933,16970.451867469645
104848,21363.974373422072
104424,25567.969157380914
78183,16539.952
99280,22384.952080450308
97928,7166.588161111112
93122,15635.429050830511
107991,5261.0125
92468,28404.103172798597
97451,8178.340921749943
94463,15095.363924882628
77629,19551.976
86008,11938.641089597391
106210,30323.08753350187
106181,15321.636
87485,10750.131023858066
107645,9899.02139649123
100084,13017.22882818183
88201,11222.270934829496
86236,16136.199897705801
97090,15868.389623392748
83909,15870.452
77686,29276.24202998326
85505,21252.411913483786
92046,26479.631
76681,12865.780666666667
102648,8035.031440677966
104998,45459.216063144966
86349,10566.245167459509
77229,17265.03882361905
93379,20428.375678623524
84973,4169.754
80681,33438.136
97876,11160.89857673647
89330,10772.109714285714
106836,21225.386646429877
96449,10610.736477065571
88765,17541.577705882355
85710,7472.163423076923
104002,27050.225060475237
99224,7364.424928697244
96767,22610.47194859261
91035,33280.37654575264
91531,12063.724
95857,23556.256690617567
81338,22140.798704761903
97921,13027.876
94040,29329.542878895623
88240,11086.840829783388
104643,12136.705540608993
84702,8482.6504
79809,14236.072
82171,15827.404
102481,11299.17019047619
99514,9708.248830760507
76656,45672.91774023875
86176,14020.992158641357
85784,12435.63434920635
91529,24731.774659555067
96184,8404.341056817722
94982,25836.258403974633
89887,19466.892
91306,15342.118037886075
94801,18053.357704761907
84873,13141.850605888081
105262,18770.500498232323
78755,18295.904495726496
105378,20578.04
107314,25803.700949760678
88401,16936.03856040627
104523,10965.732007045834
95968,15933.160314338249
106940,17480.552747297705
85854,12717.070900684477
100090,16172.110650930428
94299,25313.53436026416
95815,45063.38747244446
83336,14435.562234943749
93357,10430.423999999997
83671,11510.592994005448
95352,17664.398775198904
81447,13644.473164962914
82530,10170.379714285715
84072,7157.9436931634355
79590,37982.34
81072,17613.89046119084
100894,12594.107566655743
94501,25814.37912270834
98410,17855.11530949902
77356,33529.004286868694
89008,7541.248704658214
79270,70491.16
102768,10559.826449804516
104671,15875.274119866257
91482,28687.842547619046
93496,25214.809918170722
89699,7449.295677264715
93711,18685.75174525844
92768,21576.99
102118,9812.519
99410,6917.435229983851
101552,7821.5107970144
105876,8613.363916666667
106386,25576.432
94563,21849.05457771664
95860,16599.796
83636,10882.927479783548
98837,6459.021139847746
78724,9676.479
92579,25704.603128571427
82223,27703.702883133825
84289,9902.263444444445
77579,29681.438476797008
83896,7467.496
87389,7296.346582144902
88139,8397.215792828818
106790,31858.494753139847
82260,30976.748
101627,9750.954309026994
81876,21979.02551073228
91029,19778.46568762126
84583,3404.468
108158,11149.184087012987
108203,15178.055650068733
98582,7690.168413690295
107003,37859.466587301584
107777,27105.59689146985
90308,7755.680555667423
76799,16214.56602371746
101387,14059.786264744647
79964,19471.454052391517
91606,25569.132994612795
103952,14055.86936402275
88622,8736.089930403627
94559,45234.325966804565
76143,18050.736723165974
94903,20710.744620551377
104486,19942.568
87551,7450.737712626263
78063,55715.1447837464
102556,6223.518343948863
100052,10552.227279901175
107074,35523.046102564105
92069,25580.705333333335
107850,29674.47396103442
104540,13798.68299427565
96846,22660.98975564009
92391,24333.169653082667
84659,18186.78228446285
84117,16845.168045670995
79120,13531.403870967742
91389,12983.87865194223
84349,8826.324027705628
90954,44714.19495238096
92695,14940.887428571428
107811,22362.921333333332
81971,20264.38696864885
83450,8663.513246473833
75976,26349.30205575106
102965,10346.624
90287,22738.6673211348
77605,44933.02087517119
91214,28728.416
108303,15856.404045585796
94860,43091.268
79366,21334.273666666668
106091,12837.97
76439,34387.30933333334
87417,33437.43772722404
93478,14258.222271385164
107216,19872.313744985004
103764,17106.517379220775
86879,13143.535302750823
103625,14554.527899126597
76402,11101.4512
80311,19648.15057595183
80391,37002.51854545455
100880,11375.308
83171,5870.703333333333
88078,7785.457461538461
84318,17229.20324222851
93526,21280.431136363637
94190,16689.365486720144
97052,12117.329790811486
86101,9603.925457682208
87543,21261.069565821188
85029,10460.837980317461
83740,15245.896
100089,5953.545165592185
98227,17048.916484987083
98248,6157.046666666667
107138,29562.32757778875
86854,10659.17238169456
102785,7207.051051236748
87839,12687.059380415592
93906,21384.388556432605
84661,17746.376937868485
87432,10484.198453669509
85654,18528.208850000003
90678,19063.993867861143
95299,19288.012
95236,28446.649692307692
107608,30366.148379640705
87004,20171.356656799657
100566,10692.991621578421
80665,11938.267602392345
88010,7271.08020289855
102663,12361.24714645656
85485,10457.137270661831
101269,10320.649333333333
104674,25773.724818351042
89263,17180.10463532559
95420,17998.596
102691,6132.486
86663,7785.457461538461
106138,16270.69930067881
91571,22718.04952133123
93819,11834.178394574315
78571,17774.284
94985,12226.4604
93301,17832.091200823477
106718,11873.77193056272
86771,16453.89966142857
87704,8160.809333333334
79666,16123.040522803665
107584,17601.55354439886
84895,11220.484225734654
108408,9647.587014689143
98171,18399.008
83310,10437.45032003659
86673,16170.468
82853,13867.177668884902
105650,12909.969851894408
98670,14260.704475728295
85066,5335.797163281979
83794,7177.985253986646
80583,12772.805842105263
88130,14684.939701928026
98999,8824.890741293551
101330,7113.576
94984,19457.100289551036
97990,7803.915065656566
86985,19946.818801654365
105865,21871.55539545782
108519,25418.064258297254
85264,14593.729709090909
99920,14536.052809400544
79757,24911.15974481075
102991,11747.372847352557
82734,14623.5721211671
93798,25373.056776987505
78739,18575.032
94102,26736.924
107720,14813.164317712271
104818,23792.219189600568
105035,5795.064
78882,12739.452
106768,9469.574404040404
104488,17615.733257605465
83401,20902.875586080587
96513,11814.017159287123
103742,7642.561895570244
85746,17718.63227331239
89503,8092.309937328725
86162,10166.702573844994
90081,11036.00716494443
87809,18741.440332571812
105903,13212.04083333333
91476,22501.155815847076
77323,24563.736
79344,35050.704
86967,11545.845566787017
87631,13451.234043379205
91478,21690.105684728565
87477,17844.655183006536
97456,27380.663750435953
91210,29369.19878205128
88841,22383.99165125928
86262,14231.895143947087
98038,23265.34879534041
108461,17298.66957083255
95645,21880.63974542482
91233,19037.066169157108
81480,26667.632074700312
82671,17703.0
105275,10595.22288888889
77852,19358.436
90565,22279.57942208652
89172,10869.3529496732
102384,9671.009
88944,8902.908999999998
80531,19667.70657595183
101795,8124.603296412668
90744,6032.154008261978
78179,30886.50162763577
94388,28357.239613792062
92546,17814.326739739176
84282,14463.40833484159
87078,17211.336233671078
93190,37844.979346411485
92014,14126.132
104501,25287.13427605113
79523,22749.04282735325
81096,21383.659628312857
78193,32736.076
94720,39171.86
97242,10366.858933333333
103784,11959.558741732499
100186,9707.201093232774
91494,12848.400355555557
98765,4629.711028253119
97370,20127.023237928377
76295,28652.5892
105840,20944.165087696474
100641,7955.54131737186
97160,29025.525039202283
96440,22603.527677181926
84853,5907.738057657809
105223,10160.332
105879,10917.480794117648
80347,29760.597521000404
84534,10297.705106384577
85045,10654.6628
99348,24226.00791330665
105487,18674.91441664711
101906,6392.967222222222
84905,11583.844603448275
105810,11817.563499599564
76346,11840.190222222222
104163,10241.806319664269
91997,22191.896323279885
94182,18773.722069384898
98583,12940.912
78048,21930.716000481123
91650,16773.680629971408
99045,22930.459771643502
90167,13320.163932955546
81936,6701.113454545455
97322,8634.100466666667
79506,16061.366393922925
101689,10316.124879444957
99677,5819.855613758705
104364,7855.744671265173
104493,20464.80572938393
85811,12583.903218279493
76088,19733.890461296192
107014,9616.265312814547
85517,13614.917410766246
100065,11658.59505323543
100700,8995.866011326758
100178,9972.971933135654
86072,21357.100537346847
89071,8807.656
76027,11194.900160459434
84394,12111.227157161904
97989,16844.501696969695
77527,11786.704
89342,9551.695207992345
94118,21497.170286682303
94468,32744.988
76061,20298.792
85744,9406.720733646811
105185,8482.097670269812
79043,18453.547522526005
103948,10884.356651643915
98325,7015.4605794548
77056,17875.108714975846
85262,10316.713560100317
94885,28405.36631237281
92436,66287.388
105339,10561.069477546362
85288,7524.661216068376
92944,20283.2260240473
83145,14617.273756624034
87905,10617.279786319947
89188,11799.265521032716
90245,14653.444612557554
80370,17273.612
92165,38980.004
91638,18346.233793602874
103657,11618.425349714087
81016,18914.498
103792,17444.504551785813
94815,14444.232
78957,9867.017333333333
83141,8859.59
107365,12355.105307070706
95563,19778.52557142857
76918,33650.85506666666
87215,13214.85391026991
108328,11706.641095238096
108027,19022.749371931863
79325,38100.526
89545,13754.85940101783
103967,8245.051599999999
77530,35677.44390476189
95330,39007.512
78671,3627.388
102103,9359.368567823027
80024,13740.965333333334
89481,9633.98544
89138,10930.282904917165
98762,6890.889379325124
86166,17981.305833333336
91396,16260.856923093532
94749,46391.75976470588
95788,17359.346225475725
99730,12208.232
102801,13915.310175178201
87208,12218.790857142858
83098,10896.574712962964
96015,26734.821636369634
107970,23289.80944155745
77471,32671.97409861444
85822,6735.598086956522
100518,9816.740221059647
97282,19077.17504761905
107193,8283.37392529942
104825,9187.396
82687,30135.542722848793
83026,11689.074
77470,16174.812
79254,12811.391881418765
108020,5225.895401709402
99103,6245.767532068233
78665,29546.860333333338
86932,12749.708833333334
79269,16495.104502792772
92024,55538.74812259244
95652,30797.076221385567
96170,10659.784151863814
83586,15578.565442437739
100804,9773.649523809525
100758,13081.196984823808
107628,18139.8160802242
108337,10911.202595024877
83175,15847.364360784311
90838,6314.588726425902
102741,14499.458
81263,16764.259307692308
97071,7664.065253350542
95004,17697.928
107019,16706.371666666666
95503,17066.131526610647
86249,13919.076178701236
106921,30575.666607843144
89972,18901.714861746106
77660,24603.918168530017
77328,28428.68015518287
98264,11371.979684200845
86800,15298.51129632906
76661,19954.117509650212
81734,47940.924
84741,11803.187356428416
89926,31502.24920319741
79502,13335.489265351887
96963,11874.03709389455
97855,27864.692118104354
86877,19474.243868410707
96814,23302.870295002518
94648,35644.60133333334
103104,6955.24
77999,22673.620189808793
77500,25157.416
108189,11743.95
107124,17582.598537369195
105320,15855.144
84589,11186.588437799044
100502,4267.2385
84272,19711.958838906477
90146,6166.070798219718
89016,11279.20740110187
92360,20138.128450115295
97341,14685.291333333334
99635,11210.497000000001
93758,22943.014279406867
104345,20767.692616695953
104346,12085.256
103219,19890.084597327757
94240,14684.193666666666
100510,16524.632
97788,10090.960756863498
87877,20290.65118094255
83993,9253.656740476192
95268,27544.960619281046
90857,12199.728
89897,21120.460473602412
103642,7982.323333333333
79712,26792.004
84733,6681.721606591557
103510,9774.14342857143
82151,14593.880866666668
89275,6359.674311355311
97022,23858.97379432187
89964,6942.129917317301
103169,10552.227279901175
98586,12140.90535211228
78199,8650.696
78507,21687.49214368967
88856,15163.608355555554
79309,18303.347366348236
85685,11316.401298746867
76527,13505.625105263158
81636,13947.582888888888
86638,13032.45867274584
106517,17424.2065909388
102023,13694.340017537905
91620,49611.15029185897
101886,7024.568
84887,13779.726770175577
84751,9574.214776212972
92613,25343.683156862742
91825,24611.525651259883
101895,12160.868
90560,16775.034359389414
105545,8919.012
78700,20172.84286370701
82886,20513.7525
105649,10829.044666666667
77577,15572.39342857143
98003,21294.4249718348
80537,26081.627276190473
87387,13967.327654386429
97626,6705.932141876785
92948,28726.27647826087
104000,10476.260555555556
78385,20649.988966895882
103301,9678.173994775565
100102,7163.783133813486
91401,16088.460820575316
105726,10085.564460476164
108002,10753.23894139194
96055,9381.892996716068
86533,21786.46204761905
84966,14818.685528574908
82750,8539.702510117402
84780,16903.977022024974
99760,9639.34394468041
96353,27150.563249241575
90252,18896.723969335653
92114,21710.737162689093
85641,10949.50167213879
78846,29950.20837
97479,27058.396890573542
100657,5338.143343041177
92553,19338.743714285716
87684,8083.296968253967
76579,20701.656828571427
104441,7794.634230892179
102915,12473.258914397566
98255,10371.566122400476
84716,10461.00818954595
85426,11207.247407071189
76829,17805.116
77899,38856.22266666667
93875,16694.025018003565
94170,34466.13066666667
96206,19513.544
82777,14583.181250616955
99399,8849.448
76017,23866.500152443834
78785,14948.048277784646
104195,7653.8258454842135
100767,11044.28272600949
93500,17143.29758301384
103248,6777.168727272727
101828,7849.172379425656
93209,22823.164
96665,6307.205476792964
94208,21193.891085265703
81789,46142.11467990485
92578,16914.557622998385
84750,13278.653100353213
107543,16270.216748784462
83294,15270.160062626263
82408,9396.744382184188
104836,26379.73334164006
87366,9307.040127586206
100488,7978.212360992479
87296,17042.35669796756
99820,6947.373833333334
103856,6402.196
80536,21543.074948603688
95407,21178.338034411798
78024,22064.457591449027
88166,16477.440029304027
79046,15995.384
100829,9803.825028469328
99250,9675.768
107164,7868.97063197279
83857,8412.211063607176
90031,25971.255589743592
97531,29572.863723669892
78237,17884.1188
77205,19950.08435097124
84796,18435.306471807715
79769,18759.183601310815
79899,12713.304279532165
81570,27929.150226295045
96209,8108.461219011381
108012,10689.277060439561
83784,11302.108825607173
95293,30930.07436333967
107894,9141.513824024887
90118,8051.514237734791
81548,14969.335161332378
91246,12860.959372258938
106066,29779.07148891513
76349,55073.45881077733
84792,11046.45268013417
94792,18866.998236703595
98772,9906.276074074074
81023,36643.508
92760,15659.043237005597
81049,31096.09499914955
103697,7228.156
82248,31885.152722222225
85475,28261.52330296397
80927,27188.723712625888
93520,21573.262286682308
103034,8176.1695
88006,15846.645401615084
80697,17249.434625709342
89565,19345.2244
106983,16429.17474020992
76042,22724.277026969838
95214,23716.35397942982
77712,17141.67197065637
102226,7721.506062722004
106128,30352.421149260714
94347,43047.84608494208
84176,11361.337207792207
92633,34224.22293333334
89147,11606.599743082197
76200,19343.073771984553
91972,25321.896
95624,15724.216212827661
88237,13134.523974384774
90626,19292.806399999998
79402,28304.850147137135
92751,17790.38
93494,28237.712878571427
77785,31300.495262410634
108502,10742.781200000001
76356,11522.372
90256,8464.692062880324
76286,18876.898137706015
98835,25824.247745203178
78799,27175.43686106521
99864,13388.043947418211
89317,22675.057819607846
81235,35266.792
82980,8421.56
79032,13536.828
94549,17684.974384615383
86872,9928.492098343686
101730,15665.024091185409
82684,11197.83874575928
99516,11050.60925620739
80017,7381.664
99863,13214.796
92792,30730.172
100593,10615.95734502989
86135,6603.202718148517
78870,10286.154299999998
107586,24248.781333333336
83757,14674.423275994057
92765,22277.417989695787
84890,9234.012158241962
108290,14001.411287870384
82893,26980.037600000003
89660,8670.843280984493
105543,11597.957739477799
106368,12098.180428030302
81799,34926.38
102757,5725.909475430418
87520,7959.670284087576
85172,7969.378599175555
76593,16557.398750660293
99431,9674.9402
104403,17857.491112337964
102932,9194.548
81998,13595.671471972577
81391,8437.175600000002
108151,12666.020926692585
100164,15365.640987907213
77950,40301.62
100416,10542.768
108237,13111.350960857995
93464,20046.641614285712
83899,10482.136152380952
107184,16575.638105760656
78001,34466.78
98816,6818.398999798743
98737,22251.489791237484
105432,20326.913882199104
99160,4266.944
99195,2031.04
90337,8269.889324232756
85546,17069.568967010775
107128,20019.208581261188
93327,32165.500809192617
81501,28894.88289143269
78485,15157.579226944841
98491,22349.751545414354
91265,23376.558763978846
97185,13750.10174431917
95708,18425.61493333333
92269,22580.57250622552
90122,13751.03230128789
84219,10612.04780952381
95920,19823.850475296364
82679,12685.1364820955
105174,14291.702
90879,11865.155958366271
77507,39946.584
88757,13783.499466666666
101256,8893.216043185408
83426,18040.957074115126
76075,34115.052
76871,16693.808
77695,37658.224
103555,10878.653130310384
94893,21955.864378375634
95836,15874.552285714286
92061,13271.187600205254
79710,11393.696
93899,12832.58919699476
83299,9471.141483830517
95620,31507.754148839453
104279,19066.453806003698
83705,16656.718594771242
95472,34267.286
106260,16535.071877609702
76886,14652.7
97248,11348.71200544477
80660,14830.924
101333,11635.883622518722
89360,7280.947091953602
85450,7563.030485943414
88836,15737.19876299573
77416,26197.37815213057
79577,21688.57460099183
98503,7776.721494890402
76778,13924.54
93681,14359.97934549508
98418,6304.871530276524
98615,10308.066333333334
91857,31324.61733333333
85059,9112.40163256054
84064,14458.588471101426
83511,10696.663738382156
87961,11925.068026139434
89756,8470.36
106904,12309.357723801879
78218,27112.910421553195
91503,21725.66
77126,10142.3
97801,8776.552301265176
87474,11287.411953859157
77057,24147.497666666666
79478,23609.102521599365
90041,14796.096833135973
83374,13901.202279430167
102094,10752.744101033968
103780,20256.29921812183
105079,8004.3320652078555
80462,27089.42
101705,11907.39643347207
105756,24854.03142857143
88993,10675.381333333335
89593,7844.330208247599
86338,16632.972
77853,24742.60706233017
92077,29408.932874998103
102494,8319.830240999421
92534,36889.66
78971,28033.450734673625
84687,18213.72834087311
88376,10717.439457662531
105707,14130.598502572147
80939,23998.7877
82258,20598.175666666662
104917,9219.076358292281
95086,18871.832545502963
79275,15455.376525363235
104721,11075.337068573093
107939,20223.146198735634
106703,9496.716946364746
107820,12422.028063492064
79947,19912.988
89961,11333.646860166176
106451,10215.064803973803
98821,10993.550375743294
77748,33882.224
104802,24963.516613500306
81481,45619.96651091724
93544,17197.26891971861
89611,13855.855841549655
79850,30791.81754386275
81466,21814.37370217775
90668,7320.777457628794
89743,16094.155269492267
106672,24843.7930793528
76030,17263.212353191488
97231,6514.455518835235
93484,30160.47824214457
81393,12371.974876243159
94369,13747.160319327731
93507,33593.35165117338
100752,7709.416742583498
95565,25120.715428571428
98749,14789.356267182347
99634,12177.017851426675
86127,7298.420666666666
101842,15875.858
108481,11044.013359547858
82863,10837.38070820434
90043,9251.3921
76857,32453.40826666667
83241,10896.890798172048
103197,8633.847387072452
95458,13836.788
76515,10734.884
84987,12866.44573367471
80199,18553.98
77835,22616.071270869874
80809,13822.052897841726
77245,23993.700870974175
104828,15070.010426061783
107338,8333.196
78811,35219.86
76708,33198.31839365079
88559,10355.227403333334
99380,6323.468
89411,7344.207516222172
94532,25128.15182075551
88046,5886.002356403029
99155,11327.802374311508
80986,13841.494164631096
96122,24797.48462963294
78618,20274.230600000003
98205,4828.18
98995,23686.832170547237
102432,9376.309218701697
78709,13277.947538720538
93586,21662.71481471654
98147,8742.85285209096
95468,33819.14906675686
95425,15088.913491466386
89106,10305.68331761905
85764,9959.497249482258
87674,11040.075556818181
106365,37523.70066666667
106263,7571.479060686929
97423,14704.196412762676
86855,16992.218154385788
101637,8287.249039947721
100129,7357.010174822131
89346,11626.259885714288
80037,7986.708
87439,8263.220857142856
76329,55588.24779490432
101234,15880.12434189291
93715,27694.204313242197
96728,21565.879697376302
88023,14931.692866666666
100289,14308.841755447342
93685,11883.998324444447
97301,13140.402
100588,10667.897696393708
78240,16988.375499785165
91194,33808.208
78088,20704.03520241662
103811,10080.201356888172
79852,18957.21088352032
77718,18827.942666666666
99968,6788.13877183777
82937,14309.422401625956
106774,17869.054933333337
85107,9802.874980088054
77329,28221.042590909088
106498,13961.19661531969
80946,21037.261620168065
89630,19678.652186225852
105995,26009.36592132666
79926,47409.40410723217
93982,14954.263691866028
95152,40720.79720168688
102460,14101.417280188545
86797,18466.65002802788
98696,13599.232
87491,21504.839
93185,18979.451479223415
90910,18996.556
102510,6269.697335246454
99707,13238.701954870736
106468,9529.829066666667
97505,14961.542666666668
85240,17106.369630253255
89795,22676.14031802913
78677,17577.913521235467
94311,21489.178286565628
79406,31876.22414174115
85528,24871.159154271652
95656,16767.104910130663
102783,12995.956973998762
76191,27096.062077499526
96193,16734.898814814816
108352,18073.246297446512
94226,24709.336
94472,21193.84905860465
78628,8332.54
96861,16699.725
89698,14815.52647911644
89021,17844.329619047618
98919,11372.685798534802
107511,28144.848089408344
104317,13137.754482101973
105587,16650.86512650716
89244,14000.358151161507
108221,44434.881663144966
104558,20403.613100070925
99691,11736.089862197528
81153,21594.413666666667
83019,13141.875266861447
84699,8001.095457203808
92354,46169.61157188277
77258,35754.056
81991,13734.15513513274
99191,14633.59544845734
80072,19507.17063579201
97195,26541.45633102329
83104,16663.444
104712,12137.208376602055
100443,10780.4348
93443,29161.568239238197
85543,12411.068800000001
82977,17400.596139215682
92597,28329.255648951523
89182,17388.166254040407
89737,9478.796
103093,13070.402269345517
103417,5835.906303030304
78550,13740.612
93081,33040.388
80992,13395.983390368281
83725,11132.32922265056
90755,13694.049343936504
89727,24476.96
82723,13942.158578121403
85046,7421.999423076923
105507,20788.521532532995
102497,7116.777333333333
86897,10032.454786498525
81522,13564.27695079365
106201,23034.5764
87615,10922.027204450382
84646,10269.499636796538
104296,24325.21230407866
84433,6061.398765079364
101470,10875.552038655218
76641,21491.204
88265,9631.0397860356
101728,12809.206967741937
83541,9719.713349655865
93807,32461.98971428571
83873,10446.37853455913
76785,41678.24233333333
83629,10579.956980153913
87576,18067.681847446096
93395,16551.671308925466
95537,19443.37870286413
89598,7049.17977969939
78074,35382.824
102980,8727.792
104929,16221.32477813017
97395,13290.912371628241
106751,22544.180083845644
101628,14781.444602253066
103613,12643.076
103641,12057.814058015669
95834,19033.314222222223
101797,1787.288
80042,22932.55649052397
81608,19114.358424944618
86535,15246.26396569033
98235,22572.315147116973
94784,16907.296521131244
79342,12511.823634522125
97906,18920.643380498896
84622,13312.516129252977
85948,20327.384656799655
88274,11935.829556314127
92480,21231.42304389052
86378,17256.84361498845
107558,10737.004
88531,13782.922372204079
103681,13202.821493451185
103559,7609.198458377318
102821,12066.991627362062
77372,29824.94858497881
108078,10766.300294220502
96014,10030.752
91072,18335.235295542298
78981,15170.503139987488
85860,5067.652
91538,19022.1010779108
100904,15204.670091651304
83903,10991.310985113325
89075,10097.937508041066
87210,4743.881506060606
95405,16558.432877922078
101957,13026.071197695856
91384,23578.371
91816,22309.971906768904
93271,19720.072038866158
106951,18190.243208387335
77457,17016.995389760115
99216,10638.868689585073
106683,7269.096
79593,14210.126304515034
92575,15916.732913627933
106332,21467.388906417487
99751,13268.250580706232
97844,18397.583302462957
90776,12159.67770194805
107788,30495.26060152092
97552,9143.964579941425
85396,9081.13179068645
90072,7321.017973221983
104380,9657.598907636739
108171,14727.863960034676
82534,15596.573594444444
77917,26507.32226430513
76212,17717.172
77975,16881.84366461612
96718,26872.4610237885
101250,7787.387111111111
102875,19466.158718159804
97385,9781.742864917918
93943,21674.77236489472
76389,18486.333333333336
104653,17202.600281961404
85000,11291.308825607173
100844,6251.049964957265
94384,43490.88288778252
91625,19786.879505491812
92124,25222.077751628403
100983,12159.791941766425
97669,23526.161075742944
76674,19526.212926930217
104012,19696.110822367686
100742,12087.338569626001
97937,8934.308
99509,22565.899333333335
99834,9082.6992105862
104037,15578.505735314904
96369,15266.451593101428
86125,9873.890218326118
102999,4890.829111111111
85473,12221.59761904762
90508,8116.969810895478
105281,30530.93831004503
90368,10040.77780952381
84029,10351.1390568349
88603,11032.453045067537
102423,7007.736
105253,21733.6745001998
76230,18418.52726194453
100316,11236.076503141236
102553,10460.230764958029
76308,44620.79066666667
101348,11071.613762770563
105689,26537.61419006323
78347,22029.827214285717
88127,18677.128889052656
97320,12019.433569597732
98421,15527.441918003564
87422,11788.821277950314
90886,6254.641324242425
82580,7588.0105168350165
106420,9440.839847628384
80218,13542.543555056052
77197,8509.018258008658
81116,14386.731784707496
103847,10649.618
76611,25324.79965953038
80677,17036.115388591803
91546,15351.680485249413
83706,11798.141367070095
83288,9618.422559333385
83664,10352.700200000001
81103,30393.234480914787
104136,19559.912
79754,27286.89504285714
80794,28700.810934452646
90027,6317.826
99186,10934.096
79957,11509.085066666667
83420,15858.503546666667
106971,10353.666402335197
88929,12827.47688844313
79354,18825.81440416057
104624,19317.917234432236
103631,2857.816
106329,13007.611697841727
94466,25922.188
79495,13047.49180952381
92262,15128.526939429656
103626,10637.17650507681
102620,9850.407312073236
103026,11628.405601113407
95440,25451.55938866694
90675,8083.03902374455
92169,20085.789618699593
85598,8970.896333333332
93980,15837.29291400657
89884,7726.82215
100361,10426.626220745926
95314,16211.567666473751
102984,13527.922133330829
97290,31204.842031746033
88702,8009.841124223325
79250,22868.502939056376
101218,10039.742730415222
85994,15747.908738404356
91181,17363.96
105974,14292.085584415581
92222,28223.654666656563
91691,28487.204
103472,7735.814070795597
90116,11218.845970004299
94185,17008.64381818182
95705,26616.8704
92442,8539.884
83759,11217.100193236716
106311,25477.858817436805
108531,16686.320024790908
88487,7701.582516835017
88956,11226.785930698676
80477,22752.075597069594
95422,12321.229136846192
77410,11999.480960784316
91873,24490.935663075827
95274,22779.94
90023,9339.10393641729
77204,15963.89333770927
76504,20554.736
105902,5120.025117888738
81820,14586.511407015927
89405,9669.241906577035
92206,16000.968
79328,18892.397886908107
94971,18752.671373106936
91185,46921.85010470583
103332,11891.035093030596
105983,17266.16
81775,21189.74371024501
81946,24710.17377191288
97846,24874.42314972307
103884,10397.823333333334
105182,9273.153468425633
76148,25790.84468741512
99255,20073.003462596876
87785,10983.60262528002
78903,13969.476
94578,23114.978812370788
107853,13144.622095238095
76717,28851.390496732023
99052,9521.66
82390,33492.544638095234
83676,8523.445603242973
87748,19790.10464863219
95443,27507.20666666667
94430,16108.466115962141
83886,17385.744219047618
78492,13769.816
97540,12471.611361904763
103167,16441.81204010025
82621,11042.263387452007
88729,21743.968
97779,8886.604966679315
87179,7865.416366421984
83693,11046.45268013417
83068,15038.118037037037
87978,12194.33167948718
77547,12791.396
104135,10256.359253940765
91838,20917.431218885067
81044,17374.930235237876
82100,30878.064340453624
79196,10912.191784362129
103420,9018.045964585104
84430,11629.125338512717
95116,26851.203868283097
88758,9910.613567852437
102600,15185.430315789474
97943,24314.510408192717
82923,17615.856124751732
84173,18126.061010764453
91455,25692.89116950841
104107,13378.963143056631
84031,7435.555964428388
103307,4779.792
103516,11244.379247249793
94534,13320.232
89498,17885.54721025638
78100,5962.552
86728,9841.44337093911
89787,21392.02876172206
99604,6485.492274256001
87920,12936.545350420058
95679,28822.212194652155
106342,11294.279134502924
105013,8840.036
94526,23429.617807082945
79217,14283.804395791749
105206,20951.052
80930,14977.831723265861
101748,9724.058
108486,13061.228666666666
93949,31296.40038395272
99658,23674.726428854243
97561,16765.568990713877
101617,7979.664366526894
81330,48618.448
101771,7471.440470051869
97270,6174.131786019536
101595,14143.387846365133
98215,10461.703841756978
84007,13386.847256173629
92680,20554.4392
78992,16651.30277877629
107596,21702.94906372875
77206,14749.001781968642
82743,11663.158705936448
83701,16572.256770791064
99165,16298.60156800977
94432,19878.4928
86548,13155.12954531848
76397,21268.429364621705
100070,6389.705652790056
103513,7710.869648650731
80091,20505.787068509984
76782,22141.808648621554
100886,11127.989377777778
103951,7830.155420420465
87351,17605.346600337743
85974,17299.261204478968
79314,25174.034088470064
102475,14050.88172160584
101614,7498.990629174568
99033,9557.339424175212
97666,11890.883010526315
99253,9192.501055546414
91658,20527.800374154813
82007,18861.56933689337
76687,51134.58666666666
83921,12267.694692874993
92186,24868.26
85865,13641.708448910478
78521,10480.701772549019
77902,14571.535877701093
101697,13981.678301300926
98102,10538.867025966885
88037,10723.347203691541
87226,5095.772
107492,10006.171333333334
100723,8521.824
78581,13634.955517460317
104777,9141.763438383838
95606,15159.181132771799
101145,7786.807666666667
98544,11810.541765298298
96417,22365.332
102714,10552.227279901175
85830,12569.12533193473
80541,26130.831479182205
88142,14642.044463784996
95553,30056.91221500378
107711,12321.550857142858
82572,9939.054290577384
77820,54901.33959221488
94456,19094.622666666666
90433,5500.2596489205425
78161,28267.03451953946
98322,41455.448
101884,9530.31470545741
98723,9127.36
100828,9938.140868611808
100612,12944.89823238459
78754,16537.420001860974
95053,47655.056
87293,10523.811179706061
83679,15745.466933333333
102810,7067.855105264088
103021,14231.84
90497,15172.699587719299
106798,12696.035459471586
96234,13491.622498214741
97962,6674.536
81585,10835.7165
101255,10409.181317255378
95824,17600.534593920525
97053,13310.37682543737
106657,23877.352065412186
107453,18388.942733129963
77979,14673.876
93717,19039.612931138443
100424,9171.872014323875
105579,28029.54898926127
85608,19991.544325518928
107878,25542.36
83229,14459.23032777778
95478,27641.013214285715
104405,22026.69524740566
86681,7309.917917487011
81901,16475.77824217108
77806,16623.17324403183
102650,10409.129713441667
80845,24127.53696
77445,16158.84892857143
79206,32428.339333333337
105219,18086.582999551778
82665,3309.116
79532,28627.48142541091
98125,6530.951395815449
77147,18631.599326908177
84836,9818.994437716563
105376,17321.428
77343,30122.52
108114,15186.813959357683
94994,11735.075365140776
88610,6020.251666666666
99609,7356.738354186022
107243,21649.204232231386
98829,13923.636
85362,15208.95173054919
87409,11026.19505982906
95322,24135.845526950317
86185,10810.223128692047
81792,32952.44421065383
84113,11326.676545454548
86139,17614.55194445279
84719,15472.216342857142
85120,15261.183752075702
101693,4864.564
77413,21035.02
77179,18896.95687843722
91580,55737.01608516484
84116,11987.073333333334
93025,47882.364
105224,8704.920109216111
102854,11701.55645335759
76237,22955.857162236178
105595,21601.10592712991
80155,35166.028
92056,28848.357304761907
103229,17361.68408640869
98783,11271.766638492289
106357,10662.614807095344
92305,30752.396
96312,8052.2735
86890,8253.436515151514
93354,13091.891570963993
86898,14018.907317422198
76058,18046.92
90555,8586.291243305035
107136,10726.94
107052,29070.24280087446
76384,46306.15448888888
101670,14212.496203083352
102438,11143.669688326825
81063,18050.21842875677
88254,11314.012
87041,10272.513885452623
84909,8623.12981074481
79053,18572.940380952376
88187,10073.86
85814,11258.443920197207
106396,17655.80828340795
90460,16032.111902125233
79261,16392.736574703227
105167,13735.389333333333
84047,18500.51691241656
96771,12811.982743915345
91074,87770.276
92357,26030.597209679214
99588,8742.85285209096
78138,29670.330936507937
94328,17693.552
92019,13118.132
77557,25407.90023209601
83024,16300.801
94888,14726.104
94193,29684.30766014315
97909,19741.33433890609
79111,41308.56783333333
97936,14050.66927065228
95276,38529.524
107815,15143.66429385846
92806,19958.4008
91317,20258.88914489308
89507,21561.96207827039
97462,17403.06688659794
93693,17062.9030857971
81331,28079.79598502196
77260,49858.77905782849
105287,18660.267572118657
86064,5063.0976
94906,28212.828937152248
94965,17591.924
105863,7625.543572807735
96962,12005.761029766392
82573,15837.2357
83271,9334.239466666666
94624,10021.88
105014,22172.95444190911
99965,10552.227279901175
98009,11992.18
108442,9524.119662049063
78211,32291.506617852378
87609,3933.2225
95639,15098.528586473029
83389,12401.946572499164
84086,16989.493349056313
105956,10822.037578421581
108384,5239.73114040404
99053,9427.513211919431
85503,10980.147236410256
100879,5957.686285714285
102238,16779.601940219345
107311,18704.291640788746
90740,8565.657572229306
96463,30801.279365079365
96521,27388.949851105346
100020,8024.39695034132
86048,16934.618610651236
90310,16121.30482861583
95810,12767.508154761903
106809,7111.008642124541
90420,14838.914575635425
77189,22793.102614947653
103940,10763.868692648146
99054,18381.090226908414
86669,16569.45831140351
108226,8075.676
107731,16429.17474020992
102410,6958.168654545454
107012,9968.188
85117,6248.666870184688
89298,8402.139821812829
80880,18213.554780069924
86954,14497.89543046877
100029,15436.286242386563
98943,11829.3976
81089,40528.06
89148,11209.307662339712
98024,9714.344
84621,15952.045894483304
98748,21768.94961582766
106824,19091.663647065187
106049,22155.446
108266,16657.195840458637
98763,5009.196085714285
100238,10128.330157764214
107279,10920.096367777776
78188,49901.22321947718
90443,13775.387932656397
95384,2438.868
98928,22327.56964102564
83992,8313.043039535856
94914,18681.459828002666
92340,15293.384
77677,14011.236
90840,16820.313006393608
106434,34478.96318604681
83736,17054.88916897781
90022,12499.223797018463
87633,2551.532
101312,14231.983551354775
92614,25951.31114111543
79410,10988.851935353532
83220,9709.070786071092
96064,10488.400448306596
96470,10079.269453767653
77247,11690.228
102732,21783.676
92569,21185.072
103467,11415.156333333332
102976,8339.909180524155
87220,18655.5677832977
82183,14983.540119866166
88173,11703.697589890588
94227,21657.54519191919
83048,15823.9140415282
85320,16839.811658767125
90217,15496.622783365137
97112,15503.829913958798
78246,10273.328
82000,22676.49025516465
79672,12030.449813823167
93499,19989.844927969134
103355,7381.68
93334,29519.607243260427
77302,14528.896
87100,14537.580766764419
92568,38325.13413333333
102148,8194.05466364564
81098,22401.921972879383
77544,33699.50565646274
92644,31570.76101393056
95996,25992.14813427986
79138,13770.914187830687
97082,32161.056447628955
85843,8776.390526635512
103831,11532.154190063551
78047,28223.400255764882
99184,12118.127
83023,7813.174933333333
100629,6354.248411530647
106087,17210.72
87161,13637.718486418467
97572,10325.35900595635
86106,18731.592225
90163,23243.616
95623,45994.691682539684
104349,14358.595432029839
84422,9120.93119053724
107061,10971.740823823202
78175,36167.836
87468,12381.510528495863
87136,12745.149714285715
84238,8950.423380708178
85432,11106.646639097744
85363,19004.77199627642
105017,11097.261380952381
80633,28793.961085094124
82273,29315.524592527458
76668,20720.732258525182
100970,12859.243445902337
104985,10227.33942857143
76457,18503.099166368036
102241,8497.744
90884,8790.92927999018
79706,22864.058603705023
92608,20172.144031312047
86284,10950.679066666666
103990,10471.13945806113
106152,17773.888
97553,19560.4264
106477,8867.219333333334
78423,25470.992
82766,17510.871238998683
77477,49825.19767966145
97680,11539.669842428711
96346,13294.991761904763
104141,17524.886333333336
80807,25013.452763490175
100442,11099.627846208088
107029,17588.628
90213,6297.172142628764
88434,20195.65293008135
96441,9444.937651709402
80102,14872.100634574794
105520,29917.521022150304
78279,31114.973404379325
95023,9034.82
76739,19897.070317124737
76776,32036.75132389832
89754,23855.94688534854
92585,16356.973858152413
83197,8541.628239571366
99947,13284.887725269084
108399,13532.000071770335
99140,8280.570765994578
91454,11193.352
104130,7635.479996733591
108320,13676.792233489985
93440,31430.031449445294
105567,19216.401981554194
89460,8111.396307221031
79662,27292.069268008137
88491,14467.376
77034,17300.156
90404,18025.42726922201
76014,11863.073363492063
104971,9946.681199700235
92516,15858.869521069468
86856,8513.058005887448
90648,19220.3904
97201,10739.632670398401
79186,21303.991636363637
98204,9701.924157564146
82568,34241.548
97595,6387.841063492064
101703,10279.50601394814
84202,9519.431822376626
97310,7179.319897088721
105498,14447.458162637362
78896,37756.563269841274
106029,16854.254826973447
90047,13675.739603722495
83277,18209.87812857143
103503,11935.530125424219
104327,19287.745519769334
78026,31456.607
80909,21579.757119696966
85733,8438.103289750214
103986,14424.020247278544
103236,15365.640987907213
94181,25567.36
78518,20950.892
88239,8763.565085714288
94503,49114.236
76074,14440.227443467644
94424,20125.534566053233
97663,17647.592107835237
82357,21839.123287784703
92631,27183.52663275613
95482,49185.173950855475
90697,16356.222507264956
78798,19928.325050749918
103348,13923.074416262962
83659,11452.316825396825
91108,14130.164
77916,13317.67507894737
106086,17352.036964285715
81928,20523.527412247684
108406,9841.744815847273
89731,15301.838445372905
106178,14338.768
107719,22688.667095238092
90633,17251.069
100003,3263.816088888889
98978,12263.032489232608
88009,16707.27572814
96631,13933.535800000001
93628,19940.660209809
87288,10321.070736164345
82057,27181.68358580378
82925,16018.94470378497
100038,9259.704083333334
78420,15818.664615070114
96271,8954.308174177439
97966,13478.404
96110,9036.856432220038
80393,14675.224343135736
78706,19554.443377931446
107484,17595.365237609618
103084,10479.846883672166
99792,6917.36610363737
93476,34938.804
88975,10337.808698378289
83981,14563.977993711353
79492,15141.924315759992
76802,31878.813876170098
83781,6211.774333333333
95719,28516.14631248113
106177,33569.55102518684
80626,28588.791312992507
76158,13612.872
91434,18139.27793265044
80463,26076.817366785534
86263,13649.974663070052
107666,22828.332
94262,22489.9734124825
103501,13621.709175193797
89996,15873.351634556231
87306,9075.068504304152
82265,14265.827347567176
106825,15285.700844868856
98851,17716.728253393663
80547,27589.68779678705
100440,11307.786092873821
103194,11623.335635099595
90394,31903.184662154672
86111,6486.205698357198
88528,19765.91968627451
86857,10153.42740495519
78099,8797.868
92331,18212.800150035055
96016,19644.377
91750,28902.551323809523
92459,22214.865850793656
107321,23114.738909523807
87091,9740.64075542522
97925,3859.928
81737,15453.223394956774
99093,9322.741033842834
99531,11320.372152343087
84423,11327.284
76406,23741.559740469962
107350,20799.6217962963
76326,49064.84183896857
84338,24485.63737209108
76577,26763.998666666663
95385,13740.372361327563
90391,17721.125936187196
107624,23655.28686169386
99241,6023.955483694084
80248,21222.508992893403
85295,16945.10599809206
96343,9612.173178437906
80926,12211.32623326498
94027,21887.107993188558
79544,19657.249478844962
84425,10281.3436294741
105264,11937.0504
82643,7605.193098759303
93474,13779.803297619048
107072,9002.804737777778
83519,3710.136
85962,15891.70990566535
96932,31581.041207259885
100759,11226.08911851852
107022,6657.370244783788
77012,35580.936
100651,8226.639775946058
89430,19158.63042741285
88981,15274.300730736584
95740,23727.639246618073
101954,14141.999466666666
103408,6265.825226172403
81304,10671.106825396824
108421,22702.887587301586
93532,20077.870897796136
101576,13658.883653018762
79931,19171.34487025328
108176,10574.491335877085
84455,18435.554319076153
106797,30397.534666666666
76513,18484.759980952378
89674,15662.558466666667
77722,21575.361062764052
84754,18343.121333333336
106492,10586.393527272727
99242,8364.308
107569,11864.543439560439
94320,18167.685071047486
82637,10615.810666666668
96550,15359.65788235294
105480,19237.041162492795
100624,8202.622
89114,11343.487175537262
100866,7543.6371818181815
81896,15875.291978161991
102689,18510.19870235255
97911,11777.020220370581
97099,6722.048884473588
92071,19540.39002393162
95849,44941.95299077933
102903,10289.84914978355
103725,14953.888936037056
101176,12159.791941766425
103887,10016.933338159715
80921,28482.45134155354
92266,20673.156
106467,7805.2568
92139,22778.956
106826,29991.67320953275
88193,13359.17923455952
106211,16468.768
88612,15886.152772266485
89179,16893.170799317802
80004,28380.568084848477
98225,9389.019979238097
99856,21368.954852941177
87150,24012.699705424413
94786,28374.842411419817
98471,19153.666863247865
103319,13844.47928222083
89393,7405.869724827986
85789,16624.264
97761,19481.688582158367
101800,11555.162175886333
91588,28809.885524759167
76096,10580.364
77378,21378.532
105010,17134.966955844156
93587,29339.219445624225
90171,8222.004155073671
90438,7801.046313306333
91148,18122.140415073143
91323,27784.772
98577,9722.3328
77741,16412.738023809525
87789,15678.879417454635
94742,31367.568702150136
78295,9258.112
104797,6494.290642511043
77425,12111.084
96208,18018.46933333333
100731,10344.796755871093
93163,33830.34
85915,8722.33903169377
89993,10517.700704518662
99626,25512.27578268912
78228,21627.469524763397
78779,11978.688
78654,19512.865
82947,19982.423754863124
99479,5976.605577183602
90585,15288.641119255053
79933,21868.355690745168
79287,30565.346
92899,28205.03290811052
93755,27694.30454141472
92117,30751.864
102417,10658.04405680221
106587,30623.695896732024
108201,48955.116625
88442,7003.96
82673,10263.85093705985
104223,10996.039670329672
86036,5526.068
93425,24265.85062697099
96693,10780.778748644658
82050,36599.14
99460,6906.875186006112
81829,33631.354266666676
83925,13629.298676367134
94041,31653.696
82035,16330.849654203193
107368,8862.728
105591,21664.94671717172
107782,9320.107963707429
96340,14032.444
97566,9515.58611679398
91719,14162.136887847115
79210,16401.264892753625
89898,9279.283825874161
106642,13031.336050845104
93485,19163.095380095343
98774,12185.111828571427
90967,19771.03565456849
89550,17741.84912987013
99247,8420.520224558883
99897,6712.428507845606
91394,23252.65118258127
88135,5674.295633551361
84111,17715.73543259043
91479,28099.951527158137
82622,7728.211713377466
104106,28692.324919932697
77050,30152.216660001613
105631,10381.653333333334
86427,6445.012803862159
93552,43834.768
81830,34874.056
82034,19442.21952634569
105857,20443.047363772177
91623,19442.817927685202
87886,16683.341322383887
78123,2843.016
101951,8878.649539763084
97543,10181.171311493292
79462,47094.022971754835
90234,3505.516
81860,22051.27325108225
87045,5760.926213766112
107162,13316.790285714285
90414,15108.927369685658
78353,28005.36627511246
90940,20260.55076190476
104123,25720.874540099234
88330,9516.58500321783
84769,7798.665599999999
108396,20156.058285714284
89556,8509.083
91348,12559.589960947063
107687,17389.304402877697
90777,16707.676146306767
104801,21757.336368575696
82951,9896.658714285713
106440,19221.29415700387
83562,8938.974526756587
95283,21062.945108459593
84042,9226.8236550937
97883,11560.16888247611
101997,8548.488107335748
82566,9889.462343013225
87497,12047.09062005893
79697,12615.077885813898
85723,19524.574398058816
103511,13238.190965465543
101075,16443.41227536232
108424,11161.631596368412
102011,14028.848030689416
90054,13498.413735602307
105933,16421.10716160567
83807,14735.707873015874
77338,29403.92819091765
96060,7551.464161172162
103133,10406.871533333333
76548,17777.292225346253
79177,24240.794906551524
88937,16012.784707219193
105216,9503.022496447209
80415,12830.984038928518
89404,4607.3792
99503,12073.668
102640,16074.0134206642
108003,30221.6144031746
78038,12928.872
96267,22428.900933333334
106361,27051.81034797109
90046,6002.944871139972
81034,21336.93
77832,21700.87150913751
76482,11541.036
103687,7810.057783314237
104148,16213.674209979466
96008,9227.714800000002
77464,29898.340907061072
83612,17132.040255393567
88727,16446.14643137255
92881,17770.279306432916
78787,37329.764
92593,16253.871981439146
93216,13540.29537254902
108447,8880.273283285818
91746,29627.92339047619
78670,16506.72
93142,29150.580114285713
103515,11574.378050859736
101254,13016.029003022682
103532,11656.984
95650,22420.54212808778
100251,14826.708
82597,9809.643235828436
83045,8048.586471428572
95764,25074.956733535968
83685,9061.154682708748
108088,17659.63401640848
99800,8937.363046754293
104273,10320.480720179821
86860,7199.101916801202
103756,8120.942625993986
90038,7661.762666666667
81692,10310.487688128247
76875,12201.704
82474,9124.66
84165,10846.42597015918
92416,18684.05956357832
76486,14499.095248120302
83332,16974.814088098476
86362,7137.037829257998
99000,12935.208
79474,10798.71011038961
81625,17594.626108987937
84416,11119.28902936508
107026,45305.06519642857
78888,29944.59388888889
91402,12498.116988829594
104996,15099.451566493282
108161,22536.723271625244
95547,17561.264134603607
81861,13813.193048068297
77574,35779.15299797981
88480,8956.784944639729
78311,31607.377
79130,27616.8708470719
86087,23434.32235228758
96083,8902.955623037707
102730,5394.167010526316
93459,28833.95427253867
103121,7396.922855308918
106519,12358.741777777777
90685,9957.074619918976
95357,14581.832
104263,2004.44
92978,23992.08490476192
85290,11719.371904022428
90632,8846.848487049063
105283,14544.58155795433
77070,18028.56
97304,19363.896355555557
97350,24403.07515942029
88499,8563.038920634921
88773,16424.849528104576
97413,10973.636695970697
97795,14105.9984
102571,4508.26
100395,9276.09952348411
83692,17794.625789301022
88058,9650.23
88108,19882.92090628261
89818,6174.478960532548
84732,12572.418534777964
79794,14892.468130377667
103320,6033.732
91794,15241.965666666669
83061,12503.69245338239
88593,13326.734845860175
100252,8535.716
87177,6869.087144894417
108018,8616.936756709956
102667,13953.027549832028
77541,17565.492044444447
78985,33613.279394540885
96495,12602.032150537636
91698,19561.00308095238
80282,19529.679518518522
92825,27447.375253333335
92684,25998.254312453584
93840,37647.313273563224
85266,5782.156945589381
96656,10852.205302796814
87600,11132.32922265056
106994,8707.480192982457
101405,13108.6
86756,3361.864
91439,13259.874705014454
85088,9023.468025319122
93892,16035.336466416553
108240,20113.53081929468
91934,25081.561502748107
79263,21303.94289393939
99012,13927.82
99507,19202.181791036415
104775,14000.382585256002
76783,19111.94
98630,6167.816030584463
105799,11576.548
79687,18695.81423014546
102242,10404.0325
104987,14200.727900378157
76197,15951.29542857143
79819,37949.18
105059,15829.529738888888
103748,7959.486666666666
104789,20920.630253104224
107740,20654.229
94310,19354.081193715465
95974,23781.42365270193
78991,27367.228092753623
85346,13101.983980952382
104905,20777.66352631579
84858,8598.604
95021,24538.446
79234,47328.605714285724
93929,30913.420666666665
93964,21494.07563342909
102327,19278.339855072463
93930,41169.34266666667
94220,39224.324
97355,16686.402908968434
101356,13989.39872982456
80132,48968.429629508726
96537,9828.257599999999
95767,10315.2176
102780,11657.829152095543
98549,5366.232171308935
91031,29471.452285714284
91922,18989.628169096723
92327,19565.586924645668
101273,13820.336136363636
83564,9657.302158447299
93121,15780.50946875257
91848,21763.735357612473
99112,11858.061741132464
79484,20997.735410362948
83792,13523.74342857143
88337,20028.296314213927
98896,6170.2334
82576,19768.650920634922
85186,11051.480276691402
103570,7541.490993586751
94806,28461.456
107394,8247.602838538302
106891,9140.510678757424
77508,34216.25866666666
78851,44120.96587356322
81113,26592.18867590268
85437,11756.530016178134
82280,11520.859307524706
85886,17917.457745670014
79625,26538.808474060108
95239,40603.688
82313,54578.24178137944
90789,18666.013858575225
92484,19786.879505491812
88349,6912.664
87936,2611.631712418301
96057,10389.240713527239
102286,9890.77132630875
97187,7645.108212841408
85499,8982.994979909501
104015,14098.450441045066
99732,11285.701773973835
87915,13012.196800000002
81687,12743.7706730111
86009,20122.591344895365
97444,8488.523379961436
102004,15677.98969474834
104458,7577.368
98519,7278.803317367152
82785,17728.975654879487
103479,20117.653466997694
100675,12766.603013957147
102764,8421.946311002028
84770,11660.623331022492
106124,7912.010666666666
103447,7764.9226023684
101681,14019.340974289851
97714,16672.55117081713
101446,14058.928394276474
108526,16766.181798715734
92403,17111.052935150667
76218,57274.147333333334
81456,10320.920467741937
81297,30087.069164852554
90637,16384.460783468345
90327,8088.978950000001
95775,15105.421785429502
89328,9505.911022311302
76281,10888.164
105285,24423.314893855302
97967,15849.632699322323
103677,7064.481153220291
89371,16179.76911408308
93864,9930.022090638971
103191,7197.264080346322
84138,15645.757783423953
88931,25480.729904761905
83174,10687.904269688175
96700,17113.727122319207
90557,7579.414580308776
106224,16934.75202707594
76032,14694.559597069596
93904,11622.864
83233,9885.85009154911
97166,13760.455
107008,11765.935702380953
98411,8294.735948487822
76898,14982.056
77335,22411.084242424244
103661,13544.997348785191
89251,20888.70922368421
107278,10326.4762
76306,22268.125680346002
95821,32165.500809192617
93738,29164.615082015232
102085,15156.552
87697,15116.261732847674
95925,18073.291032212976
86432,15443.626666666667
77843,9182.196
91784,20288.937538781487
101658,16667.114517022193
77139,28456.03182967033
82509,9468.761790386356
92105,27837.939200000004
89714,12409.28635810711
104701,16846.63289765665
96529,13715.70650624137
86466,12707.812977855217
91745,14056.1904
89336,11141.44312422138
77392,6651.732
107821,25393.562
96431,8459.781323650615
96177,9148.696113421702
103091,7040.956093404157
91003,19836.762
95781,18972.952266359083
96216,13455.695009523806
78178,49094.824
108259,21938.988
81909,8498.52
87054,13730.641333333335
95949,18916.265274313566
84912,15091.327616666666
106750,10312.000757445452
105535,8114.724134199134
104790,10822.574095238095
82394,39148.988
85536,10416.89032003659
88663,9923.826759828002
95114,21900.129918003568
87720,10237.379949041157
105355,6531.571294117647
82633,10331.066828632072
77178,17715.540280227207
82650,10246.300795127005
88354,18673.367029211135
91594,10185.48
106838,29394.263957003735
92201,27912.97215746116
86903,16516.912976691518
91790,33292.064
89435,21074.431798561327
106192,9238.58465800768
100291,7465.889065741203
80263,19198.30924160111
105259,6977.3106674290075
90581,12647.517
82168,16388.464
78900,20294.482763036056
92927,20416.765901129253
86035,13814.168866666667
82812,5962.321193856075
90960,15214.183140643347
80564,32054.478014769094
88136,13013.911442424243
81598,11980.422752442319
84515,19425.61856166008
76559,20678.463917124736
85602,12688.954575877626
87221,19458.918989233523
103271,2203.636
94627,3239.836
79016,14248.044
89875,16074.8159708058
89037,16531.772561359572
100203,6131.163039965818
86521,7361.454357288494
100287,6957.3040493360895
100028,12439.476687652133
99993,12393.551599779192
89572,15693.163429765145
89439,16342.556
105686,9258.888866666668
92939,16670.617277830865
94055,29842.755
80380,21777.94693417367
99967,5748.896
95543,16737.94434224599
97455,12028.35157234651
77160,13318.972
105212,20419.83417486938
100236,10009.444
107291,10347.736306666666
104571,9630.930574674345
107474,13079.141187617333
93115,41414.998799999994
92068,21020.428366810967
101225,12069.244191341202
87087,12256.20730824373
98133,13202.562843633898
108494,22189.238433832623
93501,24415.321507936507
99785,9990.896
99377,10695.742462329206
104791,21632.71844285714
95521,24921.204
98752,24900.192828316052
100191,6227.738679283462
86298,10689.93391512523
85617,10096.758
101651,14924.42
93014,15780.50946875257
89934,8615.86
85334,14769.07842968217
97879,15591.805968071052
79690,21731.32223809524
108126,20055.029386897942
77117,44437.091342857144
99027,16277.330932037985
102822,11749.795565639177
80603,10526.177440000001
98014,6070.902781128893
77131,48930.93408074261
93449,21818.414612525903
96996,18275.873333333337
86682,6257.804
88766,2813.024
89860,5205.275362441963
103646,7059.865605331723
97690,18814.777514285714
101168,9384.030345359508
106415,7246.879747252748
83711,28310.772
87996,15429.713911479581
79855,15795.492693833039
105266,12997.095808750555
92717,46429.358666666674
88833,15136.655789102364
100290,3868.424
79845,13215.705204464053
102781,17286.69308339788
80780,27633.921206846157
95643,18165.87439323629
90478,5926.331638946038
78919,47519.045435168504
87599,18145.467
83576,11919.616
97582,22507.02157025358
98560,1870.496
94839,17790.087731191637
79584,31736.492
95009,34502.508
86194,9825.765778329293
81291,14890.282427656852
108264,8040.772
91618,26787.13697142857
103987,2063.188
98687,8054.452606973626
89683,10496.340929296384
80178,15119.626228839421
85041,9339.329
85795,8877.62
92667,25903.45508000503
88648,9826.22323183969
81003,23179.25433006536
89530,9946.97
89343,18736.718672337498
84383,11215.317530768314
95447,22468.107593664754
103195,11845.279355468367
87916,9948.214394252873
79701,8471.064
78939,34207.984
90700,7812.910491669238
92770,24604.436061801305
108076,31716.72733177081
76716,21360.929833550214
94223,15946.181833429237
97551,21328.399385790257
92126,30093.356
92616,28355.45499271709
101680,10394.12
91237,35284.684
105108,12045.724
96867,7855.2031166666675
89088,13246.132755503382
92402,20310.366866352128
94049,19871.019147146304
86720,9572.67761904762
100554,21118.723988691207
102551,13282.78513989817
88297,10285.344563117153
85365,10213.585367887668
82994,8140.940091447979
79914,13023.669542851956
108258,19344.82174662164
76068,15995.992
82252,10844.4725
85769,18813.41
90927,40203.808
106917,14373.457809523808
97051,7431.722828571428
89757,7400.8700588413885
90517,8897.307898119978
100679,7237.093485714286
102698,12732.678148161196
76935,15768.83432314354
94802,29219.440138580634
106017,27452.577189253945
105400,10199.402436345135
107120,13774.056
102046,9594.639538461539
90067,11591.233091485352
82781,13242.23037333178
95277,48067.53097177394
95689,25513.510902287584
105027,19908.858090903537
85236,16987.649674435794
97380,16798.046666666665
100285,21650.98
98812,12038.429555671624
96265,22809.012
101336,9723.90703642718
107335,18580.44343632146
96385,12801.792558140933
78322,34100.6576781103
91805,40140.1204454749
106808,13520.510559542008
91272,25645.073934837095
97409,10062.309943479127
84801,13709.005359450262
84783,16372.56881191738
78594,22257.5127269102
84618,11515.254137022015
95162,17040.35965699057
87803,14287.378508112653
92565,12912.496
107155,22489.84593682458
93075,25858.09795831171
102973,9357.221077285374
89247,7820.046444829154
79555,24969.77
90326,18995.342097318007
107169,17406.94526239437
79268,20403.314357485924
99954,10405.49248963528
80374,31042.761383633762
101695,5143.351682314482
91260,49060.54
78376,20810.124521174992
105554,11012.084
106897,18278.874
88890,20146.236750831755
85043,9888.531
90014,18001.004606393606
99924,10541.536
102210,12349.14352073814
102041,11072.100639778313
78082,52357.424000000006
106653,9580.834672549021
85042,6929.085333333334
90502,13759.687094462983
87396,18104.724307593584
92489,19857.77428209171
76383,14026.834190909092
82522,10468.508312340173
89906,17320.974235826085
103260,8257.718495238096
78162,11574.258268652915
102594,8097.256
103841,7696.629342394601
78789,19446.1822991453
106717,9878.18744
88775,6883.367
88109,14291.780989173756
87997,17119.500279554984
88027,16614.013733333333
93890,13766.868
94101,21200.938898308577
102675,6323.4331291401995
101475,10681.214210399878
80558,11144.757322979653
87171,7555.483518392757
88266,11113.370362155585
101850,15234.065702523862
99649,19034.0085315603
105512,13299.055697841726
102290,11858.910477192983
80390,22476.689257044793
90266,6821.525059139861
84938,9825.931342107991
93151,46715.83072425354
95267,32200.11940937238
92188,22306.748010496507
80014,22763.952242424242
103390,12528.138560798416
77627,24408.063605227002
104741,7272.316
107297,9859.676748022479
93101,26164.36
94142,18658.609227889592
93814,25172.5821631969
92300,30999.9375018315
89616,9349.675226377964
102876,11111.36327548684
106731,20469.110434255683
97653,14114.961197947161
86484,9279.36193944256
97041,11106.686775149168
88263,18566.310924772915
79035,17035.593504761906
85171,21681.764397513594
99949,10635.6972183039
97528,8378.301689566877
89333,7135.008
108420,31245.2425
103545,12375.40297500667
87578,10820.981862745097
89794,9515.84280853459
78220,22593.87654128749
86074,10682.19762577031
82330,18788.84819736196
77108,12122.483333333334
90682,18455.758216711543
105643,37073.59180952381
104819,32181.64685714286
98722,4520.991580952381
82464,12782.180946447706
80687,26145.614054238857
101340,5502.411688888888
86763,17507.7734
103549,7347.74362921079
85520,11424.932359915465
95658,36417.016
98745,19273.851272727272
102751,10019.64
86044,18022.545561693318
87791,7573.609688788453
85907,10709.564
82976,17754.91523899868
87738,17998.032291696083
96035,12890.790388574826
88577,15403.467002352463
87932,7684.125136382259
100197,14940.175
87983,20107.311868586734
83455,15909.822201080951
100627,8475.544951515152
108491,7146.96861161297
103896,3237.884
100166,16125.727464269063
84224,18268.08264675284
82279,15555.884738469356
102695,9312.80593777293
91730,13378.36447345982
91520,17260.74
93441,20218.184
104061,14211.959349054554
85328,17524.658676275372
78431,12182.266333333335
89987,11389.756761997261
89785,8520.48
87524,12623.42868945666
105313,20252.878835332544
97204,27969.840739695966
81190,20180.042457987343
106185,25198.11775761974
90483,11455.791720034978
85436,11597.7646
89422,13658.308430242272
94943,19838.791432598773
84834,9735.568233295418
104864,11897.826620868222
104593,19122.310989834037
97614,8346.342038383838
105794,10110.971048680767
87647,16477.18126349806
79445,25100.727500854697
86179,10254.223489219326
80653,30464.15655132052
86987,9849.966995024875
94399,14419.306
85016,7789.804003396601
97822,10366.509059977347
78119,18025.918666666665
100744,7344.16975322681
105979,10819.252114906833
99994,8011.017545525978
100774,12829.409801811073
92935,19834.18229783722
98288,12677.725596568911
76583,11468.272121212121
83919,11899.47662975621
81696,39853.372
82491,15527.491226072447
105912,7910.644435873707
81324,20829.405097255698
76616,27402.540149331664
77437,27779.568859448395
87372,11132.823933333333
92668,27736.59430151016
89936,7249.696080371492
103228,11593.83454356815
97587,9115.132522884582
101465,14048.780903050796
83831,10204.223027960312
106127,16496.631962190873
81306,33413.4996
90977,19026.793810810395
104439,17528.86
93212,14858.648
102209,8703.3460091002
100072,9614.770276637315
82518,13456.004
103988,4991.138671174972
89788,6781.803412993946
81061,16582.371166303572
102430,6258.037392695052
97938,6312.8377216740255
82243,26660.86060107536
98210,13472.044
108342,20817.55282061329
83764,11019.732854723916
106233,14471.912507924568
99659,7832.162030050687
99142,10872.2616
98655,11032.056
108449,17326.92009079907
104515,10377.903223823205
97931,10866.669580188061
100995,9630.18852788301
96070,23121.66761398225
76333,13552.975950067303
106307,11398.548142857142
92092,19183.15367431875
78883,9190.1
94921,27778.924
78172,26221.328
96430,25011.611701847796
82844,8190.523029337597
82378,4194.764
105297,19815.409515005707
95050,26672.173714285716
93124,17772.80158937608
80112,21242.903452775045
86478,9075.48416038906
83917,9309.92312178781
100721,12714.38419807993
94123,30123.164
100693,11289.406188110017
106688,10804.908
102131,11582.541160538007
99935,8283.985247502871
102108,7806.824
82729,3004.924
77495,16723.5994
98827,12010.212
97526,18241.52935766918
104954,9221.494078403755
78155,20728.267730674055
79469,11614.154758679568
98055,11700.173226065825
102443,9222.649830984965
91468,24842.46419831933
96944,12338.003272727274
90974,19278.631050256223
97294,8193.140926714903
98347,6755.629706791383
96505,16770.28892892598
100542,16007.589866666665
79348,19169.391195198772
95285,24799.634
103440,15844.126666666667
91432,23388.16840060505
84815,14403.158575757574
88959,18096.435261801937
96017,24850.103294942208
105760,11793.911498323972
102874,10729.732061406125
103528,4505.258739393939
87558,9986.949809990663
95691,22828.36050128675
106122,28873.421791666668
92479,8067.52
106673,5008.616
108143,30998.325841860355
88298,10549.126137833304
102149,15211.144663461539
87765,16527.037620297055
90258,10801.71275
96940,9210.121
108032,7363.317947570948
77733,20663.247663907357
90186,7241.071421547961
94702,17470.808
95120,29522.021545146723
91144,12719.333050125313
103053,8592.399295166808
99408,14879.3384
79533,23930.324757353756
99369,10614.194986299759
105062,16862.394612958833
102029,13249.767161687767
96368,20432.207866459627
101066,11549.628010203525
100088,6101.736
84869,17192.39379215288
100736,15365.640987907213
85981,14590.886813046896
98872,12619.005648970073
84037,8712.017333333331
89217,11975.9632
89775,25351.56948466646
88379,21003.032264407815
80011,24133.542516159258
80836,20959.26708787879
105215,12296.823488744589
93719,37897.84666666666
107968,16842.003260621852
98967,9075.856
85591,16002.263393043353
80478,10382.848813226146
92882,17867.82413333333
89721,9301.452
101878,7882.005009691401
102301,9660.192
101408,7374.496617754218
81446,12483.880104917467
100045,10823.646587835156
82986,15036.038499187402
78772,22005.896420315512
78208,17955.935227963524
81689,9994.676272824889
96791,15180.203890196079
79141,12808.126297619048
84271,15830.004670724487
94879,16776.42415379245
107759,20593.724
83675,9512.16988095238
88258,13386.98285425409
96976,13632.188426136585
92824,16995.62547661079
98414,7605.6526923967585
85028,9978.84278948052
97506,9883.391696316263
92767,25513.23072
100210,14062.172
84470,11291.969476205626
90627,6372.69
98768,4171.916
105263,10046.884
81662,36013.65329884094
93787,15682.715757906995
82688,9851.71952289377
88923,8644.141339048017
97463,9633.23821339728
93008,12415.07364769231
86807,9918.371597173635
79997,21687.45756863936
106742,18358.608537064447
94777,11920.776307967968
86594,17830.0597471677
82991,16731.87237422966
102203,7121.144329624889
103539,14779.691709368273
96264,18083.20180647993
77721,13321.484
107801,14881.20994799291
99511,10023.471381220883
92801,22181.347185625356
82658,6273.992
91732,16238.425230470115
76557,21433.218444444447
91314,38870.91466666667
82198,14146.84493100233
100607,15347.148637155005
80984,12002.008
77901,13412.596
95736,16842.030190773727
86809,19140.440453889463
78288,20500.354911551993
101339,11126.104891393104
87249,8301.51933316354
82143,33591.072799999994
83850,14827.17631074481
106952,13141.573097877983
106504,27724.75695461761
87341,15477.165047049537
94165,75386.992
79986,21101.625303668232
97235,11778.976728711794
84860,10779.882522918524
94913,19945.841164960657
82439,7789.804003396601
83066,10189.770857142857
76993,27670.200150075816
88803,16505.985257956858
77506,25718.400104538337
76456,19188.40070532213
84599,7632.610740740741
76680,26097.724
78685,36499.52816361416
80310,17956.98240489301
107412,25900.219222040607
89792,5202.061
87421,15283.6
88821,12175.407451565061
101930,7839.880756214554
105822,10837.396095337215
97642,15560.19375109038
107339,10339.555379405687
76550,19883.726333333332
88272,4982.288
85777,6624.878056882185
104995,14555.004448902813
82640,7499.613501052632
80887,15515.476359649121
105022,19005.51927626262
79920,18367.18734217999
96724,11967.368
87654,11852.633603484233
80242,31819.90462139002
103464,10820.459470205753
99537,10324.209015785042
92524,30495.548181892817
83634,14939.788
77597,14030.656
87830,17891.555469955718
87700,17777.210096283983
86513,10249.280922077922
92891,12827.786339297532
79513,13677.622512820511
101087,14084.95948830843
85729,10038.377977529717
107672,26205.184030707904
77549,31961.12
94307,18636.545012753995
84500,13354.448396370517
98867,8168.142104522289
103039,12165.432305466556
91192,31108.552
82205,15348.564715842636
100369,11115.028
107529,15321.927444452485
106073,14593.987067402802
87934,8402.139821812829
99978,15137.805464900839
97512,20723.576
78085,22452.17415213735
83329,9730.03719320898
106679,19988.852204558632
102680,9748.110963907857
100260,18252.918
98100,20187.763903381645
79452,55912.031622409806
94814,27092.397549161567
83431,10203.098147765402
102298,3909.432
86411,9234.87843522854
105783,12263.137107070708
79588,19869.603631114074
77976,10815.765701670844
103387,17660.118404761903
93070,40283.928
108393,22559.93
105094,16481.34657987511
101152,8495.621714285715
87464,10632.64842177286
92410,29742.2171834028
102395,7558.918657798714
98531,12804.464
89945,9429.877055555557
102454,14618.667733508873
104729,15217.093746886447
89493,9972.807059137218
92058,25884.761275803605
93884,15222.567967777004
87594,7126.802543417367
100891,12416.107616672127
81535,22113.189716959514
80847,25351.08394871795
90120,9163.692
76004,19708.474666666665
76670,17153.176
82018,8594.948
90007,16813.958267345726
76604,11055.256
88324,7105.565359477124
84260,15301.496473962838
104662,18065.90454240892
80740,23011.73276823878
94973,16924.99168031954
89099,26214.783757407407
89528,16102.234828558836
87947,19814.884
76967,25451.576637433158
94126,25406.861381642513
92187,42952.42
104140,8480.9
80573,16289.735398392468
99372,14053.029721939465
79790,27816.52716436578
94392,20966.187666666665
103573,12506.06496695605
96538,9117.985653888529
96774,21980.87893844839
83631,13311.444854254092
89532,9507.014821440827
83991,18065.310648947005
95769,28525.916
83263,16484.7694
87065,10286.27383612259
107642,13973.832004817406
85968,9200.714239571365
77321,17070.983901443004
79237,26691.784781432227
98975,29946.62909090909
95590,22856.708165644955
104906,16743.539861687394
103289,12638.240146100377
82134,15009.772656542384
108432,15201.934246028399
79361,15169.299005340446
79283,13250.965056938972
108270,9906.210282654592
100333,5945.284933333334
89059,7907.414
96852,8462.292692066305
89651,18437.99188740365
82856,5191.366571428572
103072,18470.678214492753
108315,14899.067828686868
95664,19014.778893555093
87882,15653.196040580715
81682,24438.15516687371
102981,4738.409606824548
104776,8460.2008
97621,19787.323245958778
100451,10874.86296551075
94393,41517.7878
87416,12835.153539221694
105999,8450.74876190476
91075,2504.712
104390,14625.038
78471,75312.952
91077,13396.213655641091
81733,15702.7066432844
81475,21853.40550509705
89546,15295.072340557754
81968,18253.010201305013
82201,19671.59905714286
100703,15579.392956718708
108173,11086.222807095342
99283,2546.964
88618,8408.645292285491
77172,17328.004479371615
105813,13930.003366898545
85410,9537.768835595776
77665,14448.784
106427,13796.870666666668
100684,7802.750050913701
77682,124099.632
106196,3515.492
88627,24970.83907161766
108029,14743.63659590688
80142,20911.732166666665
101534,15042.520348592894
106737,21911.678533416725
84776,8467.958130356305
100686,7387.712
100393,15447.712
95593,19081.246695238096
106482,27144.022800262217
82594,17641.140270051394
95052,19318.72229301256
77581,31714.403252702996
105894,18513.793285714284
98981,20107.5127173454
103791,10014.498479143302
89035,18373.09774292888
78988,58411.056
102284,5485.388
78961,20472.99143650759
100824,11565.693096521252
80563,18809.447416289742
106006,27473.655459446712
98874,5898.803999999999
92004,27221.076
76541,2756.88
76087,10251.348003418803
96383,8486.432947962503
89403,10478.573375
85502,10740.69745161407
78453,16374.035587062404
105672,9386.92988791952
94086,28989.756
103223,11810.793981980994
106894,5647.136
104079,15934.497481651308
76659,52517.808
78970,11443.488
94467,10195.0
106317,10226.015636363636
90990,19569.284495422286
85168,16297.818637972627
85329,18122.93700558167
90573,22916.689
87552,6825.836785907859
106650,8922.385927091138
97658,11520.002199999999
103443,10226.892576396414
108293,10636.879735184368
106230,15502.393340989729
90762,4940.750133333333
90385,12132.059320850432
92892,31062.210166666664
87166,10723.238120673634
88217,17925.052565495393
107357,14685.493633124019
104588,14989.63281893249
106711,22342.07542899468
82117,28326.618049605975
76811,22083.068
96629,14008.05170134159
82497,13739.817438833576
105204,10855.382095238096
92020,22492.527363314694
103534,11334.686007330418
87801,13245.951716732543
76388,21905.321833187358
101512,6388.4898021978015
88523,13241.207707346572
82847,21084.08682954823
96295,24493.5652507603
104555,14519.576095746925
82459,7835.612507926969
88896,11462.5281703597
98912,18615.08420054945
87904,11939.120987612736
97899,8541.637938049904
84404,11912.164
83628,61898.392
98240,7787.055024190444
77405,48902.490272649185
95241,20633.15305336871
86588,14601.012
100568,6727.957591059521
103330,10280.283883805261
88168,39449.892
99695,8055.470398133026
105415,27449.10053016699
108291,9716.259844444445
82483,18809.930609514013
76215,13152.74667513369
95883,9655.073266666666
93944,17453.07753865053
80545,13136.541733333333
87133,14057.79388966582
107929,14423.518158964634
103594,10778.775104565033
98090,3130.28
85950,7423.807380443422
97817,22522.917278729707
80349,11633.77824903879
92065,22852.66933333334
81419,20828.93325474617
103547,15643.644447002796
82647,16347.862069518716
103287,6416.886731047375
92620,23023.561104395263
97818,13134.317946938252
94762,16780.02144562167
86986,15257.024
80244,14850.324812707855
81808,31731.132
101955,13805.10389789865
100277,10071.21245870629
97433,10001.308
101701,11514.554401113408
88891,19780.103666666666
97998,9739.37417080492
84676,6031.915666666666
85102,11956.516845766628
95997,24671.985416814376
108269,18858.535989332417
101745,11792.276323362752
94167,24021.154482513746
100965,2887.128
96695,7145.800347698508
84077,8971.693068502744
95666,31843.78316644187
93525,22254.17778518848
86442,9709.070786071092
98856,21051.203331836485
102762,12173.875284447195
91868,24650.158701979977
85895,9231.789408801342
83837,9954.968018051946
97933,24032.18717267344
77159,45856.54010076962
86267,14010.214364526388
102669,3726.38
99058,26838.492215868107
83648,18493.755195308302
90586,17944.709300659764
96303,11926.175511953285
91599,26629.33723809524
104830,13295.056899311745
103867,10552.227279901175
103352,8637.09245079365
85911,10645.80580226131
86215,8954.096984730852
100026,9608.977571072903
87347,9002.44292413601
95363,16246.055266551102
105922,26851.294939760868
100582,10254.459234424146
90707,12491.729797018463
89442,11052.5821
107455,13299.206721747176
79441,25198.890311730356
99119,14267.98
84855,13434.112
95694,24851.75
98802,20372.71582222222
93759,25632.068662504113
100855,2669.516
93601,31087.57786539771
103425,8241.227925473464
79810,30261.224
106082,11152.758666666668
96555,12785.663199999999
76273,14918.72
81265,12886.071923308267
76722,22739.181818561443
87080,10020.577798067632
85477,13646.22823513144
100688,7794.6
101612,7152.4237889778415
107135,8296.447031593052
82754,6681.821999066806
77167,15982.654436604773
95627,38160.54466666666
77685,21645.4869127776
81835,20339.442720133666
108459,14179.965324673283
99976,19664.96307142857
77873,15023.535922600899
91574,19824.107457661317
98487,13560.98523449782
101067,4921.814857142857
86888,16558.179164830162
79051,20734.096
105704,17222.784
93009,23961.042107590318
79182,28149.41634209909
77226,19665.16
83439,10806.844056619664
106093,17695.98297962836
85243,16385.495197209744
77181,17350.268497402598
85451,16325.655112918854
76412,44181.612
87990,19685.816
82077,31272.54732517007
86289,16268.794655568283
81566,21694.698346731322
82864,12159.517714285714
99130,10074.380953353337
96176,13995.30170134159
102269,8098.036300260729
91841,22918.114066666665
76041,22342.939586452107
104840,19001.902857142857
106253,18168.92143249547
98245,23944.38320388787
77039,23403.269342293912
100730,7570.667960214789
87739,4957.4248
107559,11410.792
103282,9935.332
76646,25431.593275496612
80252,12111.98073326498
103895,8492.437505019154
92491,26536.052
89765,14870.397710717798
106652,16878.009977040387
88005,8200.09746166008
99470,9718.476
77069,19411.708
77955,22885.88802099962
90809,7831.145635032503
91610,20495.343768916206
102774,11957.618529446023
78231,8992.512
101171,8182.061892867687
94420,10797.406
91378,27144.365020106507
82771,10570.756050960736
99918,2670.812
103574,13856.8
86799,12923.47241111111
94318,18105.565287674428
76950,27899.103275528392
101720,8863.993430983213
106698,22749.330121322844
103488,10653.98132907049
99153,17268.02007026271
104945,21386.440192982453
82708,17076.691058080807
80674,19313.52070637904
84122,11337.560560108896
100375,1926.956
89456,13936.380278145816
82974,13684.19357837103
104716,24105.18818300447
88124,15864.076165800863
101244,9285.231411518766
82069,17242.912869767442
98606,15230.341812786723
94412,30778.368643932383
106030,25082.503015600083
89877,7847.148211639012
83349,15324.975433431084
84253,11649.111121434122
79774,19911.588051472303
87259,11266.705738382156
81587,9758.605829202399
94407,18654.92567111665
105889,12377.052594684348
90829,14255.10744345998
90286,8037.020996121628
90162,12591.568
86022,13431.827297340344
108101,24170.616
76814,14751.54246060606
106162,22003.147401632694
106605,17607.946666666667
99590,13158.00908451026
102676,11538.63187883302
107658,10638.837857142857
82396,14321.889374554876
108051,24271.483033875684
92955,27859.341922179778
83520,9943.553909402812
80338,16653.75416016805
89312,6456.643345387945
80751,29610.50788360999
90622,6922.144266409266
79431,18596.99763077635
82870,13126.7168
106446,21890.465911861353
96223,7238.835348752732
100491,6927.595507389163
90125,34175.361162519155
107869,19010.53056802054
78278,26858.101398373296
104244,11963.67261904762
93810,24543.442315789474
90911,24958.36
81869,31559.76211219792
100472,16558.324349287752
101927,12915.57342712479
99713,17570.109595476457
108184,13225.87319047619
99764,7865.568472402419
101286,15530.458
106534,8386.20211818633
77461,11386.352
108272,11383.030615620917
106010,22215.249048375776
89193,14252.604698633755
87761,11935.718518518519
88154,13042.666846695525
97789,12844.018990077151
98271,7277.451614624373
84160,16812.82966666667
80752,10338.057312342922
106107,21294.012
87260,10881.546807923032
76549,4011.216
106619,9245.217223529411
93849,29301.096
96045,19876.81884869462
98306,8560.63963171838
91896,40852.052
94048,18944.48529728868
104918,10561.069477546362
97720,7848.588571428571
97482,6541.008068421052
94156,22834.09496685184
96469,9346.99371959971
96918,19184.559639272404
97241,7623.278717948718
78150,12122.98961904762
77808,38201.34746464647
103265,10126.856804340106
99485,10638.583422222224
77860,15382.584
83834,18036.029793655358
82565,5471.318820193199
104344,31225.916642113843
88984,8943.931487439613
92161,18973.47395168156
102199,19037.101202930404
103723,10036.543218303888
94677,20038.105115756214
104806,10640.332783931626
87148,16922.128
78411,16749.624180394803
97856,11234.582762907266
80535,23358.37124016563
90156,10575.459442452075
82176,22992.268
76790,9829.651142857141
91762,30227.007076923077
78650,31214.886166666663
82763,15684.124622222222
82678,10301.94880357143
100137,28290.65870787165
78365,29888.811832971343
88768,11013.77767481203
80346,22452.819419875857
106682,18102.454
97171,21087.374566631795
81701,16261.701102377834
84073,11382.777626803834
79549,6825.672
100269,7374.372
78466,29654.927259349795
80489,9861.368490158731
100009,10681.914191820813
78769,11627.632
96821,22839.23425
107253,9689.6486
76045,11855.74
85567,18299.870396753387
104651,9784.833735122118
94428,9764.848
90549,15450.32672244509
100940,11876.595623250018
105608,18312.562281318318
105280,10164.496777777778
92200,17132.325779641087
91082,7644.9280761904765
77298,23432.067001284187
99432,10198.916939860139
80426,7400.628
100817,8066.184
98552,14214.908
102428,8708.552
100978,10277.893416666666
96371,14684.897
84334,7590.09775142256
90196,6756.068788597095
102540,10791.847856577982
96914,7255.778814748103
100895,10448.619697290493
105296,23658.18284025259
101888,5667.174400000001
104077,6931.674169927221
94267,31961.81430512446
96803,22186.16037150407
88905,9668.256152943171
106132,8674.69010341885
104388,10520.486911111113
92704,20106.314154017415
86345,19983.724777777777
98326,53088.631655129
98572,30306.1864
98754,24448.243184865078
77794,11911.884
101082,10532.64503079857
98455,12527.491483083113
95796,16004.798207905384
98861,20292.106119607844
87570,5218.638973262032
91904,20696.38147609539
84147,14597.012
79470,31173.536968266584
100012,7732.546398046398
78698,19846.444694332153
84929,12946.41734243509
97808,13550.857932362354
85299,9429.889486276503
91297,52057.89896041631
100772,6111.639474711049
88500,7800.276803730717
86077,18394.48602869583
91891,19304.094893555095
81059,20015.317479876358
91023,26961.211295765348
94693,26800.064
83779,12789.609753269604
102323,7605.859890887381
86078,10019.63375288762
85595,18464.220048764684
78582,32222.965333333334
82311,33105.678879635045
107228,27248.480221275524
90613,15289.716654866295
102643,10262.974856145815
87044,16577.046048704236
94680,24675.55867600114
86222,16646.769623829947
92844,23235.0752
107625,2428.104
98155,6944.97734574407
95145,13227.762011106133
79545,17175.013333333332
86312,12997.51294009183
106466,11405.543253205127
102721,6734.171661780242
82720,8549.758888533306
89908,13339.603837421071
86593,4652.089599999999
86930,7964.504000865802
80460,16091.670230625703
85235,18455.99542193869
103331,13242.11831406011
96526,21140.092
93359,15879.949633292812
104761,10553.62733000333
76684,29634.994894909993
76697,20581.760333333335
92488,20233.22069181225
107148,20271.376349811402
100685,8493.179255412571
79407,23325.79139047619
90983,21635.00879753408
80435,12712.271347359307
106658,25938.433248773446
76894,36983.016
77367,15145.36
80301,36363.250666666674
81032,20452.79466666667
107900,36105.579809523806
83046,13845.361035648668
102331,13266.538464608991
94376,12117.565428947366
83559,11816.732612310394
103509,12350.976864210868
76553,18744.07044241382
85897,10961.497733044258
91644,16696.28489026915
101598,19498.621218159806
89707,11054.068
106964,15746.213724223262
86117,8170.392937981175
100179,12701.097904005352
98605,26158.07164473812
99719,8445.541098509133
96764,16642.768
97262,9540.483151215763
79645,22449.15198682125
85785,13930.822909090908
103444,8133.936404761905
105639,14681.150247044949
106379,20980.505648876337
94283,12617.475435489185
80195,16644.368328056516
84709,16623.544
106270,17018.994666666666
106321,27914.53079997637
102975,10052.652985007046
77231,43318.90486819081
82488,6997.03294363929
100406,13080.199475744877
79606,9393.028809010717
81036,14006.67150607741
95806,29282.51718193111
97217,18350.557866644576
93696,23920.988
84438,9543.706395481278
108083,14731.523877170619
94109,30190.379711110756
81873,24309.838546341463
83535,10787.825714285715
108253,9664.607466666665
103572,7191.932557105902
97782,20836.575147552452
85759,16518.591288736636
101313,8790.904365738425
98905,13365.292
96344,19933.213047619047
79144,13736.2
93593,7215.56
99886,10359.228056863716
96085,7738.772989673268
91717,25879.28678245614
100170,13684.211653018763
101760,16172.110650930428
104762,30350.20576272821
94364,15572.97544020822
81819,17814.59314212606
88720,13243.072866666667
76810,18380.742714508913
91505,31822.27861811462
91740,29781.136872073395
107115,30437.419457730044
79860,21111.56781977959
103392,9197.302829350587
107926,7639.88973793184
98206,11701.044
91551,40710.592978947374
100331,13021.1623953097
76115,22476.778114285717
82255,16298.99531342316
104007,20527.888
77667,7167.184
97247,12833.474666666665
104182,45389.578256976136
84802,11743.0054171952
82517,5172.592
79978,39705.276
104400,30380.551127325904
98809,16473.584
96889,17717.138457908335
106291,33834.85502518684
99347,9773.452547056113
101462,6978.044
92841,29274.754800000002
78210,66376.74
90440,15538.264456565657
84119,11981.921714285712
96872,14173.449708417847
99411,7031.096554027883
88399,15434.984
93645,19031.8782115544
106472,13031.617750845944
93223,17698.288482142856
100761,10189.7764210604
84396,9415.632627724344
81694,24768.792960000002
91499,51249.77079965704
86428,2480.836823529412
95718,17703.871551592165
102532,8737.192
101976,8069.412134007911
101696,8452.803
98887,6874.706088470084
88660,16305.740946181775
88640,14836.88
84379,13632.848727660781
84581,16338.765135559162
102278,8715.502729469217
87590,11082.294
105244,21607.01504688326
85140,24060.668
100212,7378.416
82463,8294.97
89649,12201.664320850432
105119,18889.601862153177
101138,10912.422909239604
97613,12439.961407101433
106323,14131.250281252049
102910,7933.589057208238
106664,17427.077187413906
78285,20650.57483672453
90102,11796.927509428366
96386,8626.740876838654
90800,7750.556668407733
98566,18883.618820308413
101815,13414.77842547363
101798,13799.250940314409
97728,13862.365495238095
99174,12810.633580707748
94250,18271.120278699393
88827,9353.09536
105493,8846.327333333335
77991,32442.84489386813
106003,12814.348666666667
102938,13976.467826171764
80815,17042.50263335567
102775,13204.658306615154
106108,8789.86544233542
86213,13104.60081212121
97119,17943.705208711013
90341,17112.176103659036
81713,24760.682229375285
99887,6966.496372206183
80067,44727.03332254242
104710,24904.451195283615
99374,12982.631788409142
102685,10151.248
88454,9951.744417290332
88121,16736.899375036075
104607,13015.760581360328
108321,16077.58843789994
100788,16819.484297036917
79504,20712.426206097975
108273,18868.326330374577
94291,27628.835385350016
92974,18908.03791387116
98506,7379.052805846413
92238,23773.499881945638
101214,7772.555711512803
92872,24547.998
92412,16051.426675579323
99487,29124.686314917177
95246,31089.831423932956
83843,9464.759923845944
77705,16473.43517812267
82903,16449.511612359303
99335,15253.008
83112,12623.01120280982
82946,12096.12225850433
105777,14965.158155466575
87013,10757.130214370016
96752,7768.517645087719
106136,20060.4
79867,34249.85703968254
84377,11263.116956521739
100807,14564.438445210577
77327,32485.55543838383
90531,14107.397149030916
80907,10069.3204
84019,17053.85542171713
90542,16823.794267345726
77431,10800.624
100648,14198.743906649155
86836,9736.281851214575
85657,9982.856666172
104881,21854.677606408917
87108,3133.316
103909,14652.344
101363,10908.48006227106
83894,10664.605905635797
87239,14487.266963218304
99880,7860.9671390690855
101105,8704.635908220402
103682,10573.44
84580,19698.553058029574
103278,7801.155777777778
81972,9970.629452717578
96088,6445.343372758758
89815,7987.043806958829
83189,13556.917117959825
93790,30915.956
86893,7127.132
85632,9618.502784126984
84891,7202.07625
81765,26471.981461137864
104808,9749.544611320252
78274,20179.764
104323,14935.435486453644
104215,24960.2337020211
83258,16570.34114285714
85415,9386.462661691543
76352,16972.797585194305
105843,25404.581921347984
79923,9934.735158730158
86788,19071.97737564228
106140,11446.395115714286
107298,15038.730688952095
80097,38359.52863932515
84584,7950.60196231135
97123,11584.51752
82024,64978.648
80482,24756.973409888356
85092,13415.899583069267
107615,14023.056111453046
83158,19325.316493089686
98377,9811.637078641048
101038,9575.027283333333
86398,11515.142214035088
93257,20355.306052469838
76372,22512.37097854406
91976,30216.729093635386
89914,33972.52410587545
102249,9716.952223330729
92223,20767.757005294094
96162,7381.958005280338
78476,34949.552
84032,19770.090545032162
87790,10162.291831529968
99047,6740.6784333333335
85743,14853.032949999999
100359,7140.968
105381,20732.6791757423
87011,10982.5322320126
106016,22090.020250657668
104246,17247.53958647241
98535,4610.861682373183
101636,7155.528905349195
86057,18885.695430998996
103082,7440.203416011167
98076,6698.542136133706
83514,7908.884310836754
103770,7938.895694346978
81344,15873.177995373215
95622,34145.20733333334
103797,2154.304
93056,25005.936669679246
78395,20355.604264004098
89628,8210.118283416545
103060,3960.124
76440,21205.371963953694
91172,27601.014988634903
92399,29343.618193556358
93498,25017.78194312717
88211,6161.217578947369
101974,5768.816072912058
92110,14774.247457142857
108282,10244.78139846015
91046,16399.750181246705
87325,17931.16991756083
91442,17687.1854894252
105058,8566.04973595048
83755,9992.094345175115
84596,11315.501090909092
86642,9859.01051505913
104884,33498.98186666667
99464,11872.98
76380,17507.072
84398,7981.61758888889
86695,13730.796179193509
84967,17050.378439971137
91413,41544.6056676957
104536,19403.4475
103653,11618.640936922844
82660,7450.489711633877
96278,17343.547271408388
104281,8923.63405
96493,12415.568257564997
84816,16638.62990566535
96248,7789.3136028974295
84910,13037.157347557135
76150,34319.94143396226
84168,8291.594505645098
91284,21156.818546605606
95359,16123.452254071497
99809,18555.48990824622
97478,12601.060139991465
90354,6805.787792957102
76268,24288.777409732455
99017,5152.977588972431
92966,24461.939555555557
98031,11838.717938245662
102949,10578.148
96793,12292.713220804417
88706,8137.381711633877
100609,9280.691087301588
89116,7952.863002259178
85861,6741.936
81217,22008.760388888888
93134,24852.95582882529
93383,22085.563058318035
108417,7221.347681515321
84549,10104.478645406529
97741,16964.428
82038,27783.366546341465
104696,12326.157822222222
102985,11088.778924411114
76015,36048.128000000004
89233,5547.198340754506
107693,8939.058980255517
79543,16376.861698412698
88941,11404.52754057339
107133,18084.038399999998
84262,9408.241146275946
80022,14458.426144600939
92947,3069.164
106355,22101.978040760896
84561,6860.86
98987,19595.258072009095
106383,21231.350646429877
81784,10633.143420751767
100364,12519.254116120057
107310,38455.11789010989
95690,32114.941714285713
76393,29306.62672817439
99698,11053.415819686676
92142,28777.453822896896
83931,19407.354010700383
89216,7531.941711633877
78447,13695.08
88380,16037.632280010306
106609,11409.62530788617
87906,16567.04107017791
107946,11002.161597907645
98084,13043.885833333334
86920,14167.28488463251
96738,13337.866227134644
90639,11659.078709913481
85170,25447.013051822694
78613,21273.736614279256
105247,25234.61605833333
90641,11460.692666666668
103803,10673.054961248085
101871,7320.664247981262
84737,8938.417333333333
88357,17618.92886466119
76060,20419.821913666277
96081,7421.9309282950835
95771,18690.715161335997
90465,12224.449857342657
105795,7529.237137373737
99716,9267.48224
86627,9235.102943465623
76452,32329.07096969697
106972,18108.549926246604
85032,12817.315109398467
92339,19874.121666666666
92906,29324.605909120168
107476,24711.62664382514
98693,8203.5916862076
100745,15015.924
93962,30662.193766666667
87071,25243.633
78456,10859.72832492997
98616,7399.297380049706
89502,15350.122656284024
84812,17790.8853982906
99278,11180.237729318565
106760,30461.236054051402
93843,17379.083616361415
89686,10176.825639215685
89459,14126.170915338345
86882,19361.484
89055,13548.843588519947
103280,8201.897511070898
82388,12894.016
84322,19695.57106501277
99763,9710.292318503894
89240,8555.320968253967
89369,8217.408960008921
97845,9336.532
98505,23443.98164576391
83594,9416.537768155278
76879,20335.967574160208
107542,9408.702961038962
80047,18860.659613105443
103396,10294.06852452992
91511,26078.96213165266
103680,7573.936
90952,31138.22379056127
80329,28135.914790558185
95213,14586.84
93454,16599.739236083842
98790,13812.036485589073
90991,50850.728
103576,16087.909887695654
95054,16420.92687622788
91254,41169.34266666667
78354,28323.25165507927
82354,8168.454
88849,11036.087556818182
89577,3243.0
92417,18702.5793081176
87390,19979.065586883877
90610,14896.811133941617
76083,27722.856685556664
81716,13129.038010963475
91781,31993.736133690636
90138,20271.589214489726
82651,8990.727739702457
97872,7910.015487791178
84809,16520.287428571428
107232,15492.472798155468
82070,13251.374758666274
98299,20948.235146853145
108152,7691.259936627505
81894,14416.800417053264
92170,31804.229514285704
76815,16743.84
85318,15859.717321526461
101609,13636.071932370007
85681,8517.305333333334
90628,4566.311763919414
81278,9419.556697899605
85022,10709.072356922385
106237,9539.454783458648
99060,12255.639295238096
97068,19658.48907870875
81590,26986.635311099733
87125,7578.876966666668
86034,6052.662110276679
92154,16121.508726189373
94085,17484.465972808546
84555,17768.010166666663
96138,19104.06708333333
87289,16192.427977772606
96099,17775.824
92408,16693.136974405876
79885,24141.234591782133
77403,22206.60484961182
78502,37061.58
101012,16074.0134206642
87470,10508.703933333334
85394,16814.071200000002
90467,15959.315873929429
101768,17995.651479653683
82421,12810.45777787398
85707,18936.91390566535
90630,15689.214742279943
83619,11409.510130724637
102793,10130.778055516796
78299,18481.996
108074,9881.2280426898
80894,47852.2678013202
107622,9483.0197918213
89930,13558.658995789363
105194,19257.129098502846
87228,8298.359051812933
87821,21945.193131355038
79921,16940.98
85109,17207.90230746058
104039,6158.829510476191
103523,12932.493423802247
84724,9888.999118326119
101351,11276.994
76444,30877.252180519525
108202,2530.920888888889
92774,39097.548920634916
97279,16644.72880270315
94079,15856.141493467283
101938,5877.451579741727
105071,22370.10428434043
91761,46948.3956923077
79296,29450.626359196314
100769,11211.086535968932
88597,11238.209688155273
85935,10226.627714285714
100302,14445.297613719957
89081,19705.312810842388
86282,6878.409819819821
107202,8648.154897420973
101999,8900.430302881281
77135,22411.992457241144
99417,10266.022442391899
90406,18475.24290564927
94752,13536.538866666666
83342,12994.542438816226
98973,17458.756
79768,34078.870071428566
77192,10654.687266666668
80500,12222.784615384617
76835,36659.105333333326
86983,13086.981767822548
97069,25853.909019799623
97193,9541.332744094472
105073,16769.54148888889
108405,7196.287936580659
90739,13907.310024810557
100079,20117.856739525167
97513,17737.938333333335
108004,31621.483620224477
100330,10709.242927139629
88508,18777.032
81325,27985.662509954433
105920,18217.014999999996
81530,9662.067158730159
86776,10933.94690909091
80384,11625.44166027357
105020,17908.258933333338
104228,13356.81891945221
103926,6020.696763125762
92044,30068.562315962463
107049,8097.012213210445
107408,20158.721989241745
97280,15069.12
84121,24312.002630621002
107517,16746.07254423583
81847,11965.353989812138
93671,17618.68935076253
81276,21131.50642857143
105034,20645.608000000004
82559,15311.425196078431
97468,25942.86138182394
101227,7900.548777581842
84614,14046.884523527176
76259,19573.157960013115
81329,47303.424
91999,28910.854
83557,13774.811293430317
82819,8857.990902061021
83735,11104.36
103607,7216.320761904762
93256,25292.9
89255,12442.406828571426
102147,8686.144
86853,13820.52268696946
76266,16140.484
85025,18804.825040522803
79566,21878.403760104804
95663,21139.016437950668
96600,10015.688
99798,8688.327891918656
96922,13840.097230769232
76888,43151.224
78701,29083.14735814833
108246,11585.852952380952
102309,11126.55838451804
89158,14394.068942905904
95309,18609.582792633617
90997,22969.74
88930,15143.167273980493
86235,17465.058371003877
86159,9516.41719822239
101049,14001.734166568935
81773,29825.942799206005
81389,26582.40864535627
88802,10841.395691364403
85702,10431.072488215488
98780,20773.972785714283
84786,17917.776407487738
85683,9870.089411077535
77857,26025.02443169026
88429,17382.487037027906
102069,11313.32129287382
104862,12014.327198340157
108204,22318.272133333332
105476,10561.314476190475
91778,21719.604
100851,11387.629948556387
82960,16207.424626621592
84799,18567.875000000004
86912,11235.927386567972
101533,4517.769842857143
90657,8613.26461117167
88912,11552.477514681337
86715,15781.03934860593
87508,17981.08742745098
87984,9623.401137140638
94852,11712.228
94905,20264.302543971295
76632,22119.14401961001
84100,6991.352261450703
95802,11867.521482354983
93740,41764.100578947364
98565,10726.59226923077
104153,11737.251191696469
82480,7154.464
100660,9981.239538461537
76089,25160.734764938614
104329,8918.842227272726
76434,19420.580431832932
84061,16047.719095641261
92097,16796.38627928832
96236,9225.397543957832
78908,11062.872
104602,11513.495046886446
102750,14870.963533128957
103394,13990.252197687394
88113,8169.337687851131
95654,23591.40355897436
86372,10380.830749639248
103110,13231.576845717065
88378,17389.921335858588
97704,7588.770275014024
90821,15987.424442404914
84901,25420.556568247946
93956,17104.450624101533
96320,32006.016648715828
81148,22767.191
96461,24461.426425858892
84615,10490.98140911347
108104,22867.53829333334
78039,15567.847977840289
91425,27234.944
77044,12162.75963853875
83049,18513.399094694552
99803,23487.364
77693,21224.903581697985
95508,41120.004
101593,11687.252759818215
101499,6493.9882333333335
88319,20157.196289704923
107344,34843.124
88590,7852.641275543651
102740,7590.13282501235
85931,11813.608
77210,20364.524154539336
104732,13529.26172767037
101802,9798.609809955335
106071,11034.938587301587
107867,9234.021866666668
103449,4809.980888888889
79433,28132.21371907493
94897,44654.244
79851,18507.62300041976
103779,6779.9487272727265
84206,7202.1127852031495
101707,7501.296
90924,15345.630514168724
92910,30072.888
95774,43965.926452380954
78551,42611.30933333333
97038,13620.330041513022
107852,14238.376330303032
87639,7500.652454344007
89958,17638.674493296774
77096,16321.716
80491,18725.56418181818
97835,9145.2136
88697,8355.486346717205
78196,49044.61323896857
100662,9717.613903426676
93739,9250.812
101433,11443.549011443467
79620,10946.152961629832
98914,7832.508
86750,9630.904268754512
99223,9319.1
100046,5475.7570090301
77452,27847.03524644893
104703,14510.188379398141
98198,12612.479639669285
104049,18852.267466666668
102264,11148.5322932958
104967,16287.406
82009,16535.1
79345,14802.253983931072
76063,30818.496
92506,17459.32719499202
105509,7461.848905627705
87958,12059.224118231728
104150,18537.199652192638
76395,22354.2112235513
92933,22410.827142857142
105564,9675.502380952381
101877,16245.25311904762
97863,9855.923449726815
98886,22378.6668
108166,22202.22867994467
84870,17765.585533564306
105095,14735.645521996521
91461,17707.210063570074
89581,6729.565454448664
79917,6418.608
86396,10852.699291630859
77190,25050.112
81287,10640.112
103138,11038.581500508124
87123,11216.636003439971
103793,10460.390179274767
93077,20173.444608473546
107545,30695.334532893336
99055,8866.996
101183,8122.391961904762
100713,8238.854671262563
94948,25786.266315789475
104333,4891.944
99987,8216.670800447197
85251,10351.253570793651
78966,11749.468596078432
106038,21069.37075
80139,22428.59733333333
86167,13793.212903073285
99261,12522.31309347159
92352,13480.308
106505,21672.528
100845,11673.918659189632
99620,12776.176966782534
99159,21134.054666666663
106476,25439.505165673116
98980,21406.05413333333
93289,18721.850697669426
108209,12035.430636892665
83126,9146.833318579973
100563,6634.190842965018
105255,9890.632257142857
94179,19842.732328567163
90552,9108.90835021645
91267,11188.196885625768
96812,12474.0115995671
88257,19771.247586206897
88718,11978.465924573738
83854,17200.88969625054
94902,16938.600393686458
92523,13163.498771043773
89821,15133.132411960285
95400,45102.62209722222
84369,10329.627511008475
104199,10663.994100458522
82116,25390.54042474264
100708,11705.593087996735
82790,13025.49701749184
81821,17364.165810165563
88277,13554.773379549271
81500,35029.62624804687
86835,16917.49676190476
79378,32583.876658457575
91295,29314.64957142857
91973,27775.773
104856,16551.845470076398
77543,20343.884
108162,8900.354616117216
91217,41565.750799999994
87896,17848.55216660969
98107,8478.007470477014
100169,10552.227279901175
90709,8921.01075163013
80086,32277.50853333333
81299,33858.29728253968
96112,19966.48346074817
103775,7044.43157856518
95669,29308.792
78443,15078.806809484866
83136,15732.33871965395
103945,6448.782
93010,25921.281179548143
91906,25540.37038071113
85113,12073.052210526315
79454,16234.871010011988
95079,39955.432571428566
77330,52435.04048778043
83798,12772.411161069045
90237,7855.650625673299
90782,8379.070211450859
93557,23767.696
80716,19761.89506148007
103222,8160.866035645794
88529,7942.640882506265
79327,20345.128926131234
103525,5516.956
77294,14739.26
86934,5820.187436227771
83687,9605.351851214575
101179,11172.660871988584
86285,15846.549439937635
108225,31757.52142949512
79458,20098.502606192433
79962,27496.36414141731
77878,31031.118767295597
79980,30459.80652163814
78111,22294.303548666056
96878,18892.69801464606
91368,25836.258403974633
85298,7724.375866666667
85082,16922.03314713159
91369,21579.458835955116
96485,24593.37721063424
77644,13603.472
87187,15610.92389273911
108438,18238.648
83884,12243.61539162376
79694,13662.076719887955
83581,18519.82271374217
89661,15682.967018424848
91756,15800.288
94344,14997.748
104700,26314.010609451663
82382,28417.834502626596
107594,40914.737
78751,23275.71760220179
80127,12117.608616191323
99586,11988.612
79871,17241.352
107372,17812.052166666665
108028,25698.12155983871
85904,13125.732769444774
102788,13910.320800005231
99942,12660.941485858586
107103,13766.412
84087,8532.456933333333
97292,11714.06218617725
104542,14418.243059164208
94429,23846.31506805864
86335,16925.603199999998
82367,13867.258918982563
86457,15391.595516382247
107346,12493.07560233701
77766,54604.176744949466
94768,45161.89111721611
84426,18704.351844746794
104173,17776.542
80165,31992.47548126662
80521,23947.19589792119
95028,30279.874052754192
77278,38811.70565079365
104940,21827.496
76864,24913.432
87845,8830.417554373405
86391,15007.66227659185
85488,3645.464
87274,18968.26743174603
102371,7980.822063357302
77811,15312.8880432383
80166,25271.138584496333
85693,7848.8254383616395
86192,17978.46405771683
104128,20657.28387192371
76805,12500.188666666669
76360,14115.852
100706,5204.951272727272
101318,13088.042111271243
99579,20263.101866666668
77331,26495.77733333333
107340,12308.740707024206
90662,19096.38224692361
83565,7186.352
89664,17237.87475089066
78421,22493.909164154946
85006,10802.016
93876,32586.744
97786,16494.356
96174,25780.08552623801
87729,8616.573933333331
83280,11713.772118542565
102207,15841.840956125929
100949,8023.10202028554
105703,12623.599854818005
100936,4456.744176190476
80419,30639.525823525357
85990,8653.72322255537
107505,21918.360333333338
81337,14788.574964027403
93683,32049.7264
94646,28984.613066666665
93987,18044.9185
80512,16881.768
76113,20690.472
106835,7422.0185475664775
100428,14365.98183376695
105624,22306.065655869872
89652,10875.029935357992
95108,23124.35026011943
99206,11181.102601368524
76036,19011.924
86230,8972.224
84454,12463.22762570547
79349,14803.75976340317
85609,10188.383752342983
77345,14778.541661418763
78726,49535.364
94445,30030.33142195151
107695,7679.496547252747
106991,16256.868400000001
79308,13709.643001876833
86486,8796.91318523222
80429,38572.0278744113
87107,18342.846043256624
80582,14484.488982873274
90386,11924.722348329247
98363,11039.2336
76705,22567.87874043442
104824,7272.316
104154,2422.636
91270,18834.016
83116,11107.03638095238
105710,6132.204
95042,17302.249580762957
88001,13625.633087775956
85212,10632.554716899995
91875,21819.20173003351
108248,9738.6124
106378,15822.10435485158
89950,19006.452275223266
108165,7465.872632192182
83958,12609.214551941008
101582,5859.382232258852
106377,13354.707754208253
104057,9893.504815847273
92245,32829.69716782243
91187,29791.46116014315
88022,15971.92790566535
92561,18909.879062307173
96757,10169.176751576879
104597,30850.773363859516
101485,9435.54577452312
88381,7720.517675431236
103776,8278.112372393787
91215,28682.14821538462
103022,13454.287719887454
101933,12990.139111219483
93174,27892.28769230769
105945,7315.5614786777105
78879,18815.848333333335
82065,10611.408
99235,25632.092594754307
81250,27720.35063372093
98942,21646.192642857142
82966,23379.372
81141,19967.155074477603
101325,15082.018263461538
82470,8990.410459803275
79063,32171.910717915773
95324,37061.38933333332
86407,6334.932711023276
94026,62835.564
106390,10879.04
105069,21995.29598123313
88045,16768.15568252527
85356,13039.648014908256
80298,24975.412
78479,12102.227978787876
98197,18502.579124557273
76490,27638.063583333333
77678,30694.09461414938
87021,16934.69764189577
107215,19163.37080184246
81404,27587.342
84641,13973.683998804234
96328,22278.887517309722
83845,15063.009786055634
102745,7610.305401475237
105081,9788.42787027083
92135,18412.211342245988
105888,20750.113093545093
103985,8662.136598545774
92091,15445.391303883831
88090,18091.071962740774
106712,9976.285767687166
83446,16453.89966142857
84263,11343.425645673506
87277,10875.37544736572
90625,7214.428760602056
79466,20195.471770355085
77287,7774.448
91628,17387.418575392705
89171,21567.60901960784
78750,21977.428155513455
77085,30006.66544774436
80877,23170.272242424242
76526,26728.19775627705
81085,26227.946931675782
107918,12041.839361550361
89072,7880.230878828667
103832,11115.123547147352
90495,8771.919139109536
100430,7752.599157894737
94346,11232.038696926764
94350,20152.008968585982
85431,9634.044221024262
105851,22897.337722403427
106969,14900.692200447564
95370,14635.316432658568
94611,19607.91280119997
79129,4857.732
76596,22613.248242839243
93211,23233.86521196318
102753,11513.580330565606
98370,10666.264478005436
90773,12132.059320850432
98298,12782.143307050848
98150,7670.680223914675
101220,12004.607696135978
80802,31377.40782577802
91398,18724.570220932776
86010,19344.834084512575
81267,42633.351915160354
79745,17499.809579610293
105864,23093.479
99245,18675.77130835795
77308,16165.144
85341,13053.58452820513
78845,12766.648
78542,14666.472
95408,20091.50921519095
99562,7629.47657772558
82748,16561.246976456874
79419,35822.164
107846,12270.967824649006
90929,19150.346235454137
77964,21955.816
95902,22398.356571428576
105576,9029.029211333494
94067,26108.49761904762
82322,16250.636
94533,13657.28
102326,9958.921524529918
97048,8620.27998103911
84908,11385.491080465572
81143,17394.89238636086
90090,10120.973028546714
93029,19755.297387355582
85943,14987.487946324141
95392,18750.54142899547
107057,15762.191492424243
89067,8971.773754112555
85202,20102.464067579796
81457,22557.033164993714
77074,11917.92665934066
94378,20192.740527594106
78921,16937.08
80414,31814.199
78653,14883.467887354307
87185,18360.575468805153
103928,9665.123437103826
77930,16804.896
93057,30287.136
81986,26793.80413850935
87505,22265.62
104258,4874.492
100795,9709.58548001364
82702,18462.494412121214
98156,14009.607442799734
81155,26945.87323254776
82204,11394.856
79859,14312.247649983348
79501,36275.772
78998,16908.156
93846,9505.176
83490,15851.80455
81890,30356.66199110373
78672,17940.53594047619
79310,21099.771504807064
81889,47740.22
84975,12153.587929314626
104001,21426.121872541506
90374,24804.52884509867
76586,46221.736
80099,27233.839303335553
78984,25482.19113010374
76198,15616.916
106595,18612.29332713728
78327,16171.680061036888
88954,10027.440409193217
94710,42816.636
82380,8959.972
95780,27994.04
80440,60471.152
103715,11058.097840259272
94371,27274.537643859134
105793,22902.12
104941,10118.519272335085
77499,11699.920963636365
79776,17195.58265628953
102456,5369.339133333334
87034,7266.005359477124
98570,16980.591209038663
86294,11488.521900436945
86579,13027.214355404098
78767,28488.89083877733
101407,8176.126370757477
90427,9486.344933333336
86604,13595.7364714285
104481,6655.190109381936
102055,8815.886125
76565,32580.72897477336
101769,7223.780650656815
86849,7986.601443991605
89128,12216.580666666669
77119,11866.596
94623,24347.361674303767
94988,24252.187577489174
107071,13603.93124630542
106724,12019.875518770243
79938,19128.68027142857
98217,14539.380332230083
96660,18898.379137771175
82817,11045.534989151896
89810,8561.06578609615
108212,11173.800867836257
82851,19600.407917594628
106739,20085.44140215054
98224,20079.757159365075
79457,30930.039005966017
87381,9687.477506977128
89127,5712.523846085878
79388,27497.156546341463
100705,5964.275622100122
106385,12044.239236552561
76142,29634.756666666668
79007,18662.18
95972,44547.95123809524
100737,7746.934212121212
81958,28029.299088898075
100805,8707.13
81226,11590.8496
94857,19282.218041668864
103193,9608.853032387553
80622,28034.466825751744
92116,17849.21627659942
108228,10054.052
84744,10239.859396714306
90654,15829.345800000001
90551,18329.267508094068
78428,29136.119988608436
80781,29533.77722517007
87118,36606.04
90187,10249.610181818181
76110,11694.996
81102,19431.11953373016
89957,10390.155293956044
103585,8908.253878043117
95786,23222.248
90883,8224.267829744871
94705,49723.185968306556
98890,17563.504666666668
91766,29713.97956465835
95207,10569.389466666667
77002,13157.913983050648
98428,16547.834395238096
85456,13461.939543338043
102472,17072.92957311722
83021,9455.953394344318
94063,13213.020478219643
94665,31596.849520285563
81432,22638.760666666665
79825,33504.36595268122
95008,24186.22666666667
104634,25022.240581707672
89960,8009.4215968850285
99162,10626.928382106782
99269,8697.18884560018
102221,8698.202203463205
88075,15236.382896952427
86981,7793.08915481433
97144,9621.694423340561
95073,23698.184546867433
107794,11901.711111111112
82837,9670.510443268735
76265,27194.95768816996
102416,14392.61714225522
106292,25430.17366292688
94162,22502.270759297295
85715,8031.18485568656
108484,27732.103042065264
103120,8175.190662419625
98178,7605.120522198726
92208,9510.647227670943
82800,14702.871625406813
86660,11237.621006296009
94811,19228.878079939303
95020,12211.971241173436
103339,5908.268572883256
76719,16994.1
106391,9714.701739130434
95855,40523.515733333326
107989,14952.982296557968
82154,23735.34076212121
77767,17046.140046031745
102776,13387.226033446794
79642,28438.656
77306,15065.336
98007,14788.317664545208
105538,15425.448551707548
84076,15340.475433431086
77749,26611.861666666668
95734,22130.354711281412
80602,17805.444
100988,14927.445892266784
83690,10816.668
84882,13276.066307107834
101699,8767.288
86025,15748.530024916508
104331,21964.005922310116
93789,14879.533212601928
100427,10982.347267492658
89980,7334.441361904762
92989,20640.333371985897
96820,10010.588
76354,20271.46404697635
93143,57037.091437362644
95045,22896.502666666667
78135,14321.62
85841,10487.994387741768
105453,15606.306655853024
86843,13726.370101104663
76450,53882.844
94878,41669.41613333334
85792,15419.197369166386
92518,15838.040084110335
91382,22708.59798446535
91966,40778.69486806871
95486,18922.906283178767
108090,20407.72649551282
83588,2288.304888888889
101240,9931.548516278031
79797,26517.02
101978,13969.108814908104
77559,10446.668307692307
84171,8804.68887238135
84012,12622.3138
78716,20879.200729746233
100485,8492.360700582356
98908,9196.088475437626
93238,33095.363746967145
95809,24864.12172
107070,24933.917987223358
102546,8379.131736098685
104507,25621.782547940944
92943,30987.94
90241,8221.756760886501
79542,24903.77174481075
82510,9830.931235828437
93255,24852.35901481481
96559,12165.577681092745
108483,18196.35193940137
82288,22945.551
104480,11226.475353463205
92328,30144.66915897436
95793,31486.358483568645
105673,13368.368899311745
95841,15622.855361555228
98338,7833.312301883331
103579,5700.010327950908
76861,23097.486995454972
84414,5421.104236821657
102508,6501.792
83622,8873.188037878786
98822,11076.476
86291,9642.869266666665
84831,9510.492716057051
82626,10238.75876969697
105508,16473.99897114389
77130,28234.49069091629
94652,28970.228339297857
83243,8334.217127586207
80908,56513.79509498713
106139,17182.284
91617,19550.20287972382
83524,14432.136041880205
94486,25622.96
106044,10983.362070553867
87195,10279.656846702213
77450,22192.870745612123
99239,12083.517327512289
104813,20831.056820613292
108254,8922.514227272726
105150,13081.695936781607
88390,7805.224028571427
97902,20325.739189595628
101186,7966.465666666667
79116,24541.33277158151
77214,22860.407625128464
79298,5911.284
91370,25102.569666666666
84827,12306.869754773445
107282,9628.647792682688
97678,7728.697846462833
93570,14566.340463152022
77654,13339.552
77227,23341.87903484975
106789,17364.662498862588
78869,20983.599244947043
76531,14993.852
83469,10593.48
92278,25852.968
105949,12146.635533333332
89026,22494.422
102066,11183.994133965718
96352,15386.18435795039
77819,31462.70016200342
79655,30107.894900222887
84059,11932.478266553528
96541,9330.604359548994
89319,7271.904
107795,9588.040879566563
96961,21153.841120070734
78158,21471.83828416228
77428,23526.916
101125,9197.232
95105,18381.853032499122
80306,10287.21
88903,11160.839543764943
80574,18034.684
76321,26956.018666666667
88786,33238.244
95682,18828.613857142853
103135,14531.134375466609
84241,15064.613979763222
77809,12136.532
92926,33811.996
105895,30711.631896732026
86247,2988.24
103470,11558.415195787798
98865,24996.88497354399
107363,28732.946305454087
76516,20907.04739430551
96506,13070.581625537186
106306,12226.952
89093,14036.640096371535
108123,10465.054125302639
83510,6436.650586524586
86792,18969.036
99984,14780.708
76508,22718.741502121644
86580,12155.773861017231
88428,12067.369015873015
103922,17014.946666666663
96703,27316.758049071806
107626,18020.1
90100,7180.768860475597
101987,8473.704295674968
88615,12676.1952
100138,11532.858282886564
83743,7344.240787479612
82321,14689.879343039876
88594,8203.072541627627
93842,49216.71493074503
89350,10841.859268964183
87643,15111.735273980492
105892,11309.167884444445
105711,16046.028
95657,26967.916284848485
96330,19121.57
96906,12534.493931747658
82247,19472.876866756153
97125,6955.137321382804
101306,12207.684588235294
96708,14633.845296009255
77250,17004.004
95451,21271.50689830858
99405,13401.547491938129
94758,19046.769085558382
101101,8951.81518864333
77643,31661.49135757576
90209,11954.327143243137
90312,13290.087052915393
93955,19164.737605920975
76334,22524.507957983198
85190,12825.52514534304
97992,7023.942303337157
92748,55948.23839910482
79843,22234.65993655792
88769,10514.936488932122
97453,14389.366205471124
82550,8950.400239571365
90775,11637.206848960395
88190,9977.424380952383
100712,17029.6507
77237,36461.95411599512
78997,22370.41433333333
105656,19729.171796988183
93368,24671.099193853428
93469,13258.111637872655
98426,8377.300597773572
96832,11759.868400000001
85322,14066.630098586018
97139,12220.832842033786
78678,18707.98
97821,14387.06666094314
95410,14030.401781506818
107358,15738.097333333331
96750,6177.0048
102529,5204.7025738483735
76433,12957.259623436605
101626,9240.901473684211
77790,20674.048
82932,11696.774012143038
89517,7284.06100841948
82905,13837.757161485933
88552,8212.241887773407
103006,15542.075232982981
88811,16053.32939532435
101734,10055.860003767686
99230,20946.095555555556
106537,20037.024774515106
107114,17776.364
98513,16131.12
92795,31354.591606060607
98563,14377.56
78599,6565.048
78911,21934.36126323384
84652,12826.276166666667
91014,29240.016
90901,16238.742164443263
82041,37319.692
79218,29533.73401640267
107371,44738.23544269043
94767,22637.227851617354
91910,67045.136
103462,7084.682917926148
77125,19935.58261030229
95567,47505.849203138525
95039,27175.028
85065,13871.28
78252,20594.806422421494
89580,16766.352153846154
96742,7557.225452618994
79876,37864.78
94674,21986.01195910423
107822,15055.165242042965
92586,13978.862652875318
78107,22246.62854577353
91241,27065.23851298129
79077,9616.624
86212,11443.065325097054
107527,16766.28456096984
88056,8414.744503582038
108480,14047.097148795865
77620,11128.670666666669
97188,21263.255842973067
94979,20794.223401731604
105541,16149.479054270882
105852,22017.39961904762
99182,18004.695311659456
91355,49786.174666666666
88516,10983.812656757607
76101,23291.34866324786
87097,7578.004
96299,9066.442147583759
100944,10509.6796
83995,5385.415089809527
100407,5279.984
88255,10377.228
93935,21969.29289613036
95442,24886.64046753247
93571,25156.52
78642,55807.95808691403
94545,30516.57106666667
97746,7594.447131768647
96419,25701.850488307125
102851,12531.621132530188
102356,8530.88
94962,25281.445519964167
89175,14165.19704034895
104139,10470.677777777779
103395,11789.074671457269
97017,7005.815580439966
101358,9112.8904632906
107417,9898.197104183757
97977,11318.1224306818
86765,17781.459320355287
95743,27995.824444444443
97804,18420.72060506234
87010,10436.94
86791,9617.565948717947
97486,12933.404
81124,18428.09700357193
105391,19522.891896481106
90275,8045.468615077584
104855,5547.958630769231
82804,15682.630137011558
94810,17189.111619545278
79517,43527.57180952381
101826,12273.598347058238
89848,17426.065236927105
90432,11945.65226076146
83070,11976.931023322713
78270,11667.37549090909
99275,14295.996809398946
92424,27287.104
103334,12804.589035082257
79160,19779.421866666667
98830,29766.31501740331
87956,11854.122223078142
84523,17860.48962051282
78157,16169.132
79460,21099.902855433804
81918,13874.78570168411
98433,20167.89835904198
104582,9905.163289191485
80046,44694.12
82135,20444.029262094704
89685,15777.267873929428
100990,13572.248190476188
85624,16891.166186389237
88293,9792.229976237302
82215,11649.9376
91261,31298.173807810523
78018,11446.272
78266,18533.585273937042
101074,8088.535750000927
97075,18904.5985128769
81806,15779.873670933674
80743,20227.503366309717
95234,20614.904032225037
100410,19443.317218159806
106840,22411.7888
89637,6018.337273453619
85382,7252.622333333334
83832,17123.526650100026
108331,7341.01834043417
82026,16084.061847120196
108448,10347.097445378151
90028,15118.57698801945
107663,27369.79378549403
107477,16049.574290862503
93709,12627.16
91327,45426.316
98548,4067.788
79064,12803.716287513795
100670,7445.12098245614
96494,11049.122600365134
89974,4650.51943400717
96107,11444.15827051839
78151,21550.90817312926
79304,18785.39251852775
92842,50434.1
87813,10726.94961855922
88762,17924.164642800166
90399,16727.426427171486
78756,25781.4954231635
94019,54371.40613220801
82073,11302.484
91846,28147.590285714283
97414,31113.62233243358
92758,18534.294285714284
101342,12123.849058651265
105987,20874.96628438954
81349,13028.468
103712,13015.833516726354
83627,14213.94259571949
95247,14359.068
92833,15795.070939535262
104587,15909.139870009965
93265,19627.012466441985
90518,14322.839962304362
104256,21044.52
80882,21436.153333333335
108148,12673.10505913415
81385,13698.380011035217
87860,10250.776507543056
107638,12377.833078635156
103947,16055.599802086135
91049,43560.98088888889
97916,5809.00464923248
95433,23293.83900561381
95871,35272.064
85779,8709.35229712637
103360,4319.349444444444
80203,27203.67003965575
88511,11518.955015873014
101672,11360.498862711931
82992,4130.516
103889,10517.19988255929
103630,7571.324
103366,14580.2764
97200,8539.858323650615
104563,9929.021499591054
85824,8808.069361038963
91924,13449.908
96499,14265.796
99026,15863.264
81965,28726.901607253258
91604,24837.828
77552,28141.414561753027
93750,31556.496989885818
78941,32636.150969696973
102717,10152.406200593168
100534,11448.50603755924
99036,24865.27234270348
101961,6442.8194927765635
76940,16337.866793650795
106310,16751.096061418346
81520,33291.10255124818
91800,7784.404
95707,17479.68300759126
96395,10941.088277777779
90505,22624.71338009984
95284,17192.894168548144
98094,21854.408437871836
97884,9800.2
98933,10565.771713096256
77664,37033.024
93941,24404.725296053388
87812,17478.75185680419
81266,20623.287333333337
103825,8908.062487179488
99494,7111.95909310288
91256,11955.081314186096
91703,18757.564
99971,5720.680730232539
76631,22955.857162236178
103612,2158.048
98611,5044.532129411765
94591,25281.2507619162
80518,27476.54042857143
94000,30405.645300846416
85010,16945.221954679437
87369,8402.139821812829
86714,9711.329349655865
79985,13399.543596284762
88051,3790.541
97065,6989.137945836677
91307,19098.115836083798
98365,9152.096
76522,48988.045176686595
96638,18075.854544506343
79703,13229.167445852621
83107,10601.589249639248
79104,19406.893277289782
93563,30995.766205452674
82599,7585.01815952381
83486,13937.255000827188
92895,17287.607721593926
108343,30933.526350964592
101774,7992.5312952380955
82612,17861.51084009101
86861,7418.408074074075
101902,15490.155217176154
82973,10318.266409617441
89872,5997.8315105006095
105616,12992.756376033469
84876,14464.063443830073
105133,10947.21012745098
98877,22069.862974358974
98515,21790.170891502345
98327,10090.669410399125
106633,13103.651874822113
82505,17889.006853980532
105007,10768.406
97269,10592.96485873016
78140,14178.895443401148
82318,17075.633316655276
92993,22892.814426252884
97743,11679.003202237764
87763,10551.511915151514
104942,12243.092682778155
92045,17552.228
97767,28275.547009523812
108348,18978.223182390593
89665,22966.613786749484
96862,8700.77968590968
78597,12647.764
107574,25005.698498516846
94460,18886.998911692514
86944,7435.6692772765155
104505,29168.346096547226
94837,30848.472
84576,7643.253977055195
82427,7170.92418084249
80054,25091.261555997728
103504,15651.284752873564
101400,14476.856
95904,23253.637709360853
99877,9293.544885490537
87554,8062.876404985795
81180,18180.065579825136
101239,14191.797541330892
94258,39612.87706666666
82942,13501.439429439504
101204,6529.927177056639
98516,15764.608
86925,10007.022217948717
104724,7147.887762470862
84627,11971.134191914281
90133,12521.02
100320,16489.412631285362
88358,15594.558869045406
94280,12147.083192141192
95334,18862.75378266178
95899,28889.785369841265
87270,18072.60454978032
80723,20003.536
80469,10885.112811438512
80280,19790.012
79493,11307.948846853147
92221,13759.952929412411
88547,10679.727242288518
97994,8912.998536897174
100047,10548.842649572649
96172,6956.935690068754
88933,16154.848517309403
107059,14280.376007215007
104280,22130.52241120396
94714,21798.95625099981
88671,23644.455705424414
102414,14759.344
78051,41415.516
89512,9584.13163930672
98524,8746.96
88047,9498.525333333331
84441,8810.239818560342
78156,22353.352053376802
78648,13882.584769230769
78364,12509.267415584418
86764,14488.679
78495,23435.79239358139
94609,14606.277555555556
83449,11146.56269112586
102392,10484.608111111113
102455,16839.684
83713,16381.978955804541
97475,12080.907243276788
93371,16251.2366138948
94199,32458.60790395378
85023,10404.847914689144
95338,13194.098616615776
90965,41829.32
77195,77529.268
81875,13031.725697841726
104416,15475.469212290502
87203,13718.970499387608
91239,24273.952
78127,14056.917857142858
98386,16532.30676867022
96497,10538.34
83232,15041.660181432066
107692,30448.152422892716
100734,7761.389435897436
78271,31401.50622764187
100136,10431.487097901028
86004,20216.185103785105
77776,29298.672
84950,8528.73312409764
84323,11515.840714285714
87033,18191.968067031947
94088,21283.3894903901
100594,14969.712
103071,8572.448333333334
89791,9384.959288657674
97852,11398.062399999999
105601,10694.427562789633
82003,15359.899860559359
84872,16177.660009570176
82701,16327.927551164677
92469,31824.81775814463
92873,21226.239304216957
82114,28920.798435797482
101316,8400.415346821925
85697,10938.468761904762
100885,7889.295772511627
95305,20210.316989646817
93741,11914.612
76178,20402.24
84999,18800.872037959325
104143,22457.547271625244
105483,11647.174295831506
86136,10033.287571428571
99292,17293.677253393664
95024,22679.63904761905
107831,9185.785657142858
95035,34529.472
86842,18664.988225
79511,53171.7340952381
99852,8317.461884164397
92478,20400.990314994324
93704,16205.920799314474
101664,12306.097577806942
76931,37716.74533333333
81674,19732.105766666667
102597,8249.94
100630,5876.677555555556
76978,29579.169412760246
102490,9852.661598431096
100842,8017.560689269384
102990,3619.5385
105412,10469.857814309764
78744,23548.133933826775
76082,13681.059364421146
82773,12680.515933557765
107285,18095.048
85211,13236.616704013768
101093,7217.79762921079
96626,18000.23320129689
103089,5958.348888888888
98149,4014.524
89290,8546.668714219735
104295,9634.334040000002
106958,28033.295258154096
102661,10705.514230401239
84082,10452.48690909091
88521,24540.17653264835
78312,32612.779764705883
85481,8039.508833333334
88961,12355.328116726232
96432,28437.58434951066
77539,10968.384
88374,16443.0304
102919,5983.1986736704475
94335,15187.398592295609
85305,8223.311513871999
96360,11973.762511088498
85471,8780.438535560726
104566,9107.176454443153
102100,10162.54751286491
80170,10288.993090909089
103347,14389.56
87487,53800.624
84090,15707.032387836349
100034,17559.052962026057
86825,16294.287931832285
80018,46684.038841434216
102611,14884.474744177562
102665,9560.285
92920,22291.83609753346
89381,7447.213731687797
105151,18560.967215022636
84039,16431.13913287251
102217,7819.184542583496
102388,10615.40991111111
98820,15000.546064131513
100665,11048.964095958492
90384,33484.41011513471
92859,10665.8339075156
106356,9684.860164584621
104723,14599.623904612827
93244,44062.897733333324
77449,20917.368
107911,11794.800933333334
81721,27405.613419915102
85237,8153.362849021816
87601,18145.898711921473
98578,13073.167881681413
80704,30864.117336385054
89078,7554.9290404761905
92042,10051.768
100450,12342.398988235294
95304,7827.464076190477
76023,17403.639384615384
90609,13370.058419910903
95170,19034.3474823515
96870,9847.566176918921
107247,27457.048750320395
100484,10084.113803907836
77659,31387.57451715929
79832,30727.97831534864
91419,3551.232
80371,21403.08254428654
83386,14459.23032777778
103919,10467.094334039015
95201,12340.35986984127
84155,17247.61823911041
90743,10227.21937540339
104381,20854.20837016385
89097,6770.77038203525
102033,4815.912
91725,24393.39751649079
92999,17679.020659999995
95835,18379.997040780887
102206,9634.754702938277
101763,6717.996
81377,16702.702479183175
105683,13995.675088438966
91033,31587.126807719018
103314,9657.85686580196
105070,8451.193853891624
86950,9264.822443506495
79171,21779.87390008299
81227,18815.311081227603
80197,14706.215749122808
92037,25454.348823591714
84688,12506.933333333334
101952,7423.64934622293
88604,17849.1765
104058,22713.958
106274,7448.395198924731
84985,10534.313797647439
99085,6853.070685200673
80801,16930.365301503763
80233,26968.498666666666
81000,42100.88
89057,16594.099685789126
98382,9805.764
106493,32085.21387369484
95057,20073.489180952383
84556,9261.17868115942
103037,16087.909887695654
92174,22880.507678910257
90920,11216.57280762848
93409,33015.18006947802
87113,21396.569519709064
104981,23962.697079365083
104556,14452.016
92782,19674.867154260577
90546,7229.418266409266
105506,14248.904997459027
84787,11690.609440157154
100399,10216.39422052023
105911,8677.71682352941
101920,10177.41039974283
89224,14906.626245127576
106787,31944.901609523808
83083,4027.4884444444447
102399,7096.86
77196,2784.608
104889,7305.5680699964205
79598,9271.996666666668
100540,7554.218868550341
107792,57092.21463736264
85758,13556.556714320746
79333,15026.023979872465
99351,13072.420213354653
86706,7555.472416377591
89547,15367.839287179488
88092,18457.182098412697
90348,11526.811823578759
96125,14678.621265143558
86921,16655.302276423186
76903,33279.92
95539,10948.56973245614
89841,14315.65646864887
102771,13352.677393550865
87174,13400.379094057946
81975,47028.184
95289,15691.84237396729
77318,27688.859723335154
76955,15885.064
80996,49002.56946128449
87707,5162.92430952381
84519,5704.3880340478245
96833,17695.6
97584,7153.514275284591
104697,11537.208855223882
85510,7753.696469115233
79758,33297.27700694794
99502,6252.495520074697
80725,17539.181333333334
104108,10450.953837566138
107802,22383.6870823184
84871,13490.793714285715
85817,9756.674936885247
95473,9730.696
85629,17540.955765896128
99641,6639.362033685523
82356,13289.698693680753
96335,22350.77479087364
103623,10397.494325768792
84233,8991.693013914264
93708,13362.064440228065
97947,10535.704589658055
84368,18259.621871729447
92108,10919.014
86099,16010.292428571429
95173,23987.570540917102
78389,26129.625385311687
106219,14081.716
88823,16616.44821206561
95608,27596.690761904756
95876,30183.732075761563
86433,13408.813969696968
95515,20929.982878752948
97503,16422.150574305797
89163,14885.524762393112
106479,19926.3658
83722,18397.0757031746
80644,24722.91122528083
86002,18291.243038246786
86783,10744.004010987699
91928,30646.007222277833
102142,11606.216434364262
106024,25217.039056321955
76022,16215.66
95221,13228.145091549295
105051,20517.352
99939,9356.694
103202,7325.11846046693
104770,27678.79359225076
88396,8212.550740939216
93666,25032.702121469832
100763,7883.5950505050505
96842,12694.583315624099
78807,27988.85040028884
85559,11046.45268013417
84384,18228.419333333335
95619,27313.069699675558
104008,23714.632372539934
98379,6621.217063545374
90476,9828.84608123682
88845,9454.665563572293
80296,9507.054688622138
88294,13016.296970752177
86733,10498.558276549142
101515,8151.32973386686
107440,9475.706524242423
81834,28450.95085804439
94764,29743.70866666667
94968,20477.837173596934
88218,16107.632052874771
87863,10658.571358236588
104019,10379.372076190475
103369,9520.572360145296
106979,5562.19810919521
89717,7259.58160992341
94504,4326.2
85722,10942.839860963835
85311,10790.342220095694
103162,8670.207627992326
79834,32763.179757812584
102283,8550.843650793651
102686,10632.432158848995
85834,11152.728545454547
83633,10820.940574999999
101178,6401.489260730361
102859,19223.4
97691,17598.005093543292
99575,10357.108155703048
81921,13214.047715215711
88114,12790.813714285714
100101,9820.792591246594
101736,14407.491728244971
92763,16961.259788816216
93514,30410.800844155845
86322,15020.125190308992
84924,16322.211271786306
85898,8455.164996845317
93419,28297.096878422868
88784,11001.211066666667
95012,51365.352
81858,19756.736546218486
101610,11400.241158578869
99190,10054.489671372548
87530,8750.900995024876
86979,14741.314503844163
77670,2507.708
81123,11561.511793650794
81724,10976.4685
77870,11673.564
84193,15727.67864351525
105928,16199.381758158843
97607,19216.04911167498
96063,29581.075142857142
77962,13747.61193417367
81560,29825.942799206005
100204,9970.130307161511
89185,15185.086879553703
91744,15289.7609319866
91470,26871.348
78412,10315.524
96222,16035.123619047617
95148,26981.490053089958
106039,13602.062900392246
79352,10389.393991756273
96602,6754.5374723523755
102798,9804.85297569366
107301,25510.39072955667
96147,16678.78937726302
87382,16582.088006745333
79907,22519.86013333333
102924,8234.670135268238
78012,19578.739428571433
78333,17851.653346474028
105989,19898.799246071867
90607,15264.645673349298
86110,11014.744
81540,22600.793002815797
77937,19724.948915202676
84630,17948.126572332014
80988,34230.57766666667
92519,24243.094690599428
95795,12232.44
86837,5522.884194399721
82642,17516.99982546713
86017,11420.953863141565
84772,16197.896757409258
103962,10688.026614996883
106264,9268.51870984127
84934,18377.5
91598,30190.866711131785
104102,10556.476122524817
81261,5297.352
78425,20162.576405064105
96508,9322.260810624499
98668,18718.868126903635
93948,34581.09754841292
82909,14661.744
91514,21819.241411806674
100969,6385.51717690154
102102,5689.11901765497
103465,9904.733266666668
95072,19501.391132215245
87535,31486.274298951237
107564,6430.632305297331
103297,6273.508860694107
106528,9398.627869185537
83748,10427.942590530003
98195,6804.997160870399
102113,16046.188057009282
94277,12660.508
93160,20117.346666666665
92063,22539.973859583806
81037,11738.863718915736
92602,53137.76749389736
93096,19346.796159574467
97243,11029.996
78019,15612.49418163271
107604,9999.488273790872
101438,16485.400631285363
86439,9357.985016392859
82300,19368.580330956178
105142,12863.08222822574
84429,6199.069815443462
98958,7657.83431944395
92197,22086.889564014997
82096,26245.58489654439
81536,29509.218834603114
101623,14945.772
85596,9335.41779176914
90600,10879.356012987662
80089,49743.57336236747
87224,9798.302246833424
87685,18485.378479265768
90958,29386.37093758664
81004,19815.07661171599
91667,19949.6754956675
77877,22437.67200689925
90956,23095.1025
87744,12082.286794053512
96817,11429.922270518391
97163,10847.266411045179
102517,12124.980962381915
83356,6655.067599999999
89415,9415.412203917325
100153,8680.320300000001
96024,16533.405192036913
92043,32777.808
100495,8138.901162900274
79653,21124.632337926058
88149,16940.139063673752
98022,21252.71485294118
84983,20182.179047619047
98394,19585.15723671498
78062,15228.112
83656,15883.379661428571
93963,55839.350247109316
81988,30823.72166023714
95992,27296.007066666665
82620,12075.040144444445
82149,15237.176898074422
106199,9653.169857575758
107884,24029.506366972135
106607,18912.257840926915
84212,2864.1784761904764
88234,16793.843716620853
96712,14830.34445765988
101058,16636.500333333333
81149,28830.632923971116
92670,21147.409482574767
101383,10315.245065799538
82563,13226.507647073031
100600,15724.808446096069
90826,10508.866188751917
102364,7999.562853174604
80759,32771.85364520666
79628,16637.752
86113,18201.840340873106
96607,9867.972447876955
96462,19510.3929197995
88668,16859.244426426732
85575,18932.527838426668
97718,11166.616143249728
107322,28776.544768080665
79948,50627.478563249184
84361,19394.906404981844
77092,22167.662995454975
82359,21414.13939047619
87495,17025.37670240683
102966,13869.817559352547
104309,17409.611598005748
106312,23565.691333333336
85152,14200.792609886606
80835,10868.763538955312
99488,8773.93964951053
101023,9546.722666666668
82295,22933.75665079365
94330,22341.2116
96446,20234.613312832484
99608,11613.16
108305,14642.772274034392
106512,16814.51918688991
104003,10108.43827376201
103550,12263.702924917367
86253,6757.5887999999995
88355,8971.93481904762
101629,11085.872
101460,5449.723221060648
87820,10879.597381898599
83140,11662.627692938508
89804,11911.828660761461
101738,12944.89823238459
101121,16007.589866666665
81810,43280.00533333333
102106,6629.572408345612
80437,9076.829333333333
101463,12383.484095238091
97919,8441.7891523895
107407,21375.663482799817
76258,24868.811346985563
100626,19097.959202930404
92755,19844.2248
102655,7735.83591871599
89223,16807.198111798658
95180,41035.556
96372,7146.705080036531
84089,10975.26002864112
82203,32401.433333333327
98785,7422.841535091494
95930,19080.137192565926
92151,16485.613714285715
105149,13756.202357153958
104517,8002.795388796904
85727,10568.842359999999
104769,12915.603230769231
106796,18836.072
79021,16677.24
86121,10016.089333333332
103139,7848.684145454545
87918,9115.286634738219
80634,45566.14583962708
103033,6739.124361649001
80019,14928.840239567784
108035,20839.588727272727
77891,8619.255142857142
95749,25464.58
86617,8340.397343584771
77709,11249.483333333332
77952,14408.892
97083,12416.836458486618
78040,16135.236741725115
96041,28489.062388888888
101843,8036.587789855072
103016,9917.420195304425
86049,12436.353004140787
98228,9019.862664299419
90554,7183.549266409266
103311,4595.637501298701
80418,19841.337809878965
81866,49925.12
101259,10350.272849123427
92909,25305.23125
79034,33291.611
77129,10969.796
99018,13054.00967294904
107391,12423.176080381694
108170,15673.524858222876
80664,27770.118664234265
94438,47016.068
100436,10825.01570541643
107031,13296.458071770334
103954,8858.536
78892,12607.39250405054
88505,15877.182492362115
103329,10900.203294960918
88345,15945.175588357606
105950,9792.992918039214
98331,7467.975296337321
77666,18723.10778823529
95383,17223.648898266554
108535,12380.579934764504
78705,11903.549287513795
79597,11001.246
97585,25887.468553132956
93832,26099.016
97348,11023.873878982424
87291,16949.2748977058
96291,15508.954794790603
84851,11993.664779773626
105338,20789.581312346614
84514,9409.167423737565
105830,21730.955850018036
78819,10993.15151295775
79728,57352.524
105993,23447.644
104822,25891.2985715088
101141,10722.481948745153
82728,7956.390009625674
83273,5596.588
107233,14560.477587861556
81943,37568.212
105637,27967.3
81203,12559.139294372295
95127,33412.82783323902
79994,35389.82140000001
96025,20443.957242424247
97390,28322.622696235503
107522,17476.535225032127
99674,4040.74
83001,19695.57106501277
94573,18956.9112646798
91983,34267.286
89935,15876.452608850366
83115,8165.746705555555
108439,19617.517485465032
82297,16544.348692635103
96542,11718.91727565076
78269,53493.291477444
104124,11623.02
90435,12684.989066666667
97520,17369.45206361335
85468,5830.1081855680495
83566,10027.240138766789
106890,31929.359558902084
98124,7073.859405006049
85866,11532.569043627733
104379,25393.565619576973
99616,8477.580953807379
77346,27017.911301587297
83668,8036.349010251437
94488,25615.514
87494,8858.820239571365
84099,12029.694757677127
78345,13164.483987564723
95626,18400.457904871375
91044,22496.076737500076
91343,17884.933799717728
99823,8622.699742714556
97197,15397.46
76399,23853.868877560486
95484,45424.46
89728,21121.328048490373
93866,12845.686925199372
94053,27182.287822905728
103190,11600.517070431482
76312,18207.9209458972
79453,23634.410174358974
99956,11578.332
96811,33509.49515275183
100537,13694.014925614601
98142,2686.004
106900,16876.606751926465
89474,7107.294824267393
76696,12111.279
87479,13758.233492210198
84806,10222.773430015122
85385,28509.836216131833
93372,46358.48875731022
92860,26212.54466666667
105267,27669.309615355574
86951,8209.931285902503
79622,8953.27
95103,19842.732328567163
87138,10528.54224541847
91912,17420.124797687058
78932,17953.248
106494,12370.896576485133
91645,23837.755503011653
76102,18942.816
79636,23110.441727272726
99416,12066.012228378137
95715,30992.248888888887
81323,21002.47764102564
96273,9243.602386497512
95585,22619.437617424264
91885,22064.296574687167
80762,27623.72729026011
79167,9690.052
87173,10692.011951611286
92719,24794.552
87482,7169.1991462781225
95215,21650.527130291073
104054,31304.745316581804
103066,10141.766011498088
102449,10180.210200593168
93985,25043.963430912485
99869,17039.076
88347,14415.76017919351
77208,12114.8526
79376,15656.046142543224
98451,8567.560666666668
88983,16661.605093737046
106464,10412.336303030304
89146,16623.69999332824
105833,10199.652448087432
79242,22140.256828282825
107738,10187.931961904762
77626,14432.528
77415,16120.029373516572
82458,9995.639584620638
80995,22557.31068051948
98434,13304.838529568768
106938,24273.680333333334
102349,10523.340902351692
85791,14773.000568722631
103622,9633.410849719066
108149,9639.108012899896
86450,19902.641583642562
107252,13821.810082124932
76034,8476.176
82259,30730.956
76581,31388.021711049492
95499,31009.264
76648,45804.872
75992,21527.470089034614
81407,18901.77810989011
105954,15771.982416609244
97001,9009.1762
96179,10285.922018910262
77616,16472.96259785432
108142,21584.795106408917
89107,7888.5
108236,24580.498408911244
92520,19074.484255090654
93186,13743.15144699793
96171,13136.924847740562
78460,12433.682857142858
85417,13288.87298357913
100064,10707.008761177556
92393,16681.20561962457
83360,16657.145919693594
103935,10558.995585996268
106977,12676.488752324207
107965,14531.81449667219
91921,20961.2943414161
105002,9362.52544
93968,22588.735025252525
83088,6717.930666666667
92707,25438.292
89001,16715.44983581579
95856,24819.204
88962,22395.878043956043
99828,12770.806706955524
87980,10631.980716899994
103861,15251.98041229187
90588,10999.633333333333
91508,31314.84814135339
86131,8330.387522954306
97249,8732.408654077266
88232,13572.809571124157
78451,29406.587698486826
79773,19574.8
82873,7824.382740740741
104116,22713.958
83673,20136.480436080583
77622,35942.572
94936,18580.090042553275
93795,17967.528
96084,7488.667905045928
105406,13527.626180952384
102280,10842.974618055756
83867,17157.648462917205
83621,17044.483849456134
98536,7403.97172242594
101889,10603.44780765103
84479,12648.940226600698
77956,17919.037691914633
99484,4478.183136507936
82140,10722.912557707567
79005,36549.628
77513,23020.907776477594
92211,23529.580133333333
85245,11095.459933333334
92239,19814.18587274442
97205,4336.822666666666
84822,9713.939926726
104413,11050.282135841933
98704,22070.22413420667
76724,19439.71344221199
101457,10707.044621901701
85487,17902.088261932393
107392,8119.9911999999995
90712,13628.022914061308
105823,7309.141633575363
100345,12522.630009857492
104219,12802.797848406371
90297,6985.6354413322815
77122,31867.01671642301
104805,23783.824399999998
94490,33070.05869904956
99948,7751.084
103562,16542.312
93378,13853.3
92288,12082.45476722387
78059,8788.672
96096,14694.691417757233
95732,11366.496190409589
87817,6510.392739393939
101084,9236.396304761905
90506,7988.695031176517
95676,16030.49483544564
90249,14492.424
95932,28902.076
103254,11805.065479425974
99286,7534.481417819846
84918,13692.653336509999
97397,10219.86920403208
88837,11919.163892115344
99212,23792.37478759306
86421,15139.158863492064
78337,32998.328
76020,29576.124
88038,10358.112689791657
91409,15709.528
95205,8930.076
108031,3791.284
105386,9950.66
100613,15722.595163148098
95685,21923.6447117363
78731,11954.962696825396
87310,17053.85542171713
101113,11655.616449050227
89077,9748.381373613447
96672,24235.137511587956
86775,4652.679452380953
79262,28433.629251583327
104469,13447.659049842243
98351,10601.819873488132
80728,20063.95144347826
97386,15993.630817415136
97417,15500.794493441077
93911,22260.3019021137
99842,6878.8902
97191,17800.41096973545
103152,6811.160420713911
100093,11987.112
104319,15178.055650068733
78419,23668.75497854406
106929,9016.13
107427,10949.078135841934
93578,20023.11924444445
103404,7660.142393346457
77844,22906.709453409097
98068,13961.681333333334
95709,54578.02
87946,16947.094485714286
76391,47592.580491818095
87096,13578.942996825397
77186,26192.825
90698,12876.564774069957
93367,22267.643357821355
83133,10390.051322879282
97840,12193.008935342776
87605,14636.62045603524
78472,21393.239156658216
100925,5148.731018546366
99596,18934.25988844233
86081,7888.173741758243
105725,10900.562850505048
94362,18370.553293199766
88579,10445.022493939394
86705,13041.848
80813,15958.40922940673
78885,9294.864
95548,7533.396
82342,20907.209331049373
77011,16691.044
83904,10576.369885648026
105485,11635.023458333331
107922,15010.281708675866
90200,6747.435526686106
104534,10507.349934065935
88664,11307.141769500675
100499,7072.040461260845
101035,17367.632694892473
90482,14863.080430581975
108068,8593.886616619155
81709,33089.845449268556
97618,8739.801142015842
101931,9624.012102564102
100284,7661.02674304202
101027,14178.329227938728
96674,10425.381993221794
84856,16143.201970434984
105326,29536.64190811801
102491,11397.946538999504
97616,14781.823758783683
100667,15845.657500175863
108197,10863.891134502923
94844,28551.594944035547
104934,16560.700692181443
94116,25631.717606502083
76214,22189.511009607635
90916,22163.422417358746
106013,12498.009903145998
103429,15365.640987907213
93335,16467.93497612064
99260,16511.828573372495
97043,13624.000149266421
77925,77493.412
86716,16590.11019281729
82230,10658.2236
77567,48201.33706666667
108496,31816.887249342828
104871,21121.631680163708
77957,11393.338880374527
96401,15033.29586401793
88284,11535.104201620945
86845,7191.922740740741
101349,4298.248
77015,14875.599712121968
94471,19426.63264626048
108380,20019.611123321123
92533,30363.95414664679
77756,13295.604
76035,21923.756577033113
75973,9617.078611111112
94675,9719.35636969697
79435,19570.704555112865
106542,22604.204
96546,13456.579506080929
95946,19503.915504722652
93188,21896.9910059447
78117,19011.852
102180,6856.601998734599
81825,17381.387444901993
90050,8033.579680493417
79638,18327.52355054694
87579,13064.274077935803
108103,17433.2312
76578,19773.968
79112,17078.419
95959,22120.912878125167
78244,16707.924
77851,31423.42
87052,17180.44494552665
88538,18624.242217062816
79011,24192.82772262147
96381,20027.735408922326
105358,14104.313913207245
92876,18471.86616111521
87699,6364.81360275949
90203,16251.254974358972
77001,18339.576
97974,7709.367621048383
89985,8868.680707586209
97810,9928.231812452254
107459,9953.857735122117
104861,17919.931188418643
82516,9080.130791552307
83497,11046.45268013417
80194,54620.972021713555
85730,10317.059750389997
77914,28093.38
88779,16987.864551515155
88366,9445.283720056019
104300,13374.981599204022
84300,12268.37742553723
79422,15370.308
94910,28717.3645
108386,24495.87236527315
92708,2861.752
90802,19134.855716897033
104397,21625.92089949992
98039,14241.78
107887,24428.27807962963
105290,10829.368716255727
102575,20094.95271222878
105040,8479.061026156302
98430,10873.774878787879
80499,23121.2594359842
101694,12357.28142732616
76386,29634.372601295752
98181,11709.1
85340,17235.33622379383
90766,16628.89974096253
93472,16584.756523198368
79927,26917.86
80854,20803.89171061868
100180,10334.744
84437,5233.334603174603
83358,6717.944217798285
93108,20425.423438209567
104330,12295.924
103518,8537.768483833663
89006,15581.940406060607
101611,5994.948
92226,21401.450659552833
84798,9537.710183178133
92840,9861.92
106054,12985.393825466168
78261,33061.1505
76071,15496.181115555555
92246,23048.070571428572
92296,15413.190495238097
89469,11047.142100575467
98079,13481.108333333334
81294,11982.086010023311
96301,5055.576818439717
83888,10814.076674056127
87403,8238.788349966395
92192,30487.082838628037
107592,18102.392
77496,15620.52
97447,28976.502310616423
103131,9905.006062882556
104590,25685.14491289109
97597,9612.334208115655
82167,21605.77511111111
91027,26353.708245222686
78607,35061.012
99587,10238.098997753395
93937,23403.844
100307,11963.612
107613,15586.423296132234
99773,13195.11600161273
90044,8631.591288513515
85578,18592.809996478914
77103,13263.426718423734
91386,24663.777166666663
98955,16584.903
95927,19661.106207002966
103188,7133.4533559322035
77389,77052.64
81822,11311.968846853146
90768,28828.385665322654
77594,13825.772
107085,17193.929289737916
87692,11627.244202770336
77813,8796.3
81414,15215.037638986536
102900,8862.796336459924
83150,17400.494240909335
92414,29126.82837669894
105321,10179.099636363637
92658,26660.936
87160,9249.105333333333
107827,15699.493891183543
105790,18049.58
87463,15397.981892063493
91532,47792.76405127448
77459,24425.01475112931
81593,12871.41
103719,11411.59716933537
102291,8088.569953359455
77211,23333.422369495183
92956,19406.504
86578,14780.510893501985
85882,13616.48621000471
82082,17438.562358781008
91811,29914.65171721049
82036,26437.304
76773,16825.62
99406,9545.72695197954
102289,9088.651666666667
94402,20762.662671339644
98621,8446.273592975609
96476,12378.212723118482
93410,13460.788
84989,16253.413
85123,16855.384027387798
88492,18553.132
95128,25727.4272
93047,14472.800222222222
84587,13794.024814525961
94856,24209.68970585988
92247,22377.20537190098
101052,14245.183060226207
82940,5158.447076923077
97756,11222.720155772917
98444,16301.327
77869,10962.24
96694,13011.677451381109
107101,12355.105307070706
88276,11096.52209628324
84648,13294.709219932383
88011,11886.135185093168
97951,17031.972263900723
77288,18589.084
104937,7037.575128205128
81621,10065.648
82049,34176.516333333326
98553,10110.391852260873
105056,30734.36753338822
80914,42189.324
82440,17982.994142150244
94927,24033.170834297016
84303,11945.384657581459
85533,11024.627636363637
97576,11560.288
82216,19446.3724296731
84279,18651.17703196752
80976,13664.44
106097,21160.660617149602
83074,12090.928433276544
87581,13166.45504843417
97210,19116.512791756242
90785,11084.29385731292
99434,14714.492177671413
89600,17150.064553968255
103809,12896.406162240883
92260,10910.292
89667,10135.030443721536
99310,6064.226293710227
90375,21703.32617311556
89468,11806.354575757576
94940,22885.11085714286
97747,5558.227094897426
97570,8780.052090713209
105994,24335.939101437456
93145,14472.232
94100,16901.961225121056
103226,13800.9393
100167,14772.36
98138,11489.055608062528
101043,10625.270774621305
82078,16872.918639260184
104748,10661.244
103881,14618.632155276344
86774,20292.20195457876
89857,8894.273692055642
97150,15364.647328966183
107683,20042.905714285716
83708,20287.96633006536
78775,13432.644297619048
104200,24723.152206349205
107581,12561.580755266474
99756,6571.630533333333
90210,15286.124455594254
78027,31404.27938884948
97012,13428.480666666668
104010,8707.712051282051
100639,11217.446305795875
93792,14110.728
85574,17295.667103133463
105066,10561.331944444444
97307,11071.215622401973
77243,45514.74087356321
100661,10032.254884869673
80825,19524.702299499713
85856,14148.435098105276
85793,13100.20051939325
107091,19390.21020236525
85836,23972.412288877145
83887,10987.407643020595
84721,16962.292703939638
77636,4905.632
76905,42787.24
104895,12546.414004761906
86377,15589.3877
83076,17313.35815047453
90124,4161.845442424243
105661,12892.92
91631,7552.112
79760,51710.69929461782
100714,7602.651025303506
99231,17625.111483007535
82805,16622.429163674784
80714,29526.646082327115
93820,26627.47733333333
85373,10105.25947938298
95562,30504.778968496987
91723,28429.013253333334
91501,23636.082922668174
91222,12082.45476722387
97984,27780.70537405577
95047,47530.858056912795
101181,5844.572952380952
88389,9106.117185232219
86999,28561.92912823041
85255,20599.76490656914
79093,16000.006357180893
82409,17959.82443537503
103128,11020.245427955011
107027,12316.822587838184
108081,13646.218777152993
85698,23371.756
84249,20365.606275110855
101719,7343.744672727273
88643,6911.059646306896
80972,18271.041963748077
106047,17455.046237816245
86779,1794.616
78587,31673.280946996405
90179,15547.425866666666
90972,10175.360603238865
78609,21071.03191223395
98324,7048.437682301779
76446,51033.276393829496
86829,13032.02639801458
87796,10085.121459550712
83650,16392.386257288374
81411,14161.756
81963,29983.00657316951
96782,20503.795
89718,8670.971567972243
95518,20213.50161753776
107293,8270.593847727274
99739,9134.544
103956,12778.492494398102
85946,18477.055788018293
88532,18543.813502552744
85713,7729.779835854437
78184,19539.316925224037
100234,5645.396
107715,10064.352277777778
106150,17298.899989788006
77266,13151.124
91067,18686.783119234937
80869,21938.636
81462,13137.81974725275
83382,7433.915215738053
92915,18126.949314285714
81139,15509.578885714285
96523,12402.834133835851
107090,29351.016915543798
108117,20540.424
91742,3940.684
98340,12717.425375571078
88371,15960.482114953518
101031,5334.372
108430,31584.753175757574
77740,27308.40023608071
87861,11276.873732280275
84746,10354.475938849919
81252,26943.14295760184
81933,14782.110304393513
92153,20764.14162115858
95485,17678.916
97686,14370.14256883117
107452,14727.863960034676
95477,24464.88276321351
95752,33454.597618239495
99499,6263.197747409579
81223,15269.686971365601
83589,28049.64868814915
81497,25064.362477867468
95884,25723.68360286206
87806,10911.515333333333
92330,19418.70776288498
84558,12803.94927492265
82990,9500.917687556906
90851,5951.174181901225
96997,29720.48516111681
90278,14148.424718313645
82417,10976.552049723474
100247,7909.054507137301
82239,29100.186687155125
76975,22482.385714285712
102948,9427.56
96929,12516.6295
107088,15826.8
94670,13100.541316883115
89862,4894.100952380953
94506,18242.752
97696,8925.129813641764
82696,22593.259026984128
103767,12723.351958368861
105307,11606.048666666666
106510,27979.37221890152
88316,16079.078142104576
94321,21955.864378375634
96595,17563.88220609257
83223,8549.420713175625
85551,11965.43367470356
96007,11771.64461904762
90296,9083.078936215496
97407,13517.63202768942
93071,16028.685315049495
97275,7868.274574242618
86827,5020.296
99759,6433.644993322547
106689,20351.864159755143
103062,7154.073333333333
99657,12852.18998918423
93428,29375.62
88504,18144.490015484305
87359,10755.025094446855
81906,15838.060106349207
107446,9690.559005347593
78926,49420.32
97871,6788.221328228042
94202,13343.742984126986
101216,12300.903761718904
89614,13930.5061947121
82929,3788.332
78710,16271.632
104966,19449.336647794844
88410,13554.308428571427
94382,19540.607297973525
106319,48027.59468197613
91212,18008.16314285714
103584,10259.764960128105
107593,9373.249524741093
100069,15413.624800000001
97293,10762.147220574483
97085,5572.279904761905
78830,15882.58
80409,14442.515845492519
81079,33698.653952380955
90437,7882.610621001104
104169,29965.295056134997
83432,14220.597843011945
86630,15493.329590399388
100678,6285.2689874458865
92564,22851.888
86007,10705.302
84102,8228.255944953231
85324,19005.46596038529
92796,12524.073846153846
78277,28695.334380263408
91813,13535.3
107896,24036.75171623932
80598,21657.120777883054
93630,22153.752433700654
98016,14505.507095238096
79518,49787.08822087421
104016,9768.180552422948
90069,20070.203733333336
108485,8087.731586870586
105556,29914.34237330046
107276,21275.216878787884
86409,16350.642655706144
98131,11962.52
95165,15061.838427971154
92954,18907.795651697565
108363,7764.961386290082
107775,16764.749776680153
98806,6275.925092821203
82105,17058.10155880942
95777,14218.756
78794,20549.36921999802
77994,35236.44057142857
90061,7398.434831147085
98353,14773.673978111208
86777,11868.491515681399
107107,9002.316444444445
99207,9515.963655782312
92441,24204.312
81253,18394.66780863731
82071,21838.554898712555
86304,9449.746476190476
78529,8279.278
100606,8877.584822824847
108524,23730.278143264208
87772,19470.496
83062,16733.952219007482
106197,17477.31944237222
105773,25949.227888707275
79317,22851.525904761904
103930,7325.174433333333
77486,38054.248
76154,31758.08154285714
89324,5265.375399999999
98354,13499.27536441362
108349,7102.8612
108146,9585.090257142856
77826,23092.777417989415
91078,16792.124347600056
78136,26327.87570186335
107463,24918.59258730159
100749,16019.910730444475
77223,60766.869333333336
92513,20090.57124076859
99409,8433.568430595484
94380,30168.59343155455
84791,9913.218764705882
86042,16521.84137988563
79939,34497.074666666675
83953,18343.648
103754,11655.616449050227
86091,13529.629714285715
83114,9885.272
80956,13587.890425503903
96276,8507.716571428571
89799,17390.201
87919,8278.254364705883
84054,18924.159782134826
102856,8416.38327783313
105645,10348.997282654593
81207,22615.140149067596
79629,21848.971867591885
97211,20241.94673811452
86631,5531.192194399721
93438,34242.76629379296
96983,20074.875090863898
93914,24613.983406567542
98470,10873.554723809526
76650,11427.64
96428,31115.87810682424
84958,17470.31025745983
81064,13027.73866921175
82469,12863.633489502965
102139,11806.990346926035
97800,9873.806267301332
98474,6278.330051599236
107944,12252.249777777777
97401,7487.596189743589
108476,8523.062949929794
103189,8341.450965302784
82987,10916.107991729712
80903,24308.246615384614
90854,10028.46066062271
95644,33612.16933333333
98728,11427.926
94370,18311.44
84537,13734.241358688281
89358,11531.586666666666
76221,11878.718666666668
84935,16939.13209
107676,12906.846666666668
103154,10382.558903611945
82600,16000.1992
104290,18304.53375313767
79972,19915.347539281636
89202,21302.49672027972
97253,8270.235066666666
97358,8720.360531679844
106932,11244.41995858692
101140,6716.172364683395
100650,8200.684904761905
99817,20504.607115234783
80953,19247.407935464737
93851,16915.64637179487
89574,4714.6274340071695
91092,12082.45476722387
78214,24126.527021518043
80283,17205.360907979197
93158,18331.266888681334
78562,49053.414000000004
108498,14130.944184221067
100223,6118.116
76976,9542.532
81119,23322.992603174604
97369,26060.42098899545
95721,19677.19934173129
82271,17346.68390956078
102837,10467.89635046188
94761,19842.284
89200,10864.673976503733
102690,9614.648822845053
101274,11660.2666479663
107682,22867.872313537788
108276,13608.549133333332
99011,12449.508
94484,14063.756
106033,18826.56540998025
89123,11479.7280583374
88740,8710.126370426065
90951,27737.052209523812
103812,5247.977400000001
100056,10207.61352452992
100691,12676.78053333333
88394,16176.75915928516
97620,8733.80194127358
107955,8082.09684620412
98144,17869.271553968254
106325,20743.566794594688
92867,42370.493817460316
85204,7718.120844872809
87062,19571.79194379234
81539,18674.553481203413
92009,31407.92048627101
108224,12799.526149481639
101686,11378.092962772125
98557,9170.583167543058
101594,11517.996585397912
100647,2109.268888888889
102401,9346.552533333335
86093,11177.774
85837,12651.968050462521
86260,16203.105967338846
79830,34961.79798927502
100041,14814.211047619046
92230,21206.43124616553
94661,20241.04
79450,20949.763112449313
101374,7377.570443730776
76983,35033.256
99673,20463.844959006212
81336,16684.844
100376,10756.088
92756,24642.16
87725,13370.597161787935
84541,21518.418982628875
82284,40368.668
89479,6846.320049157659
93259,116897.448
105648,7117.679079407838
99099,10373.823534051213
104543,21303.09289240375
108474,24264.547033875686
76907,19993.426666666663
93652,23777.754
100967,5491.0869036354325
94331,15444.874073571122
106381,8829.971511111113
83170,10452.937189496513
102953,9388.982123264868
103590,10406.871533333333
77316,19063.804
84682,19560.916148193763
84524,13162.360692372424
76747,17704.314377094546
99049,9553.715705865354
105881,18521.972
90833,6840.471938007698
108079,13658.009519364441
107295,13601.03124761905
77121,16574.550476190474
78927,38986.63190062112
103048,8318.990467977617
86216,13958.958254601388
88448,16557.395290371696
86219,16327.504
87181,8362.117602352628
98755,8546.842424467548
76443,13429.037010526314
101149,7229.15595835171
104315,23456.93522868615
108345,10990.120824805193
100156,8310.324
107263,15453.401047831443
83935,5132.062
90584,7937.511252558543
105733,12664.979214285715
88332,12941.489280782069
81979,21442.28379668916
91864,48399.448
106847,9608.107555555556
95136,16508.228
96991,9251.306801750306
105905,11168.537835394964
102080,7547.199234837343
98072,7527.022456469456
103711,9556.819853152077
92213,16684.814761381396
106898,9647.298711764706
85333,16974.870040755257
84559,11165.017703468206
95428,29231.142885199486
101003,14468.611088545442
87773,4397.104
100739,8470.049
99885,11865.324
106647,11339.07688888889
98019,9640.74352602054
92212,26549.29968010414
100786,12105.947755818475
85518,14926.318732169191
89849,9891.7201
76149,14276.109333333334
97490,7438.272768554823
87476,9485.705727586206
83248,20650.465564537455
99352,9863.573784615384
90736,8379.41
77596,17295.08092306353
77209,3031.736
82308,13270.613803992264
78207,18273.599126470588
104041,11481.327952380954
81125,16628.338849534757
81691,35792.40481983746
94459,12533.016
79977,14861.468
96530,19337.928157894738
78367,22541.502458323626
108100,36645.824
104510,9577.246432721933
81891,11355.928
97087,14149.034509050281
88161,9913.071873715173
101097,8796.175102564102
81742,20591.412
78409,7894.968
107496,18611.085026664645
99326,7500.23443439981
78535,9600.279333333332
106164,22797.881043062047
79719,27206.73660914072
90418,8359.657984587539
85844,12109.877555555557
86639,9995.071714285714
83745,6786.146086956522
77300,54822.36802307719
87702,10399.756220095695
82586,9721.061800861127
83769,10790.22509736842
81708,30508.284
90224,11885.713272418634
100063,7469.939185516251
79249,13717.371001876832
78719,31017.24875052649
97287,7963.750199999999
84267,19775.09092063492
84056,8617.366058264253
101164,11817.900666666666
85826,18465.384529985124
93793,25855.645381890376
90945,25272.80660472834
98991,10563.695502645503
79647,13509.15699932526
96794,15172.420475889849
83984,14969.873887890462
96688,8562.822443378427
79838,18033.331837621965
105671,9787.58922173913
87438,12162.679511123953
85859,15849.49236078431
91639,15879.949633292812
81134,45595.956
99992,16838.89747368421
91262,26478.908
81417,31969.170290698945
90783,19864.907114003134
88898,15299.563447586694
76241,13401.048
76491,18219.901440106067
83132,16435.05429796756
97757,15697.641508547398
91753,26871.588285714282
82333,26265.356
88295,10589.447853552425
98314,10671.092265419768
86172,9696.806492335649
78331,22225.521706086955
81996,26709.376712086592
83315,2853.336
92376,16184.608700524375
103058,12939.327059954863
102215,12098.70038330013
104225,28002.437429737747
76910,16663.39978362486
88657,11794.988348039586
104943,20398.008
86434,14221.797082208554
79432,13656.706342876565
103103,13984.65017235721
91456,42653.224
89465,14125.301230978701
107774,10637.632476190476
80938,28673.49154308497
94883,17714.770614938498
94135,25416.798575422617
78747,18767.637780392157
76240,19603.668
95820,40367.22208494208
79092,25988.933581699344
84393,10381.872782264129
94391,39106.024
77183,20835.34
105612,7511.122841911176
89046,9609.824570805851
90878,23791.59163449624
77058,14200.496
84468,8975.734253982564
76713,23374.128935721237
85568,11632.589720632881
82191,20441.334211443584
84825,18156.584
79009,52416.36509168085
93908,25577.648
91135,24811.7175941507
94603,21828.993175073454
105887,23455.328179343607
103196,10735.364
87544,14094.387028138526
99605,13910.076
101660,10552.227279901175
100671,8778.548
97839,26919.44848107056
77742,36255.936
106144,8543.044
79681,29348.145707354674
98764,9347.306682195855
98200,11030.632168070444
82652,9072.240890001563
83599,9048.533879195104
97776,12954.555434298216
83403,13937.255000827188
77472,35150.168
79535,27672.730449561273
82632,15484.261867254645
98612,10928.1
76103,24277.319964444447
94824,24660.67742988018
87424,20408.48285714286
79193,17990.071207576286
80853,14985.238580498375
87885,10628.42589467787
80891,27019.020435787403
77149,24117.497327142115
91012,14418.868
99259,8197.312253122102
81555,25386.966736970382
93917,28949.659391842564
88089,18387.36649206349
100704,10757.518166670687
77798,35846.444
87342,10948.190631390979
96013,9257.356422405372
93380,24666.832
84040,13300.359546320347
88600,18387.372498828725
76133,17234.477333333336
94842,19682.891429730273
98184,5841.155793710228
88767,16346.6723276337
98741,21790.170891502345
81739,11371.24
91321,26831.79686317813
108030,23407.385621054727
77680,19841.773229741022
78189,28398.79352978553
82302,24528.299062798837
78968,20953.250548641583
101390,6650.441414285714
95491,16520.702564521787
101687,5389.4535307692295
76371,17990.280409218285
100151,12979.578650874078
92147,21637.031804021382
103385,17645.176753846154
86960,16577.47578138196
89563,20694.41543189466
98013,6333.481705252884
103747,4921.883066666666
107681,14835.968949531636
82686,7637.989414978311
79913,11010.952579712102
96545,19629.251486962603
98278,11465.266666666666
88916,12627.192411111111
104733,13203.313697841726
103529,10629.317333333334
100642,15365.640987907213
97860,8961.360561418149
88870,15188.109425486431
97563,20259.0089920088
97081,11948.68217861995
89544,7857.748584148572
96332,11813.855559287123
97064,5686.811310344828
81916,31789.949666666667
82148,60041.66812041582
102447,4091.1883460317463
103111,8640.107
85058,9571.778937332638
76422,21227.030133368997
94546,18236.3918
96769,11345.939356622326
95364,12793.269947528284
101118,13114.310888151944
107644,19046.366658588755
104650,8964.40124841825
97300,8083.655199999999
104069,10626.543082758468
84700,14057.9399336478
97122,12660.9759748453
89878,19733.609869671473
82579,19192.83165440782
107967,8537.818537484769
82494,5398.782222222222
104872,15585.42509879274
76339,22911.978404978785
90676,7113.587686159596
83780,15979.5151683137
94444,24940.376
83532,3538.784
103380,7293.683754024945
90941,37674.954
99845,18685.28350989011
98053,12321.93
77863,58012.026
81107,24612.156698959607
81176,29213.803537260883
93196,59582.596
102895,5514.97591230905
107093,21014.44059372822
106566,46979.264
88893,9918.037962411541
81939,57876.512321392824
98833,7452.713093182348
102812,6460.896552524073
95766,20395.89920615235
83556,18409.352724547938
96725,9876.59437777778
104649,6938.942023727067
98466,15764.286497992054
77661,24780.676666666663
99882,17898.951134615385
82646,11349.07731058707
94874,19021.688514631373
92800,13311.671980826684
80265,28396.93262343555
80587,33697.668
92298,23531.545143258732
99023,23783.94099869571
88098,10288.604641666665
100928,14284.656771339218
106437,13669.386499999999
83122,11087.826947368421
86614,10326.90769667261
105454,20480.3528
89282,22104.24
103136,9246.868471835089
104899,27828.651917826533
92041,31917.324
80795,13492.052310732834
103043,9781.25219047619
90842,21646.408666765506
103070,10165.84830131363
91523,28744.502666666667
76427,23313.229891377618
86188,18598.564760627116
105618,36325.976
82931,7913.271551201085
76137,11426.292628593415
88017,14610.886888114172
82713,10822.137965874532
76155,13210.78925983813
101057,9718.92595105018
94699,40311.684
106794,19211.25215674494
97000,20307.78260485367
90986,23709.011066389485
92785,7445.492
79156,16406.132
107616,19938.183346786445
84264,8666.932206099502
93932,18485.687278361453
102956,10816.817489125913
79715,21853.061409858954
82329,20698.216081054972
86636,11551.90753511838
94479,23790.124
84998,10549.946219286985
83835,9405.388514330007
106823,9476.417246753248
80760,19807.77866666667
83060,16550.595599999997
85872,10299.216786381383
76227,16005.452648387098
103460,7348.06117649988
96989,13102.120316713354
107858,13671.529900650383
80447,10606.9265
108267,7698.067765091313
86584,14398.409664305595
96426,15911.393142857143
86696,19961.287024627924
88252,11046.45268013417
91515,54773.665188535706
98357,10062.714614492754
92439,22084.611808212532
92341,31814.150545454548
84739,10401.830779519587
76906,26151.05553527236
100027,8789.189268415861
102225,13382.449874176556
88476,13908.116036734395
81778,23758.490510151358
103266,16376.345516731213
87660,11262.983802296756
89634,7178.230605835435
93577,23293.06
92450,18388.682393236282
99404,13343.448115443727
107936,13210.155551649314
86174,3546.604
98273,8939.519555546414
99007,23224.57783161195
81615,17376.676518175776
91236,18269.26726690745
96984,17141.00813949281
92538,32705.886008481833
87039,4215.82
84235,13827.92309361374
77010,19852.2362
106727,5900.072
102933,8125.7232826562995
80821,8011.65692063492
81969,18272.78054627805
93088,29601.379182828285
107004,14452.359047716796
79330,30730.583890713922
80388,22931.09038383838
97494,17365.94332075665
107144,21156.54929408908
93860,19370.916241269842
94845,16446.31017557932
79152,20876.652
95032,20637.51299159664
108333,11182.647328205128
76925,24045.568496674932
93278,58434.18143736264
98608,7549.561377256954
87236,8413.742059981383
79320,27682.072
83893,13709.00458691866
80973,17728.128
97659,7069.0180914296025
102063,9223.54110670723
96324,9676.545858424413
101184,8970.899897084571
97392,26024.975629783177
94094,16421.28188895124
95219,15925.502411997946
85048,18813.304
94887,23062.135149180413
88002,18733.72914872288
99157,11750.772
102746,10484.894856097222
89164,11823.296
101079,14817.682
94124,10799.025896037296
100161,12549.2052802429
84658,16570.61274562049
105603,14552.73923271038
90963,18259.56460090761
85012,16723.93721423547
108298,14065.805851649817
104080,4589.004
91850,37021.09415202815
102713,4610.551743939393
83295,11523.763015873015
107847,12564.525208837538
105847,13364.047899928839
87143,16234.22135102735
106090,16274.949928436004
88925,8860.9956
106297,19644.588
96596,13217.699781073896
99233,6626.656776331298
103321,15779.51774034328
82479,13185.796886702952
102734,17462.77823174924
107461,28031.397932766766
103237,14263.350616386286
85581,17679.546275486307
99196,7046.9454002796865
79178,14077.582204599194
84339,15535.93442662294
92764,18426.507240676845
85498,17099.900066986396
100622,8727.904627586207
106518,33693.72607534406
82821,11021.821976098687
97628,19548.74
90763,8498.535653818102
91567,24639.45343282728
107462,8181.206265591398
95833,22335.293333333335
102479,15365.640987907213
97555,12387.601200335515
80881,9084.872
84016,16254.484
94051,12763.622942244507
76277,23023.5816
88676,6817.968
102566,10005.486432731277
88564,15429.502
95048,25413.48532807691
82166,13382.649381871344
86227,27014.138493010636
83738,8628.0056
103684,11449.241087379665
79893,18734.5766894028
100634,9327.707190235986
96392,16235.968
96311,16784.615870248846
85015,14720.684933425486
83050,18436.667492928882
81925,28753.249872289303
106187,10741.20680879107
83863,11777.0490977918
82048,29608.00092977311
100962,13449.098783410805
91587,17059.8480970921
104915,18734.0828795909
98779,14559.559770114944
96698,7715.8688
84701,10212.35863372936
92986,26079.304
77112,24265.893183675653
90774,9401.04253340758
88520,8687.995987507518
88281,17478.338
91388,32719.164
76441,30883.646136871575
98643,15275.98
97850,16239.06334929811
98344,3119.844
99441,14847.336
80230,28560.70219094667
106370,10573.586716129037
88901,10475.484312340172
76590,13717.332
94998,12913.346852380952
77283,31552.144
104065,25276.600621334608
107919,15892.852
103743,4746.2493968253975
100503,6925.25873405583
81273,13523.16
81878,9416.365497619048
79224,28407.056733900252
90254,4531.428
82712,9329.556
98113,8398.664391602504
104562,14578.088185779054
103014,9500.81198101468
107299,33357.84702518684
99799,5708.59071076701
87952,4520.989333333334
101836,9462.71994887889
104896,24255.762328904748
107665,13242.455418918918
96182,25405.93378808034
84731,21379.68438095238
85565,12446.547552759353
83237,9457.029333333332
80785,23940.599967054266
81935,35315.61875779103
90932,44020.5
99204,15152.636706748064
78802,32448.426
105421,18669.445610584145
81831,12809.91944761905
100016,7843.193977900514
76262,32315.96841428471
85286,11458.49634372287
78629,15198.316727272726
79451,16353.579031746032
91132,59011.6
88726,11806.98178157051
89928,15376.670146542829
84672,16012.094902221257
102127,10205.378613682926
78630,15787.26
105874,11384.011996488658
81491,14730.836
108085,17898.776
99711,8873.996955530349
95713,28454.198
79499,12557.080897841726
88373,6162.153995360196
106412,19156.076
86000,10603.360947368421
77849,17225.482463028457
102224,17255.027252941523
90591,7600.639211542965
78511,16406.132
83611,16771.09309
95316,11045.718
85207,7420.448074074075
86755,13588.737725174811
91361,20282.18
88107,6633.8352
99468,3977.064
101776,12274.275389816834
97132,5753.107337950556
106405,12248.466665374022
83804,13007.084805482269
104093,19231.908
81897,27661.637934352624
97522,12675.650294029809
78569,28196.36351771989
96486,31188.254146878015
99636,7440.475670474285
80770,35044.480606060606
91534,25750.190315789478
80461,28631.683442180136
102345,6099.335
95431,29357.518670103833
76350,8441.18
76330,14580.804695238096
101604,10367.674707091259
99303,14212.976
106266,15481.40972756202
84697,18212.40255051886
86296,10038.431168929112
90658,17622.48019595402
102954,9895.486849492045
106174,23594.128354043114
81510,22987.850049999997
89222,14390.017124042723
104391,13765.017848986372
76573,12590.559466666668
78060,15768.353352913753
85030,18953.354462813324
105478,22026.69524740566
83477,11785.214824984068
101134,10054.997333333335
103096,7605.8742539682535
99391,11400.905846344367
94614,16138.94884017094
100110,7794.919595404573
81782,28086.105307746402
90292,7881.234666666667
86357,7852.461556594802
76157,9691.116
80325,22979.51961776557
88991,16623.315162755196
83117,18178.00286411318
90513,16341.528156387838
82037,12421.853357676526
90066,9888.40512044818
92814,48307.012
93991,40446.388
100121,13856.414709120114
104495,10834.986215728717
105953,12219.802731659978
108089,9583.15443842084
84778,22890.604
100753,14037.619910711122
107832,24823.28477765809
92190,12614.181271731642
82029,16215.695142710703
97914,10187.207836303924
105776,17722.605850419357
95402,17149.97827472869
99097,11298.962803025479
105043,9703.612
106998,13293.988
99567,11525.088950994623
85421,7255.834166495725
99161,12725.53893772894
89951,6942.096532498909
81358,27278.090568168223
100373,9587.759838691698
80291,37738.084
88545,10175.962565802967
92994,20677.760460071444
90248,24796.05884509867
78625,22061.736
81990,34956.02438774245
103075,12072.532
98639,7509.418256634019
103368,13305.527636363637
95427,12951.471161904761
84503,5512.572
82446,7325.71245376268
97175,12262.492034935149
101777,8270.602487179487
76086,13916.828
106347,13328.403976190475
76445,46306.15448888888
97649,11486.919056074727
99273,28398.376
98864,11873.455
98037,21456.299733333333
107264,21887.17987734045
100104,10623.957492182328
81842,17399.77524977854
81839,13638.764654830538
100608,13141.02225438813
106588,8780.084
107466,30681.70618873275
86092,14333.371100306802
92204,25701.47450406504
107905,41858.64962297979
76821,19723.772
81022,11748.009958103246
105727,34877.04422890396
80544,53801.51866666666
93388,16487.227142857144
93775,19287.286528808854
93733,23156.591883076926
108177,16812.447366016702
79746,27581.65630883265
89285,15320.438912553327
100243,9321.064099566525
107171,19607.336648938726
93444,13690.208188887027
107421,12886.772037139472
94071,24446.928606816215
92195,41218.1008
76108,17509.884
100603,8804.468812409812
95800,13150.012
90708,13906.239944653045
102701,10723.838249948401
97732,13551.733166666667
102574,9707.201093232774
92237,31417.820904082222
94192,38259.004
88219,7956.797796198572
88910,13905.412
100811,13384.106464528732
103288,7584.388355261645
100370,9376.608
102544,14365.476
107473,9216.000286713288
106926,9668.2953283208
92514,20302.87591769287
78557,13844.806424242424
99091,16909.68243062201
96487,10747.988030867858
86252,13631.332642598314
84763,6926.882109503296
82531,16143.969502262922
79012,16471.121454545457
97078,16888.43
96824,5980.797644844993
79970,21199.503060606057
98057,17497.3512
105947,23803.708
82539,15517.858585606458
105816,21512.83150886577
93800,18630.40460822493
87079,7627.016229531906
87453,11773.01683061981
92855,17937.262
95805,18393.975928366246
76398,23541.690341699345
90724,14107.750970732708
102196,8076.092717429322
97661,9613.836540750131
105475,13347.921831838468
81241,11925.068
91106,21436.447648367706
89543,24491.666649220624
94403,21204.43395252878
80666,19729.384
99769,13578.83525253171
102351,8364.476778743961
102941,12552.666392694548
82783,19579.23041049183
78504,26480.149490058913
94715,19694.509148746834
92180,23907.393005419108
103904,11052.124101316775
102921,9167.450619047619
99685,14135.15142857143
93048,19091.106666666667
82988,22714.290989793964
93279,33524.42
80084,25851.524930656018
101966,10686.301008849185
94667,30994.456751940663
76298,12262.028
87379,16701.550027671878
94212,12953.674496478216
81333,16397.236
85998,14361.774323548036
90198,9795.687712604778
87823,10311.61589697405
103530,13156.27043144628
106243,9989.12
81208,13669.641854358975
105153,9679.086666666668
104103,23550.053428571428
89555,24258.586922314644
106042,19692.47437729367
78170,36702.290166666666
107675,13832.662846100184
106705,13692.397200121828
89953,6525.022830144702
101934,11395.068
104727,25797.736
87327,15070.176238067974
103247,13450.307704662513
84673,12464.835789385292
107520,41988.776
76626,20736.443088208012
98638,9624.22406731112
102060,8068.099329345574
83635,21263.794711527724
94566,42118.05676869096
79207,38523.92444444445
98700,16731.57295048463
86563,16836.03018099267
86891,16935.546234141515
85278,7534.774065514687
91817,30154.096987914785
99473,11466.036
102489,5905.643368348853
89191,14554.373055353084
101746,14620.05273498132
84538,11174.900610941731
78072,24457.384133333337
99832,12237.070666666668
103475,13090.220941284946
101016,15365.640987907213
100280,8063.293262195669
96067,8217.540266666665
104086,18582.14208878232
77248,17913.292
104269,19579.96
89495,7690.022421701794
81340,32636.512
80277,20687.682399999998
76683,32359.68386680415
94847,12986.177409845357
99029,15913.822913098335
85874,14877.493978779878
78105,20806.60618312078
94978,21422.234683044393
101666,8664.11566550908
100757,8076.9261444444455
86704,8333.999844442436
91205,22651.087162504256
95762,11776.108
93641,20991.80011222094
87073,23834.931
102433,10711.234196066885
104382,19131.299197197004
108060,9338.079669172934
107387,25017.386295283617
85027,12051.30276622933
86014,19763.302634687014
102602,15615.125142857141
107255,18443.531666666666
84269,12153.479315019964
85885,5944.198666666666
92843,14305.775333333335
107862,16555.13666666667
98781,24944.031038733072
106119,14931.811458000735
101872,10207.512506715506
87865,17719.62020996673
84803,9536.125333333332
88438,10743.967020467984
80105,21197.434
80595,24777.26607986401
76539,9616.776
107236,9770.503888405798
84946,12370.335485714284
93772,25471.244
87793,16292.190713986838
104843,9649.7799
92234,17426.597809490802
89467,13296.641086832333
100145,15476.17163336943
93382,49134.912
101891,14415.866133333333
81354,21098.681297168878
99309,12299.452
81431,16806.061572687016
102073,10286.073643148093
88468,17211.308
101873,13422.44692522715
88120,12854.753666666666
105714,4922.9812
106015,9469.216
86707,16374.276580397718
93107,18844.58666358176
89230,13454.084
100875,8443.219033333335
82920,7982.200922222224
98114,12378.912310045802
87262,9011.86778679647
104436,9732.17531410125
85404,7544.0553988480215
96189,13236.238780402378
93408,48069.392
92789,57368.59063736264
77768,34105.022666666664
99414,19869.78748477933
82807,15911.783433431083
88996,12857.818363913151
90305,7610.449816487048
77030,16697.26172715808
86129,7926.916
83660,12956.358421753443
78602,25177.483418930828
83672,8239.516416117216
105105,31938.098166666663
78704,35911.672
80789,48378.87567102965
96633,16446.43498332198
86132,12194.285042694148
81619,46067.064
104645,21274.687004431886
103853,5410.188
96259,12076.237475848713
104677,16936.2064
76418,21246.218722437767
103593,9905.54190528672
84886,10254.422995557119
80773,9939.91059771258
94688,22599.682884134007
103823,7497.758901990987
98757,18803.91442857143
78516,9538.782285714286
80596,10848.550761904764
102855,12576.315
95957,19462.58074509804
86440,10121.730972063491
95030,26283.78
101874,11895.952
84585,9772.235714285714
76257,10529.452
76971,19843.63302472431
94070,26085.942705598376
106041,31046.6680549724
87346,15181.458792002963
80993,28195.91272779771
105309,19793.67652361055
92622,19849.741535246136
94582,35616.756
83334,13063.1216
98922,7125.495568630773
77691,17599.65466666667
95469,15883.473922629362
90587,7354.535013380371
107411,15420.427059326938
97489,10089.353287981437
105719,19112.251120268822
89534,10251.721491115391
80741,23752.688
105737,14636.70759675636
99043,17332.240253393666
80254,13806.310680220071
83172,14915.03596464375
101830,9608.977571072903
80506,5856.252
105763,13242.639888712907
92507,22166.98671113773
101742,8241.227925473464
106547,32636.98658852424
98619,16573.568661524045
83503,12015.624825396824
80565,11649.858333333332
83013,14744.94079027436
85721,12022.73644558568
87556,9786.841800865799
84442,7269.178272982456
79634,6552.768
97497,6270.1192960031785
84325,11395.994610109703
81399,10721.078466108453
96361,11675.801714285715
101973,2551.023142857143
78352,11353.464
96564,13047.019892900824
94669,26444.28656704966
76655,48248.5479948718
76084,17986.189697070233
93215,17349.653778298773
105802,12767.697697841726
89981,6205.365418774022
84315,17224.969209941522
83297,18638.937000903443
93291,31066.44
92128,28861.25181176471
101550,9420.797968254523
79384,13474.48238673418
103643,9809.917065937816
88482,7147.523249766325
79950,27532.475803075715
79519,28212.74513715925
80376,18165.44898047911
83366,11537.608
92250,27894.974
87368,13365.517359450261
77347,16124.936625310173
107935,7477.806300814004
95765,25836.258403974633
91877,31602.495745072505
97574,7998.384237315123
95192,12718.882339524585
80288,22627.124180147854
96795,12181.144518047346
80851,29825.07822904567
93753,27989.069698606036
99782,4494.710666666666
83153,20647.592
78634,11911.011161290322
99463,16349.470806004187
81675,17199.4593182572
83093,11758.920603448276
82993,9513.190846537414
86972,14925.034362811646
100455,10477.364607330555
92692,22740.553484960827
79761,34230.101970041615
90624,13684.928301300079
93517,24867.665491670352
99893,8237.394085117368
85441,9754.164
91552,21306.881619760716
81031,16095.70434557225
82232,3494.952
80062,29460.763628780278
104764,16493.337973594535
83572,7995.817692307692
100100,17995.651479653683
96649,15771.723299405438
99860,1912.954
81915,27501.781958035142
96284,8839.303970124403
89243,8042.130649302144
95051,16200.430068314065
101507,12686.385590637814
108257,33421.792
90558,21736.30057927812
96913,16671.44337594724
76621,22347.92
99801,11433.404
95155,14177.804
96739,15972.750968485847
90592,12890.744685659163
83307,10488.589085714286
101154,8211.330361378275
88229,10160.57550965692
106301,12494.597154454563
82193,25228.16392276414
101153,10051.98
107721,14724.817771572176
104792,9700.874579084968
92322,26663.452
99316,13323.673174267256
86404,11576.27278358425
79624,27368.106953104136
87122,15857.429194728182
96046,15339.133630111937
83384,10077.303948577895
79657,13834.798777488028
86605,10508.34001251023
91883,15734.717406138088
100473,10141.222696258565
96611,12095.888734383276
89102,4140.584
103838,10000.248170418474
78454,19766.91313087854
89761,12473.163857342657
106275,11820.2
77831,44418.37458730157
82876,13689.816013116708
96899,8589.30682635361
99945,11647.437743742943
83505,17180.10463532559
96841,6144.803316040099
94189,23478.902334419956
85020,11528.058854884246
101456,15831.58
94155,32472.11786603876
77575,19886.17172274588
97904,20396.992472997317
102523,5336.183555555555
107541,17721.956266666664
87223,9335.804835595776
94975,10309.35000694772
104630,13065.754666666668
102538,6927.885349680969
90345,7082.752814708136
90170,7443.841832704856
79448,22241.70708546768
100139,11620.473112836436
97457,20305.97408155599
76291,48527.904
83987,14166.234845860175
106283,45509.635381976135
101864,7392.004
95757,18874.891250841098
107668,16633.243534228062
96696,10927.674184701575
83094,16471.86072605739
89521,8293.023074083982
98998,7595.310398853692
97028,9462.273374130893
95291,29277.035571428572
94443,19984.825666666664
102182,10537.175095958492
81794,19370.812434352145
105003,28059.304008211515
83041,13860.129714285715
107213,8970.37525
104467,11737.18
93950,27836.172
103790,8072.699373663679
89125,9755.767800865799
80748,26948.079528098
84795,19352.026894853097
91105,21823.84
86086,17763.47859814815
88522,10934.1635
84472,11045.534989151896
99289,17154.28167706629
88050,15316.913311403507
98087,6636.386929270052
95839,29168.464
76057,25211.3322544236
89619,8590.528602701314
86471,14075.144991952533
97685,7190.808661281289
79824,28084.175858324452
91710,26992.39742030814
104474,31311.023790632167
104157,43933.81174269042
95117,33298.828
96337,8000.875116150517
107562,12483.616
107286,17582.180797342564
101251,8230.872904761905
97688,6586.254399415108
86405,7929.797333333334
97631,13919.986
92981,38392.452
79580,23449.563
91562,12148.169086089
87048,16539.29383196647
96103,28452.46210227136
101854,11108.44463847979
82126,16525.142
105443,32197.816483020033
77293,46614.716
108262,14331.729036287614
107157,11698.058593944752
99717,14433.655503020993
93208,23773.499881945638
81353,20635.49851515151
81790,16475.991
82153,13573.802649291682
97223,15991.43194206843
82088,34918.056
102996,9983.695794871794
100023,7173.7136
84333,17102.838319908427
102506,6536.689064380708
95753,29965.276
77116,9673.028
84459,8049.83994190935
91453,11943.516384380164
76524,57089.48215467422
83249,13517.002685714286
102313,5791.248
90456,9490.352643771044
94635,28282.048276214835
101187,6886.9753719055825
100776,14461.071511946386
84563,8370.16513721234
107706,15680.798285714285
78776,31455.512
77019,28729.521847543016
76122,27652.00539381868
79042,17318.18
101851,9829.120354147812
84657,10134.19219764762
76067,20038.289
83598,5840.589333333333
96003,8876.632645123396
77817,22509.873990217973
76887,37480.94613333333
85766,8184.33954503706
105836,19942.78724131002
92443,51711.336
98875,27292.131811363575
94808,19028.97761588605
99490,7742.589037816963
77469,12521.648
105148,5249.2425
91649,17856.40169266248
107040,28056.986976296066
96074,26891.04627871434
100656,7596.961514769048
90366,15092.77303968254
93981,15707.504904065037
80858,11359.484
90070,11367.687166666668
86606,10121.131916492026
104521,9113.372702713781
83071,14635.118869287835
101956,8396.486942189791
83846,7211.396129170829
100982,14594.680550858136
102610,8536.228190144899
97828,13171.915144331526
99450,6701.366578436782
87521,7561.686740740741
96065,26089.15932742411
88306,9845.0406132231
96325,12193.008935342776
95801,30011.188
104248,20942.472945834284
98652,13509.18663420456
103877,13507.409763532765
107470,19941.65161308089
96801,13206.876028571429
99595,28763.215184778765
86094,18493.755195308302
80874,31308.12
94606,22136.284
96127,19014.14
100687,8615.610893481844
81118,25556.81966970229
84405,11762.062362796874
83257,17917.609344834917
81541,17877.328403100775
77940,11948.38842808803
101270,9698.118102564102
85349,16462.559888277156
92315,16129.075126402682
108360,10924.061597907647
77607,31259.14796406244
95640,15056.414112191174
98143,10666.877826128162
102200,9091.493681201997
83375,11729.486087893001
102178,6615.5991801642795
97500,26878.549097050338
85782,8343.894639733684
96049,6507.798137056251
102744,14282.207194218186
102560,17686.82079761905
79010,17682.093245824108
85644,9854.327586956522
76595,15887.551916119617
82219,19096.755619252486
76899,21073.889910772912
85663,21764.28
92737,15655.041778896999
106758,3012.636
94625,22363.058666666668
96472,26263.49932028802
104250,14607.342623119888
86303,21005.89631421393
107881,41940.217461538465
101517,9712.57730961259
89988,16704.804878476632
92689,28533.1362047619
99002,11000.772
90734,13170.856917685705
91013,43934.475728138525
102056,14137.570009518118
106641,17803.157922617775
100391,7137.1639873015865
77305,14197.723040078203
85197,27675.4686
81122,19759.192857142858
91088,27240.257833333337
107377,15021.70698882066
86495,11952.309651248284
78661,13117.332869845035
77687,11924.656
98480,7980.020639613526
101537,7429.974949793999
78032,11613.868
92374,15888.449205400113
82010,16242.392616311203
84496,11099.928
98337,9513.34470137901
99520,8610.660397170388
98452,21986.491349428867
79828,26242.986546341464
77151,22925.277814563386
84095,16753.7984
83491,11988.314653456397
102170,8353.160396256082
88063,13648.842538550894
90214,15865.803967889566
91980,24655.403063377802
96573,20295.878
105573,31880.17395748892
86880,12843.512463528647
100420,8610.104163962778
86053,10009.784009680601
84481,18464.59810486907
86088,7243.347587513935
83553,12195.321043473528
101328,11765.229886062936
105352,10246.141306605226
100532,12691.695011278916
98052,6742.918777266523
83818,8500.30537121212
99576,6478.216153154308
91026,15476.154484126984
92445,26106.128648179234
106934,6799.112
78791,20360.78831731819
93664,26533.54
76923,24403.836
81335,20461.776
105969,26973.511032826846
92701,24570.688
98070,8800.683969472904
100423,11654.63106078025
92335,27352.33430050149
92370,31970.66489247981
100177,7029.007778066856
100125,6757.892348059963
82358,23822.938095454545
85557,4943.972
102609,7494.486943309659
77612,12396.271745454544
81173,53066.032
93689,14860.864426716142
89219,6435.248321684971
94659,10833.065547964614
82424,10435.730622223258
92367,29992.524
95828,12139.187192141191
87894,8045.533514010849
88621,9966.55917699723
104992,22270.18866666667
98567,7708.5525333333335
106250,9104.020458263305
102235,8116.06
94841,25052.68081975768
105496,12417.733355555554
90019,7341.979508358429
95575,28036.96
98437,9189.828829365078
90907,15177.200139130437
83289,10249.280922077922
77938,16975.612
98791,12579.832
104254,21391.261366666666
104311,28381.7485
96753,15034.679424953863
77998,23982.5217969567
101102,9765.85688976673
102836,6469.796
85330,16023.657000000001
108511,15350.472174136907
89527,14207.21772447322
87734,17817.180407668704
87110,5233.334603174603
80936,15670.43548599288
80100,17788.992
86546,9951.731794033503
104949,21684.621295522265
83654,18681.09143277879
96736,7995.6574960927965
91898,24777.112
90221,16351.352783468345
96356,14520.68405942029
78901,18633.070376896078
91469,17793.38028205128
106591,30540.267252495647
77763,24759.504
89604,7443.015500795469
90001,9947.46
89947,12169.920790675991
108218,13553.574180952382
82927,9875.934930980951
107140,15465.724
95013,27189.973040848025
104979,8826.07047311828
90521,14703.22212433266
108465,22643.901452498496
106606,9746.101450995136
82999,12475.657213581784
93784,17877.23041981518
82680,12429.871862666727
100796,15357.320903821672
96230,21568.37609800247
89110,7080.896995360195
88152,10639.326085861503
101403,7614.240893729672
77566,22073.086055927146
86366,16952.321798534795
80356,28620.196481760086
83500,22522.15678976697
76673,17739.752
100256,17377.42755178581
101335,15991.228050017633
83416,8033.989624395606
104983,13013.336800000001
107300,23000.277
87350,5618.179443175421
107106,20882.54347760383
90550,9940.705677168253
80002,25940.96029546126
90827,10998.446699538303
97480,29567.786783537314
88160,9994.563118326118
88467,5519.465162752545
98500,7966.7477278529
86587,18054.0029731554
76737,16677.4428
79089,17649.256
93153,21492.974286682304
80315,17002.501607110433
76731,37287.688864285716
94243,25531.754231485076
82571,11655.601231561699
86896,1479.744
88404,7578.302
108530,23964.1818954157
100573,7582.239528271477
102888,12553.847621770605
76011,31216.694504141054
79586,41473.136
85620,3954.2256
93470,21363.61188158752
98335,9094.61666906427
87826,13467.848138305995
94743,19707.746352832826
81247,15058.405865392499
91376,23833.455435916716
83451,20727.68826023321
83176,11320.354560108897
78867,25840.271217323654
96786,8742.181231577806
81019,30234.701866666666
97316,9242.101384615384
80560,19170.788
88535,10997.662825734655
94281,25373.056776987505
94309,19368.04556179292
93404,33070.05869904956
85218,16922.9685
82697,14029.222196289704
94919,25018.41517905194
80829,16677.98429389721
84671,16233.387912820512
108043,14474.28
105111,24488.130335391645
76997,12296.44907402826
83545,13953.106289745574
82274,22291.69789464446
100513,11764.764
93471,39601.264
91627,49281.752
78780,49370.42480649954
90005,22043.088744937057
104234,8832.398227272726
100798,8840.386333333332
101322,10540.213438035362
81807,22690.29162943714
84469,10371.593778778702
94701,21221.34084895084
96119,13127.063109369743
104478,7730.2894606869295
100116,11295.824
85151,15397.19391147958
106970,10078.256861904763
106570,29120.228
101472,5678.296
98101,17897.28823691705
76225,14528.932
82833,7247.831604074776
81055,7933.22
100048,12192.828599999999
90519,32287.887866399244
76484,18111.53569233019
101898,12534.631044768463
81741,33526.06276677975
90441,7477.273054844625
108314,13444.853028023066
97881,3718.0786666666663
79306,25206.34263372093
107116,16188.284
98899,14928.677969143515
99975,7293.683754024945
84378,10114.25538095238
101661,10930.1
100239,11389.277369480815
80035,25636.113
85033,9087.826487439614
76723,10429.687399999999
107773,8674.972823529411
105937,11554.918
78321,17707.408220206773
82047,46030.768
95113,18537.534
84907,10506.179791793713
107479,17528.79236968815
99770,14656.762115124002
86815,16543.44553893978
101558,12768.988261195282
102258,15169.212694316098
95963,17820.43321242029
91995,10228.6387636124
82913,20212.470866666667
101968,10070.692747778665
105332,17744.07874437434
108213,14903.631090726007
83825,10886.016463527596
77438,21124.084
95768,42686.79702087173
83195,20142.208174755335
104287,11700.758838222868
103213,12890.490052384263
92744,15276.21597276299
81351,30069.982530913097
91555,16112.188233919856
84546,11959.641747106865
81270,11994.535863636364
98294,8989.46
94278,19130.892443773395
103537,14362.032
104284,15625.925623109495
76635,17313.357235331543
76676,28129.138225938976
98118,8739.670145527043
79440,46506.912037849004
78969,28144.051759226502
76500,15864.48
106027,18616.39152
84604,9974.11028160494
97498,10619.922086539387
92641,46984.51343974587
98216,9876.368
102453,8751.540202531643
96270,13927.506647979795
78777,22144.99521441092
93169,11321.253825108706
87621,17233.881168253967
76876,23796.812395795074
83561,18493.755195308302
84296,14082.169052877158
92355,30995.766205452674
90302,22176.925113983627
91387,13804.837314285714
89854,15139.507856507424
106305,17072.97134245602
98703,8899.206406891099
97929,19292.7238
105575,14020.338977465524
79052,17430.674666666666
82362,19834.044
85625,18636.294497529474
90792,14241.562181577317
98488,9669.457377366052
106795,10795.517528455286
91666,23253.637709360853
101528,5977.374065656565
94739,12159.9
80961,11862.756408116158
91988,11552.9
80335,29205.451272727274
77505,17372.576098994108
93280,15730.268
91630,13432.696
85422,11023.935427272725
104986,13695.795999154756
92176,67661.7
89861,7957.339016152015
84435,15227.96302576753
100381,14945.7042777398
85651,12075.040144444445
96525,17050.48
91383,19653.671734761003
99177,7429.7547133552625
85842,27536.04667037037
79658,23906.8550805302
84332,22712.555
101621,7397.96518061442
94509,19132.57933374402
87175,15627.037359728505
89394,11810.300566844895
91163,28624.792
107771,16833.70461644496
99551,5949.256280952381
87537,16912.292
76726,15970.961193411611
106637,37180.058
85583,13134.523974384774
84617,8389.457928776827
86419,7464.1779219423515
80036,27739.475738306242
83956,17713.42636599032
106663,11035.603266666667
98368,7120.954394912517
80217,11356.280398717949
98528,8980.932800294635
92746,30825.31285714286
78042,19306.00315789474
87314,18679.843612452863
78148,20110.66293333333
101574,12633.340250965932
84789,14325.72334435926
81056,7920.508
91483,12828.847294930876
97869,13663.589921424773
89084,16000.1992
90398,16403.16726734573
91038,24418.832333333332
80326,54834.21739411894
88665,8180.670459434993
99793,15267.546424727601
107218,12248.405777777778
97438,11230.231119047621
82375,5807.652
103211,5271.035886946388
83430,16230.658331832286
83717,7798.719313744245
95607,24046.628
99653,8557.362940295414
77072,20512.048190476195
95300,13326.7984
86090,18001.947454781264
90553,24631.00423594387
90690,14025.837884984028
93608,16741.216364493423
96059,9693.376
105488,16696.096
102403,11796.659400880806
105357,11178.193233663504
81201,19601.856357097426
100092,15347.236
105800,10698.150201136412
103658,6265.04
82416,7430.109025641026
93007,25348.352
103850,13435.024308880962
97328,12083.66762279315
99167,7752.179572468586
92788,32678.628
90228,14452.586462430954
105015,23204.97964465665
77838,11993.296
88672,4824.356
86881,9275.670904313007
90515,8970.913659431393
92777,36452.28591397849
103455,9613.696459856845
97286,28951.10908853461
104633,20076.864944730172
83548,10097.994971428572
80980,23004.900086453323
87954,16950.77080952381
89975,6802.012970481568
83762,17389.018
90615,8360.475147153524
76755,10231.768
103371,10461.343883577481
102703,10601.924483311997
83856,2265.112888888889
105099,8634.928897420972
79080,19187.104
83898,6917.072445548104
88241,10319.63731726613
89549,13643.834059829062
79740,9491.080366666665
81937,26959.360487192054
99084,14578.227857038984
106967,20713.823276033065
80358,44907.88419600758
97694,12734.404831578948
87454,9471.34528634898
101943,16354.796891589835
105586,7957.476
105651,18724.37817142857
84667,7236.2547027205455
99050,10556.93627881508
81245,25298.17040742476
78547,22911.978404978785
82473,21665.022805555553
85978,7209.305749329492
88385,10298.786496620885
95452,13765.884
98159,6511.360236687836
107952,10059.31537965368
107265,8023.094594557822
99744,8938.500168713574
107450,17318.28
108280,11614.043636363636
85684,7889.290723472565
90660,7640.2742526866905
107627,13672.621066666667
93896,23593.912
105931,20590.108064850905
107160,10086.524841385977
94644,18476.98500867424
100057,12830.881191766863
85053,11203.498979775333
77037,31829.724600348014
81281,11776.38
101247,14775.946666666667
92031,30171.356769313268
83306,11571.71830111916
82079,18797.62398966161
85936,13652.088633405752
90480,7444.24566352392
92696,21654.828219088733
105467,19305.620344462648
89682,7363.242347629145
76305,31013.134547722744
79665,26157.768
82839,10744.038153877118
93076,18480.267035358687
104369,19687.286
107999,9280.114696969697
83787,14152.491751819873
92554,29767.41166610324
99110,19964.30891834763
82707,7182.82
80261,13166.964
102365,8844.857
82760,16263.422930560557
81142,37573.62931752758
88411,16327.612501009238
97734,11530.441079994194
81604,48893.80962507584
84705,18940.750160143754
104661,13068.1880064395
87897,13029.232018315133
84651,8197.683721224319
82294,25294.48166650069
100689,7659.320455846615
105236,8183.112444444444
77656,13755.280736244496
94054,25210.701077802834
96367,29718.467662521165
99913,18531.145499891838
77083,20788.478514200757
104849,20051.07387594918
98172,7659.5280503108
98043,13944.290529574322
90979,19911.099244340254
93136,27538.028
88750,8680.282199770056
88471,7923.114844872809
93720,21937.73123221631
76649,11682.833870863593
99291,6122.944
89267,6036.346468567977
108244,10358.830331372548
95194,26366.751600000003
103998,30321.712727187823
103782,8090.163485401315
101502,12628.618197961252
85961,9663.267475812241
99073,13462.813026153979
106535,17403.133262394367
96594,8380.750469744054
76156,36059.724
85484,8230.84
79139,10572.084
96730,12163.235945923918
101796,15481.920125
78809,31813.616570449794
101193,6890.628
96275,11367.774895363129
98321,8903.432
77928,10374.578666666668
78328,31408.12533333333
103527,11178.17721190718
89266,9752.227047619046
99074,8265.01086201745
97952,13789.543195061533
88220,13600.930241758244
90223,22539.61849818734
76506,26577.569407222294
104498,22485.843537935747
84634,16940.59854930284
106803,25796.384943687404
80608,14332.874415789473
78715,13836.536
89962,20302.993141762454
88958,12190.794888888888
98941,14275.264
80707,18999.054642056246
105934,9417.58844523728
106190,17322.318866666672
107803,26589.43366666666
87945,16991.225854469856
96859,7942.598338461537
84495,15121.434049314366
79965,33609.88166666667
89496,8016.650898651701
101195,10195.790666666666
97209,6968.884667170349
101751,15365.640987907213
101541,8782.327016666666
96051,13665.69832748538
85075,6541.41699283515
77118,29857.280582225616
80487,11584.652
106184,10462.251616615624
96374,1874.748
91702,20156.330976957284
77517,22455.45499376409
98188,12702.43121486153
91641,21115.024464573493
94607,24497.140150775995
86769,9551.857384009998
80484,57510.649
86964,9304.458253968254
103086,7959.297333333333
84257,13437.782294057944
91852,16967.116978866834
87431,18011.61654358974
80439,25743.323540752284
90405,12836.929609298662
97647,8125.077973174534
108071,15144.464687710732
101911,21873.09783570546
82293,8072.789
93627,10792.678
92080,31084.59724421605
88291,9684.212644778378
97591,16293.452654903454
94632,13218.105769793532
79572,23274.431333333338
100727,14464.17527875261
77760,16590.469520756436
80267,24604.96332492056
106167,25214.651845629985
93339,23530.77323159273
98727,10565.784764630413
106765,10570.391363636363
106746,23999.973528697235
80012,27132.657020892795
86651,9204.920791552307
106616,11341.807184950505
88617,7313.828675431236
78380,12917.96
102380,11042.619333333334
102093,14805.572
79049,43202.813528386745
104933,16020.598058057518
81578,21302.509032195918
82296,30984.250476190475
102256,9893.978
83868,19348.571296752558
101459,10118.71468920395
85014,6071.375050137557
90820,10730.989218605464
83173,7551.184321471878
91252,42274.44076869097
102307,8092.833477836046
95153,18640.539101587303
99149,8460.917386768926
76130,13901.366444444444
80049,24965.544669393435
84353,13236.59922857143
79550,9694.846140693122
106113,30026.613607957097
82182,18281.709618802175
99898,11835.316131868132
94685,27969.32
108125,18336.181660681876
76144,14941.481813327267
82087,17656.213333333333
96666,7459.275263958591
105109,24998.18160890221
94341,36237.90866666666
80039,27630.47764975829
91350,21406.885946971313
99415,10859.925745871416
85832,16027.709280749747
94022,12297.01663888889
104332,22036.848236886734
89367,9372.49784187192
101420,9077.451506707182
99401,26596.556391998387
79179,27393.4936
81603,16589.302746572615
94068,19625.513681576576
98185,10700.363051340026
99646,4965.484
83218,13098.846888888887
84593,12277.226165304764
93040,16861.61023290129
104544,13948.982442965891
98735,13853.775824753337
86524,7312.028986941226
102541,13826.917360676014
88339,13210.595905188693
92750,24444.29238386061
101882,8228.949396499593
78793,18208.765684156995
100625,11992.033395678254
91791,20453.626493613894
98604,8676.620874320617
107903,12366.079423970901
108450,9778.985333333332
101903,7511.880318723641
96190,22109.04966339869
77299,18095.368
96588,24861.027385673035
80932,66026.37333333332
81221,30082.991807118808
107383,10880.587111111112
92815,27617.29757440586
98724,13879.46348939978
101984,11125.378331946316
85939,12787.80655200184
91597,28264.38799732006
82514,8906.411323809525
88788,9982.955676229625
101131,10674.648
82614,20365.606275110855
101646,11304.25702207107
87641,14594.03420801062
103855,13250.087075791758
96901,26131.159421912744
101942,22081.93382142857
92415,29519.940979608436
96467,8918.26
104656,32125.592518239377
84104,18344.031586113764
96685,27720.082205368995
93816,25727.12003277576
104925,8380.034
82086,16183.76514035118
93855,21984.343858841603
85411,16051.145866666664
88743,16182.728750726099
107201,8306.191949952487
91771,13471.48325829553
81001,25006.996
90074,8222.272
82791,7184.93254567096
102636,1424.708
102722,13057.41642547363
94571,30793.33619510203
103852,8805.327942857142
81514,15401.7748312671
99997,6654.837907113638
85808,10643.815766736963
95355,11075.811333333331
101928,7482.56792360975
98862,7005.4824183995715
87759,7675.080844872809
101810,7608.432
104902,41992.676
101361,13011.04495083068
81707,17518.722119044854
84482,18553.15
87358,8533.605800000001
103589,10590.392
103675,15553.188
76652,18287.49156996483
104101,13342.550597578744
94807,18857.31838295739
77325,11892.574466666669
79875,21218.59345984433
83034,12929.6181917475
94997,26333.288
85209,10023.062331168243
88344,11994.827480701753
98849,8237.922672809087
80527,27359.708615384618
87245,16580.58453846482
83783,15199.126879553702
96515,10611.471828425972
95110,24115.776350846303
92177,35892.16869771686
94690,24653.133081378724
80340,13691.160876911978
80211,22381.60953874701
87440,13552.90828974359
97742,9989.814689417988
86586,17472.529639382166
98006,8153.668
87613,10608.52446767122
76521,26382.35625932478
105734,16014.666666666666
87925,7247.987238596492
94634,15955.7
102227,6324.965392695052
85292,8988.342290909091
76921,9367.027142857141
95158,20736.004780767485
95582,22701.809744818485
105636,24314.949534188036
92793,18066.299933103244
80981,37801.376
76421,17329.348
87182,7847.996551282051
93677,20908.10857142857
92969,22179.9473460457
95005,16099.950024517168
85337,9485.705727586206
90477,15884.95855712262
83508,6188.557843846593
96886,12788.441587614892
104112,14898.688245920812
93923,27343.727567661575
83338,6208.546436885866
77100,23410.259301698436
103801,10552.227279901175
77772,23000.595533030217
94352,19996.5728
78360,22616.878049182687
89986,10018.835527328125
97654,6357.301706928173
90295,19311.3824
89180,13928.71943817312
82039,20650.322690798723
79485,15234.960267514576
87606,7243.601771153393
99574,5415.765333333333
92198,39626.8
83529,19760.79708406038
83789,16441.30968547492
106137,22505.714666666667
81731,28524.864916860923
82668,9788.421445091879
95865,34230.372
103389,9158.843717132138
98482,9870.949725942352
83775,12661.525247795398
98846,25459.06810635811
79233,13021.365129411764
93254,30830.564079365085
84246,10790.929893335167
101996,14471.678582632458
96237,13080.507144331528
104216,14727.863960034676
105667,28978.991487652387
78813,12720.144
99270,8991.459109144314
78588,18731.394106950465
105552,12125.851107477589
97164,20054.0673931583
84342,15195.856
103688,19620.78
77484,10097.9
94326,10631.128
81254,33567.54588235294
90674,13400.28
104261,10425.100217918634
106636,17602.088486031756
83188,21467.444
93725,19172.48399957804
91349,36844.512
106973,10435.554234506442
89671,6990.50752687361
92830,23522.867024474763
105964,18519.716
89696,24519.793926870156
99813,9005.556
108159,41603.42412820513
84988,15909.822201080951
84921,12786.784717483362
93609,28021.00334516596
105751,11771.35049115037
92102,30767.80677691962
83130,18340.931495731093
91136,25747.964
78276,7204.624
108370,24330.42525465838
100384,9808.837066666667
84940,10523.811179706061
91942,45996.56906666666
94454,33792.48
100909,6987.452
87701,18976.698410332807
104798,19061.121430438838
95263,23298.325971849845
87121,9823.970596203522
93095,19504.203670130806
85642,12878.19965785199
92656,15731.522
95617,41787.596
78219,13514.08579385965
104179,16301.316
106438,21866.441634252224
87196,12549.744
90335,18790.690761920985
82059,17924.892380387082
92365,18875.339191919193
98309,8594.432
77684,12888.113862081658
89823,11036.872766666665
76689,19423.776
98279,21183.349802222223
99892,8382.11727310712
77342,31797.52666666667
81074,64165.228
101487,12514.831621770605
79070,11272.068
95231,31891.684
102572,3307.536
99529,11520.19523239887
105996,10272.638277777778
100780,7459.553022842972
106814,10964.835753235651
85545,15596.573594444444
79630,18716.75399672593
91145,37579.28967351586
84823,10747.952
84954,11464.400364777068
96658,12908.11325502758
91360,26280.397563813967
90452,13707.124629689477
101820,6013.637112815269
81605,20904.874933333333
95895,22693.1832
99378,7632.26133280896
89327,15090.26333986786
97326,8062.524567060723
100777,8873.736285998179
87405,12621.734212355212
97627,20686.210102067176
107458,12563.273668376067
79060,17371.107037037036
96136,12406.078314581237
98257,8613.620285982035
102335,9695.475554968423
77850,10489.176
102160,9737.876325474188
102379,5222.74
104579,9494.80565079365
105614,18292.66627142857
100113,10817.24400819685
91032,22498.82931584759
84428,6050.790993344216
95075,12669.713805555553
103736,9947.186179114267
86290,15094.554542471322
81511,33556.56463053499
90680,16858.289006393607
108256,16848.85178653794
104529,20021.33670902109
105190,8790.100238529065
83963,14374.68862504469
82386,56533.673333333325
96710,6515.867943982658
83474,6154.9587619047625
85539,9903.417670398434
106439,17533.004225032128
102158,9914.13408500306
88822,12777.070900684477
100881,9154.331525974027
76677,47452.58867515767
90178,7787.587600806334
93735,13757.855908981337
84662,12933.216605544503
106182,13522.877202387988
83398,12906.737780720721
87992,13823.58813102431
87968,8705.03719047619
103912,15636.4215046595
93375,19677.051114486283
101226,6772.54
77949,30389.762865978548
85607,7062.05
79522,23488.818666666662
77739,11536.498323809525
83123,6754.875599999999
98241,12694.32
85653,15985.682598353987
103346,10646.248
93933,24986.099488862037
103652,9564.050604818944
101032,16172.110650930428
95245,44941.95299077933
87397,11229.41911008809
104051,8129.693028571429
88815,12772.90347864672
78834,44734.00004022989
86348,11198.218709609691
102205,11142.962758340205
85638,7189.364003988604
84036,12746.910712461364
103627,10842.152
86641,12106.18682349724
76954,18590.39196355407
96042,19242.945861403507
79230,21009.736735407445
81240,21147.02564102564
98464,13646.5168953433
93761,18685.273303030306
86239,16178.346195888316
106231,21235.54199747439
94092,29069.74487235656
93651,31588.515050004018
102239,14090.239676767676
108216,19881.59233361604
87035,13027.529880415592
77754,22955.938101298703
102892,9578.156531879702
104205,8578.369516468592
89539,6783.620608971503
94276,18288.497333333336
78405,12087.502826381462
82829,11231.708099513773
96653,12013.35327436419
107768,10104.117512393888
82557,10462.231805657226
79190,14491.068458282105
83639,19762.92170010846
106302,25067.37660433005
83161,8800.942278507768
101839,16804.096
76769,31564.56
92536,29970.22851862973
105981,10916.879013764017
89644,14708.43743807587
95175,24972.607636823283
95837,25614.928
81282,30244.896
92231,43245.40857894737
85287,16666.64411840371
82582,11935.572034050992
82666,15196.39096196335
75999,17247.848549494945
81738,18515.208
87020,10838.250128022757
93066,30138.96596932647
88496,6758.672
93297,47650.07900662781
82044,16968.34948745222
81673,25608.16252294372
102694,7628.859237887563
89509,9666.773728715729
95965,32047.266772686056
106101,20295.298064056486
83569,9493.266036951863
104718,21870.297095160022
99492,20540.281434706987
81091,60435.524
91028,21539.048688535844
87981,10947.14743625731
91801,17241.430795936867
102243,6149.864
82445,10302.018629808565
104094,5853.814111111111
94745,35353.304
90106,14218.826178873249
89015,8838.725210180626
93183,16455.684263636365
84610,4789.868333333333
77055,20866.66547513227
79194,15207.640692352794
91155,28237.712878571427
86569,13905.821425427495
82485,6730.691353823954
88760,9751.125820289855
105923,7686.131460686929
78686,35509.107666666656
88814,8137.381711633877
82320,17474.986507718928
102937,10848.142867002
87116,9591.077151228797
90494,8440.80758228197
106037,11175.821184820383
81698,34893.116
108120,22143.73202603937
107501,15634.902165119891
76407,22252.950689849604
98601,11405.373846344366
107872,14505.119299634674
78176,20337.262533333334
93534,45492.33511549451
91839,10944.03518691631
106436,19152.893777777776
82935,16644.692362917205
84674,16935.546234141515
83479,14967.419617562527
105047,23102.2892371225
103698,6996.712
99614,13858.572
84726,9508.098701614776
84695,7086.890093145248
91147,23614.663571641555
87076,17711.194164626188
106200,4655.964
94496,17736.66374253176
105826,12212.277394924484
94976,16337.648074632809
86380,10733.235590506343
79211,10728.992065673105
83213,11481.899920930702
84355,10852.384158031071
108034,30378.380305759103
106948,9601.932643079776
94995,32036.542910249347
101963,7234.739734653804
106550,14727.863960034676
85682,11557.762405850186
98174,13151.063777932166
105423,11669.461777777778
77341,13687.996
83563,13129.760629652159
80177,25734.064581054823
88183,12627.62632323104
77520,19113.822453020515
96601,13198.662144059876
91964,25798.012952380952
86685,12563.992675673675
83039,17286.564
97785,7901.149304280905
95814,16127.165396442773
83452,15274.66865733148
84518,14779.439571823606
102194,8101.35503529503
85247,11045.634652875779
85418,5984.7482068376075
77908,11060.856
92033,21159.09745951155
80872,13505.454514942528
86635,10409.597111019975
79420,28978.802611944986
98251,17262.769338520608
77158,25463.721420107922
89969,12840.053709110412
85928,9378.344665286404
91375,60645.408
80568,22623.402445248867
91041,20093.996876664973
89322,1818.5
88057,11614.166484544694
89486,7251.962496225885
105977,15424.887206687677
88167,12069.972487555375
81115,41558.79407023743
91486,9880.482
100782,15829.311133333333
89320,13825.009082208553
79784,16305.264701284656
89096,16231.168141999513
78264,9288.636
97581,21361.084974498768
79576,34568.638355846975
89259,10433.812
106745,8708.44282352941
92013,25430.744
86678,15142.28
102324,14296.420548883147
77632,34559.94642313194
106887,10393.323541455573
78950,21516.595627591498
88191,10247.317671448944
88247,9488.89
94345,13201.354888888887
95349,18705.326028098923
93901,44714.556
100074,9039.552
85164,8506.574780216599
106172,22588.933380216586
108479,16406.569515446725
101908,13446.18
87385,20440.74783797897
81494,10601.74734051767
81977,6632.868
108330,12290.444
80073,14418.48
98716,10429.266030702865
104170,9247.21425
103992,14285.248978305332
105540,18016.35803126258
75987,15182.152
99496,9816.962686868688
78765,36740.19016622637
98564,7532.608163832314
81895,18449.669057596195
100955,12016.80608936606
77153,49248.2
103888,7899.456939393939
105921,15332.022525156768
99660,12232.712
78579,34370.27185730995
87023,16733.296219007483
95879,15978.759842650103
100433,10202.70879810321
83011,14159.627125659774
103255,9901.382984361991
75978,22605.896930693067
102295,9194.65
92099,10345.421833333334
80985,27825.41771270484
99556,8560.559458007834
97124,8229.15212605042
81386,24454.215269414177
92818,26834.213220938083
76413,7674.052
99585,15311.82076594861
98093,14110.834354870201
87527,7716.733287950923
77911,30251.96638759644
85090,16345.408220669566
80843,15540.552235163805
107096,9559.463613157182
88042,15905.488
83948,33587.14467561878
93242,26126.18333333333
83677,9135.714752707438
92864,10989.646317406728
100323,10552.227279901175
81042,17656.000170876956
89663,12248.48162076489
85381,11109.214708300397
96699,13464.336844337262
92422,31214.935264092208
96880,19136.968
88530,11218.636332115026
81438,28964.148170608274
83484,5959.398724637681
83637,16888.496
89092,13395.844948372394
93732,23293.83900561381
92925,18948.51531251036
105183,13162.107333333333
98369,8587.701526345123
100868,7942.892593456327
82430,11643.688826922697
97604,10306.799365567767
85474,18045.268654781263
90978,10997.092
97258,17666.588477244008
106720,10418.070807095344
89418,10622.83526900048
83154,9235.19785430346
98671,17856.465109890112
105356,18437.963171428568
88880,16887.6772
84275,11783.626363497051
93184,11104.081404761904
99811,16520.269904761906
96995,13133.592140390441
89700,7052.120767468342
99390,28179.3387908274
100504,10155.08168740776
80427,10043.306047619051
105125,22954.186361589407
105652,14330.482986343692
82706,7362.148697020901
97831,16496.85506630908
79865,39432.5118744113
78586,14758.487382902536
85926,8387.619358114645
83961,17628.224666194088
96313,17124.193561681328
77556,30505.99319856968
108155,23584.572225824235
77590,29373.74718244979
90192,16174.211607142859
88094,9992.22890909091
86737,18042.760316714306
107509,19599.908
96960,25309.700673659136
85495,29622.719529274247
80902,19924.67734419269
87998,10331.066828632072
93672,19674.53513333333
101245,15489.995217176154
85802,22911.68878976697
76378,25021.261666666665
92576,26613.009
80096,15920.936
103064,4769.080630116958
101782,14164.431556772199
84729,15299.398922362028
78010,18033.710128530576
76995,12566.184
83407,12403.81838509317
86858,9596.19131884058
92623,22406.768
107680,21967.867619047618
77324,14492.143839414124
92312,15798.000251265776
95266,17614.456
86907,12792.481274922651
98403,8762.678830744988
77236,25365.971192791192
98098,11699.888956071769
100392,7749.271157894737
80696,12787.99068468886
100083,13256.762605685497
107500,30733.904
98415,12156.568
89111,20033.745468416964
97813,12664.006534828473
86818,10603.494775000001
76368,18201.66
92461,19581.80523508169
79280,16511.48186394558
94481,13794.743333333334
85233,11296.22
87051,10554.437292538065
97596,23594.98641818182
84911,1810.996
84923,16152.582316423108
100105,10114.984
100360,10227.50511774892
87548,18493.755195308302
106839,12656.432
97625,10940.029333333332
87757,13999.280992959282
91686,18523.36403309346
98789,14242.84
101190,7425.6187589937
88070,7585.536924581727
93252,18740.065963408524
99741,16715.911976648367
104820,8233.352
88169,11773.408
77198,11133.100307692308
93558,33305.34132755819
82381,18538.588
99874,12153.581769455051
80727,20662.548205128205
93762,26113.336
82928,7580.362184873949
82083,29907.208896823122
102681,9436.800810386423
84592,6790.767961618583
90373,31177.41145914007
100741,12054.842622843275
80833,10893.11636370515
91415,23559.210834162684
98086,11520.19523239887
88138,12877.352
86387,16259.390184946236
95134,59989.70197069597
86392,18009.9747589363
91440,22824.79400357017
79877,13327.541597206504
85439,12061.994618240906
88629,12177.178642273677
90541,16656.724942067736
94365,19063.856881749653
105625,42361.366713888885
100340,14076.516
78761,19133.852
89066,11683.770823497245
92418,26332.406733044736
90530,10432.50577645276
91595,28562.050629778434
101516,7211.927890245614
93518,13837.06
93676,15150.342409873228
77432,27815.295086675018
94585,16147.344338417395
96358,6453.555355447953
78159,27995.424994514007
93872,11525.539013691758
86968,10658.22
76425,24366.845114879474
91431,23707.43156275762
79862,24278.964
86839,13215.76648536819
100378,11784.724271546005
87028,9526.346283303199
81612,20843.504
80822,21742.175272077922
79272,60782.41353577797
76037,36177.485
94336,11850.785675568344
95900,20260.54533333333
89645,7863.332494743644
88068,1805.98
78067,29374.354859649124
107703,14537.80248401205
106822,14109.320433333336
82155,3247.192
91564,38267.67097619048
107241,15730.47191437933
79829,28303.07000253454
82574,6050.262216666667
93529,31546.885667785846
86196,12109.631971328969
88887,15415.496560035408
103822,11437.539541767184
97431,20796.617166666667
80655,20275.95697745231
104352,8420.9096
95983,40932.75004488143
90231,7957.633458927618
91426,30495.548181892817
96804,13671.212
91789,20781.40238362691
91063,28193.38
95672,28446.704
89669,7751.366972709512
105177,25423.81469485176
83317,7213.9770637362635
86083,14612.277285529273
98558,9585.180453247003
98497,15356.272181083361
107910,10081.977735184368
101650,13181.984395309699
98157,13408.19262241171
99234,20664.33075552556
91943,28276.763547619044
99237,6372.862
86413,17159.367846070458
85589,8907.685323809525
83028,11521.475552044722
84633,19741.44053333333
76000,12792.121142857144
100519,8542.1276
86940,13582.356
93162,25995.575714813254
98061,8381.370830922146
99205,20403.164206816058
86507,9617.137984126983
91613,25501.476800778244
85308,10354.700211764706
105270,21160.46790817871
90212,5795.949175608074
94127,8465.132
99422,22298.856
105583,10364.019808122239
81264,29073.560428460078
96205,7139.171267332783
105242,27500.477577036465
91770,20183.264051002647
101725,12913.430584313011
108296,25794.376943687406
82556,12968.288761904761
93282,10866.544262722657
90749,23655.020975177697
101708,10610.893879609279
98952,10457.883233089668
84008,7151.0126842490845
104420,27486.392721220294
96406,7834.582740901464
83723,18636.437492596233
97143,27332.595664159344
97025,12381.573112530343
81322,74075.88
102314,7952.536
79427,8034.3682285714285
107605,27621.1605
87036,7275.710968083028
91115,52911.57711002506
107095,23119.267450522933
86726,7254.601333333333
89311,14389.641451711343
85612,6897.357956042414
78297,12201.78
87140,15165.315670567288
99815,11818.412
99814,11396.29294910444
79285,27890.376530055048
100846,13653.46621512552
83155,13825.729558904868
94858,26958.022109950685
85781,15617.165222319105
92914,22345.04301110962
98443,19208.469754957056
92134,17059.849881609192
102425,11233.574423471166
100338,7717.668034636101
75995,13067.716025771853
96586,6759.743472352376
76467,12548.228248772364
79386,24003.436708669557
87549,9905.270249084251
79953,13966.789245166341
85516,6623.214480586081
102251,15221.164
86747,13527.864602082529
96255,9666.437555555556
102580,4260.803066666666
97573,12351.95116006854
92803,15745.131965380268
103185,9988.77303302928
93477,20010.609706089
90488,16129.347107637279
103256,11688.348081768145
98259,9332.345022720248
79168,26202.756
101416,10595.675934639155
84088,10012.49490909091
105807,21281.833315543
107132,17924.784
101505,14053.336883253245
96102,16479.022237596084
80342,22051.406053030303
83221,7995.295707656638
87186,18167.707333333336
89162,16415.51828970675
100282,8342.925741634223
95292,26549.901733333336
95878,41471.07042579421
81326,13808.074467464136
88518,8087.4628226459445
108243,30247.752890424705
108026,6950.036934051055
96751,10998.098404184844
90571,11590.603313707574
76767,21042.74541798942
87910,10802.119519931326
108470,12400.976
82634,6305.742447058823
92666,28627.25455256468
96690,16406.574576557938
102493,6594.601663224521
99491,20719.04
94959,17869.27120460591
79015,52070.896
93400,17157.85260885207
90577,19419.85033923809
83608,5493.468194399721
101527,8872.664697211032
99227,8835.649512600094
105333,14351.518282085675
98720,8558.764
83359,5076.944
95498,16511.287119914174
101019,13548.667588420567
86045,10666.658412941735
87546,10787.513568637634
87526,5115.193365079365
83304,14604.063680642952
81244,16190.244
76248,24153.23791257272
90107,10040.77780952381
82584,8020.260531483679
97783,7098.4984
79048,13376.434827188528
94531,19776.5
83872,7513.252168360052
95726,27285.1
107362,8905.476270901612
88562,6524.717380952382
105680,8096.858795238097
77859,11614.516
82802,11303.746011585443
100220,5924.485
80149,21722.102148544265
78826,6866.58
92081,19869.66470301186
90008,22600.191069615907
86319,13600.989336990904
93624,25682.81097142857
92325,23213.295849967704
87857,19174.150283886393
84996,7963.1863100895425
105536,8205.11142312925
86209,12913.240981953044
96095,20443.313999999995
78426,23656.96288389692
80287,18214.608202043913
98154,8384.231486774628
84049,16405.6488
99005,13717.932
101228,9513.37970285816
79488,36752.784
95378,30469.514984097605
81740,16496.28317895278
101394,12795.007691837887
102736,9544.427525974026
75993,51666.432
102322,8015.012
106248,9747.993892857141
94377,28497.15432222222
102281,7301.599284420885
99028,9557.339424175212
88725,10765.7945432829
101290,8532.212184994589
101436,16232.591098830411
107395,13354.048
83696,12111.805734529786
87319,12561.782461959692
77845,9317.204
94163,11856.74888888889
89778,15640.001031641492
81251,10289.809099766899
88855,7371.490894112127
99680,8702.710532288542
94593,18841.179392724112
79028,40246.292
100784,8524.132
90856,16032.943683468346
76836,22834.026644978785
105944,13751.245514782064
76844,14101.542862625181
85377,9296.163706744463
102613,9668.912
105832,18966.94547106998
105173,13889.287026077647
107270,8000.636
104605,19695.754275169165
93776,27896.22218225017
98145,15667.49
105384,7303.972665395895
83797,12340.6459179855
78439,11007.068
84850,18460.94879714348
81348,15402.635951202734
81586,59424.672
97554,3682.292
96691,6764.1614427275035
100073,14309.27651394521
89195,11024.874525252524
95919,17533.947870770677
78872,8081.272
91100,28123.16226666667
80008,16558.545852988693
89155,6687.057113862988
79002,4797.932
80103,18928.805417172975
95722,27414.203857142857
92248,31912.746332913564
104759,12335.512
101435,14667.049994298717
95367,28497.15432222222
93611,31135.343659762653
95610,26731.9062925894
87950,13761.593714285715
78095,23905.024
78646,16813.688956264563
82091,20537.510606060605
103774,15103.728
102660,7300.1978664439675
92256,26599.13371110171
102733,13704.749173365084
95698,16628.1545465583
103008,11423.838671668893
76310,32887.63637460317
102230,12177.809596041361
108434,5264.655660110961
103325,7428.096
89871,10564.841326570366
84888,11905.477015717746
94838,13161.158508380846
83744,5813.2724424508815
89112,14272.713349862966
102043,10209.728594430419
105254,12914.204
77814,22708.575339181054
92390,9974.279049530183
106879,16839.368
77049,14396.936
84476,12126.08
81372,25552.83586025064
90236,7259.812666666666
92132,18966.39570085313
92240,19406.637317751072
95286,24728.212
101750,10072.283705187656
88817,17400.596139215682
81131,23001.526258071644
84244,11494.453260482665
100801,10772.912813232399
95844,19484.06248281845
83870,10171.183583598204
88723,10319.970909090911
81243,23368.070814285715
100385,11266.441154330989
104717,17310.957697198344
91235,14028.855726079839
96520,8560.712
93381,33599.992
80691,33715.468
92000,29470.23820317256
107035,27742.008420710226
102138,12602.799566591786
84605,7808.709288550665
79297,45695.976
106336,24494.644
94253,24731.72874476433
79716,23840.38189254294
83444,7883.051021883998
106618,13032.189697841726
96175,17021.085664496666
103007,10270.021653182333
83413,9932.278266666666
87204,14376.8404525881
102288,7990.073648548825
80637,24401.127
102156,7459.510184761905
99444,5350.226047619048
88292,14573.828541150864
88382,21330.288490466355
83149,16200.538888888888
96173,15495.146598505282
104005,19714.773960500515
78097,15817.404
79949,21342.297343522652
93089,35803.904
86142,10765.610714995822
79736,12350.374805876087
76052,22609.955797493734
80534,13585.568861115082
86998,10936.208
92690,28358.22
88656,9120.17519053724
94395,19877.721666666665
98447,6913.778715384447
97701,17734.181617747578
92140,16844.238372735763
100562,6866.930078537556
90947,13800.203785165942
101174,8359.895666666665
82150,40374.916890442895
82220,14179.119097722647
99327,3919.019238095238
98695,16330.297326628444
81373,19559.140693669975
92571,11835.472
99568,7026.17934501552
80774,39337.59199999999
88548,14151.78020801062
89214,16121.868170799688
104968,18170.74
76079,20523.998860134256
106643,17004.60803748031
98760,13271.038837004246
79377,18769.46790458767
92075,32789.23150476191
83689,15118.2
89321,9259.159874458875
101772,7775.49923895688
82498,13114.375384974282
100293,8976.1
82360,24453.676133333334
98921,13887.502233333335
78949,31983.0971676476
77501,16188.085923135788
93322,24904.03491828934
85827,8172.109514010849
76428,18172.75360893514
105249,18952.750443360437
93940,26432.516141369942
85259,14320.59760959332
95570,29857.276
87993,7610.488
99558,6986.5392
91277,22437.36380952381
93825,19334.52423181457
107121,30288.83656273177
104959,16627.613779379408
96364,13311.511522760726
106601,18199.498
106375,23339.988124507658
79619,11323.798895238097
76473,15086.737774244833
88184,10731.302754821942
92530,22205.75429646185
100669,9746.398314285714
97656,17369.770238752222
78071,28286.338643655567
89316,8938.406
95061,21993.760712348383
86189,9731.007743928896
89553,18421.376533333332
93106,24000.964
92968,14905.96
84025,36745.745333333325
107972,10113.11611065601
100646,7368.23008115744
94107,39523.0369
93865,16186.387428571428
96199,9782.80143245921
107397,25121.902213515958
100882,12329.77055903116
104739,13639.003042735041
85360,17773.04044502924
85630,18933.123771125862
91862,23412.372222222224
107207,21561.04877308416
97162,6709.867522371622
80025,32805.31198709547
102082,10502.75
85267,7955.671002259178
101929,11888.856706872371
101500,9600.4048
79709,18123.61617511014
93972,13814.380133333332
103035,10637.012
99214,10822.11053528172
90020,15781.720017607557
93078,17839.524
91474,28191.993943461413
104931,17530.455700416354
78728,26061.72226221147
79185,13480.535108168127
103871,7352.235396135795
91303,34659.748
103205,18174.44894817927
102796,10735.324363636364
84381,5597.047757462828
80694,2435.272
88412,14582.399948857335
87437,6704.761456043956
81938,22797.62164102564
87557,8069.7346008658
84227,18352.473588235298
94972,29727.804
101329,14275.275333333335
80069,33559.73585746032
82432,6181.051767340068
103399,8574.857454098094
77538,26696.587627313467
83684,10722.136847144811
101430,7529.076925811178
104322,17104.931174759742
106856,12741.448204207883
83084,8772.704800354353
102179,9053.111016666666
91752,22649.636
102244,9858.705410186443
100903,7842.899739094718
87128,13099.182092076719
104654,25941.43342649773
98265,5630.686414285715
101764,8876.140887739568
77753,13928.19932142857
93483,33206.312
85586,6578.7772
83436,60299.348
80395,14981.073383780558
78652,20141.864521400337
92985,13070.874787878787
87343,10969.58720994802
94390,29750.118394767444
94485,40905.58933333334
79564,21236.598067976774
106104,33503.59256250773
84557,11595.469814396309
105524,28553.14787375284
96622,24098.55155942029
85389,12959.243
78029,50835.80753333335
107904,16104.35962325576
80526,43591.06133333333
102233,6168.448
86058,13369.450773919141
76614,28690.52857391163
81334,66223.205828104
95043,24039.05314285714
80400,15910.523828079487
100114,13635.240841131344
92049,26094.996
104070,8544.5844
95487,11211.033333333335
80402,25687.82942857143
102682,12119.952175743707
79747,13846.587382902737
97331,17068.756
92573,27962.874159378094
81827,17833.235274132927
99721,6158.246102793292
87560,19316.61197714838
101447,11225.899498262874
89027,10000.115535022238
100905,9117.714
86467,12259.596399378997
90523,8005.1605748104685
77588,27802.788
79946,24264.227507441632
94096,22789.444
106481,8583.626266666666
100694,16514.960137297116
91176,58782.35143736264
106878,7212.057848662252
99871,14489.711770114944
77534,10786.688
102006,13108.465332989312
93356,24991.44
85788,10147.933260928598
97108,17652.545974506007
93129,17577.501404891216
95168,41613.74545420506
96578,10671.050042460318
79570,12452.78419047619
96604,15117.95551913066
76367,8033.36157518797
105065,13144.784618340966
90635,16493.40202631579
107221,12276.459063824721
80375,11998.1536
94421,21616.02745139523
104009,9315.276
84804,14062.68639847691
92074,29717.728362655973
103678,5231.832
102350,20537.713333333337
81690,16343.784
101817,9748.650464426217
108275,23682.717333333338
78030,17226.632
91570,23591.21
96746,8462.309039584634
89748,21211.35603275869
107889,19690.206111909956
88402,16827.513669854812
107789,16834.36
108061,23574.231706552397
105143,14358.956840625584
107488,23172.89196258053
100812,12271.460487688551
97830,9716.304247633048
100664,13038.177034874785
80071,26395.849686792164
104550,12693.295218300655
99466,9116.678456916998
93777,16265.593142765074
108105,10616.644488950318
90322,9968.090362838915
101860,15887.956
104129,9839.403607095346
77381,15793.867590332187
76946,37530.97676190476
91556,15445.391303883831
87190,9347.841574798817
107647,21092.69660832491
84177,12468.456540774177
93266,29318.74564361885
107341,13861.222390430621
92693,26224.857507403703
101292,8994.836727001613
79651,17788.07216613573
81654,11729.77817142857
89688,8299.954800000001
107423,14281.425366134092
86626,14489.185077777776
101633,15980.956
83827,10984.828176049408
106678,15664.996086603607
93756,32008.991165583557
84185,27147.579141059217
94867,18120.596401545816
101062,10325.855575726455
76567,31027.035770076436
80522,18817.02285440472
101932,9532.987907825645
86016,14700.042344221909
98609,14933.813548144335
84081,10390.801636363636
78446,10833.76
82074,19756.723993650794
108374,30051.901794607176
77895,23338.16383278477
93416,20009.565606436754
89357,8940.34
106786,10241.806319664269
102766,11291.085323086301
82233,11956.298367300038
84115,10095.015505185773
98073,10784.369804849122
106198,6969.7744
100335,15873.558302793215
82169,17728.824966666667
101191,8988.182866666668
94584,15526.189286883573
81980,18335.017194500695
93574,40309.933
76934,33348.59606260406
104181,20505.65362448485
85205,12921.035139345113
101304,11581.485146014591
77927,47532.56109351699
82028,24429.739937843668
87191,25474.84
77713,13267.744
100414,4623.45877027417
94287,21507.870286682304
97941,10388.124596597427
93702,26669.583927411524
91433,24540.51466666667
92420,19555.35404743035
88433,17872.162185764773
91656,32956.485035714286
94313,28177.862202089676
91218,14422.691186705397
104418,16147.914949783373
86375,10341.573366965647
97556,14151.112
94514,45908.23612094239
79165,36941.436127272726
81780,16799.176
105424,16948.255973778592
77427,11303.7464
78626,20797.950620280353
85465,10949.374631390978
87616,10859.865821548821
101667,11844.125871921306
84226,13838.721449164432
104737,19240.468
95041,32309.6
84070,11985.422707134636
79071,16623.56
98688,8971.639680117201
91104,29950.3
95301,18342.002933333333
82795,5879.094296896087
76606,20343.752
94708,21415.678184262288
82934,7314.629933333334
101243,4431.685714285714
94629,25354.461098717864
88235,12484.16
78913,51192.31158052579
94480,19863.093794622386
77005,15493.016
95511,23067.105222114922
88879,12950.06921212121
78396,11679.329333333333
99977,13091.405339203566
87602,15561.164
105439,15495.276508471034
91094,19561.30749454704
103575,5486.587266666666
102840,6478.022361053093
105367,10475.148023341853
91884,22363.969353331493
84572,10624.279041666668
96544,7584.099007459207
94082,37524.664
95510,13810.80875
85718,8014.044738461538
92527,18469.75408601121
78855,14250.130592592594
107521,17240.559446219388
98876,5202.465314285714
98440,15841.73272359052
98714,10637.937186570796
100643,11447.934377655649
89570,7284.06100841948
94168,31832.151615384617
93299,19830.009666666665
96033,19911.887641744703
93742,18311.12
89946,14072.686878883547
107741,3978.64
77268,16517.28
84848,10205.502036522748
92323,32905.721010526315
82181,32577.7473363064
102252,6497.128
100240,10027.711261414142
90422,15787.463942990207
103145,11301.556007296997
83333,10170.609509312511
97103,32843.880233881
107379,30742.76385240743
94694,24670.673806816212
97339,32250.092284711205
93104,25687.931910903586
88194,10264.95206608958
81954,21935.345666666668
96391,17512.753452870835
76563,11972.828787881068
97630,18905.804
80201,23778.06573333333
87854,2529.136
102312,10523.3321488736
93848,23358.7
82542,5981.26
102300,17462.77823174924
97229,12210.923336663336
98907,22175.72
81238,12106.92923809524
101377,10229.830843702723
79109,13409.452
88044,5352.305163281979
91950,31747.67388537915
103403,8390.646675547656
87611,10663.926671832
98169,15685.383976125515
84352,13880.598585679201
91787,18477.567710616288
85668,8105.203518392449
91287,17318.51607366866
80289,16838.266078795405
80647,24515.35146301084
90612,21842.48240849421
84941,14069.314279227889
85955,10098.8965
95019,11308.644
92685,18598.36991021672
87156,7955.128466760702
98300,16755.568411232252
80737,23966.88614197446
92849,25836.258403974633
87490,5744.879335195565
106168,16329.995107127497
87014,18112.25991259248
95822,18961.18506989247
76797,14523.98946060606
88416,19159.526
99974,9638.754
79248,9785.373829202399
93969,42848.66564488143
104746,24112.64160983504
101092,20335.844
104076,19038.433031026518
99087,7828.438160778624
93808,27494.472
80849,30545.89234849354
93870,42522.052
97218,8939.103363931432
85690,13349.027901226189
82581,15066.031258055005
81062,13881.857491243114
98925,13778.712
98116,8837.86388222033
78229,13673.454079835954
77717,3782.104
92227,23241.028
97525,8268.044533426704
92015,14996.734
93168,18283.9435
76841,20574.779394957983
94920,15642.528
95188,11699.77468997669
91909,44893.011066666666
104631,12469.864
91186,20697.277625396826
100465,11455.62228129693
79253,18193.090423688693
97133,9665.119858424414
84758,9532.93544807756
83113,9045.81015666823
92012,28599.011282051284
97730,11302.868333333334
89579,16007.951393939393
89670,9067.273927075907
98105,12871.222914041084
79497,21254.09987411034
85954,12270.701546948634
90314,5457.3354471889415
81052,6982.364
78531,15141.416
97791,13400.75
77746,22232.38787130754
105318,20535.032
96956,9389.454835190405
84493,10535.061666666666
102164,7858.073411315333
84640,16328.738448914575
83292,15164.808091095689
80446,32385.412347405698
106883,20439.916
96822,12347.246030394166
99282,10093.671646620347
94359,11932.283144522145
105084,22312.934817655077
85908,14015.61646821301
106431,15585.42509879274
97313,17267.246447619047
101268,6341.016674711051
77989,16615.11309774436
87682,19308.633522876884
106611,34183.06798412699
107890,10976.54693990944
79578,18909.584784950417
92372,29413.94907036115
93915,21987.51081438482
85425,8916.51826011448
80577,9437.564
87561,15390.626554002634
82120,17672.314731474526
91633,18472.865544346663
96970,8832.799559169121
103356,10880.656958752166
89416,15402.462
101155,8547.710666666668
104222,20107.036
76104,17422.944
108362,12248.405777777778
80616,44403.56204049777
98659,7918.455036769075
76470,27628.79139125209
86501,4230.766
103166,9051.109142857144
80799,10969.18
103699,12399.651127783236
97005,19104.404857142858
89375,8683.192475625825
89434,9222.588
103114,9692.762278984537
99021,25891.045199920107
85368,6172.933562049061
98207,8654.464133516203
88420,11348.276300655049
86225,11670.012878668631
107761,38941.122620535716
83146,18723.403666666665
97834,9999.967554630526
95729,29354.815977673195
95480,48979.328275594795
76736,26184.70178412061
103683,11545.476009586391
96410,22236.571503367002
101570,8435.879990420874
81039,12773.79923176469
82813,16958.53017171717
88704,16617.35330841844
77926,15624.15390803622
89560,14578.016160336449
98902,11610.912233333334
105164,31296.178125342773
108109,12128.241777777777
84480,12290.248
98239,8842.700176094064
82385,34317.357200000006
91637,30701.574797342073
85732,8652.905810744809
90790,6763.077714827467
90251,7362.26208070605
101246,7949.213538131455
92962,21569.80231780144
75988,22509.62054637308
106880,18365.70400094755
89844,14360.100844883525
79925,14955.655927910688
76282,19666.656333984483
85648,6318.555485714287
95507,17191.657610731218
96605,22593.020319638443
90201,8638.793364156732
93506,26890.641480340455
78490,12064.3133004329
106831,16103.66975897436
78101,13964.348
93059,41169.34266666667
106820,8776.935899213006
80839,29049.197333333334
76695,15300.795280225579
107678,10674.814193939394
77084,11778.345883117754
107856,15253.21219108106
104446,31739.861306202973
93306,16310.180386699152
76610,31132.96184364828
94451,19330.602
96510,15542.104782787903
84861,18260.988
85787,24812.685942632717
78201,13831.441318471174
83353,13583.560025908964
106485,11838.242435836628
98115,10981.906723809525
83852,13919.308190956663
91320,20822.0806732187
92427,8194.14
83851,17965.028
92011,14742.93683625731
96043,7470.367441461239
93535,23944.26496
80183,28853.014742392756
99075,15468.633269685275
107932,14333.695847892259
98968,16794.565617151296
83350,12094.79177482288
77983,18111.831572108742
104722,19758.665178528674
101213,9476.648
99670,8710.883205387006
86163,17413.020923218595
107969,10993.432363636362
77875,17444.847028308348
86254,9401.236770069392
106709,15622.492318805775
79732,24086.926366666667
107841,9018.848981577292
82222,17723.748627887784
82020,15048.656131863152
78930,25768.511723063384
93446,12288.859164338839
82880,10655.77668605086
85724,8403.534780952381
97629,25701.299882645602
106635,21134.51105030325
94103,18364.806666666664
83051,12374.222888888888
85087,10842.986714995823
76917,15906.607190187588
95037,32840.02590476191
99867,11016.193032919768
107425,27394.26380043993
85753,19721.38
95099,29939.052
81950,18307.399072624736
87493,12371.888595859475
84035,11120.785803379431
98743,10905.058503487226
84532,8944.96
106827,12668.344387955181
100006,10896.665253392044
108013,25123.876109242025
102898,11198.008110007831
93509,20810.533538975735
89759,8572.485333333332
78191,27970.196
80286,7466.379555555555
105908,22592.424560436517
85325,10640.669784294068
86177,2907.012
86780,15850.4317
82738,10511.0186
78918,23387.304559363136
79161,31783.36
84004,8523.743310089543
92541,31985.092409812405
86047,13541.139538095165
106538,15079.00470885878
96648,5818.5051339204665
101018,8170.231966993087
97019,20877.758820974603
105288,10594.818454706841
103441,12442.875431554108
84757,16935.546234141515
107069,9845.809877998223
108356,27943.13179905369
84436,11153.825735938826
79898,20220.68311764706
84703,19374.61972412669
101219,16618.1782024455
99858,12010.639804573324
77333,10037.175966666668
81923,13113.213808779064
85116,15471.065738018184
106149,12819.399978947822
91228,20160.286245051102
91512,19288.4557
80878,20779.332729870133
91229,27503.487595989307
99181,7327.791084598428
97944,13482.997111111112
78314,16585.128
103087,5671.990157142857
98170,7518.945169924519
86475,8915.237200541022
76501,22511.067990217973
87632,16579.76196263563
78342,20261.246244444446
99723,12398.084
87620,15886.757654859792
108111,34941.546407936505
89385,10073.313492348912
78604,11597.91571981352
87199,14763.697251086047
106661,13105.569213419914
98162,7688.193129670656
95522,14365.196654753274
76276,12291.588
80135,24574.840384615385
98199,7796.447179653925
97771,8491.62906238479
80509,42960.02145183706
80570,32979.5468149115
102070,14653.480538873537
87513,13255.302463850094
92822,15559.376
85443,10545.509052948446
107258,14144.55433418575
90876,21726.571333333337
105021,19260.125333333333
106246,5238.132
102213,14909.46508598831
102502,7437.696
97859,12974.596447740561
90858,17339.968566562176
103900,6648.051780740029
101159,8551.12726950451
79882,11485.2625
107307,16379.883916434932
91892,10794.471325827424
77992,18540.268
103300,7806.812
76540,40936.464
103225,6998.610760632714
93202,24044.987390801976
106035,9006.436
80459,21215.925299768205
90377,8531.538724019993
94302,22980.534399999997
107598,15100.05542857143
97476,26646.581635157185
96871,16717.277
78543,15856.021567435859
89215,10211.731447343494
87251,15577.274079323039
94113,18953.63265337996
89499,8141.749782462939
104785,12815.588955655576
87775,18918.791151831974
91882,22800.099193453214
79256,33953.12741163401
100717,10906.640289815938
104470,9754.924342857143
98732,13842.018800000002
82547,7490.643313121254
83776,8695.702941636819
106546,20885.56
88539,11731.728072709795
83929,16894.115166666663
96026,6798.808170849282
104011,14042.530323505083
76131,16413.383963659147
91826,32789.23150476191
103999,25365.236556269432
82675,17542.10324119082
94439,25230.068
96307,10305.65668127758
78033,15095.256
76854,14088.164703296703
90036,7028.476816061253
103891,11290.160665427693
101263,12973.048601522518
91712,19515.404597178673
80856,16843.779185405558
95058,18950.102195907566
82735,7850.708544171814
82588,21489.444
80775,51113.4962286812
104524,12307.31478681319
98431,9518.76
82272,27614.903889029414
80152,17489.92672222222
99115,10131.718
91591,25330.84350069556
84573,16636.512650251094
96777,10740.179631109122
95331,17934.76099637464
87492,15493.704561359571
78031,20550.00748267378
102367,10641.82
105139,24782.41947826087
101793,9958.250666666669
82312,32030.90607065439
90663,8221.83482884741
97827,16697.82475851254
85812,12238.88113315379
93839,22228.02517571669
92711,18382.583657794592
90705,10900.212903018075
105089,16359.78363775078
97946,19497.521
89744,18104.32383807304
91047,22348.514795854702
101166,6904.772299006295
101641,12702.308730926017
96865,12809.377007408531
76615,12383.232
107736,16858.734206839512
101285,13874.611326920607
87016,13270.52703703985
99919,7745.584
99314,21108.45618627451
80754,28091.07389906078
94215,33295.21228571428
82552,13415.711993688334
79696,35361.39991111112
87903,11497.15263487589
77373,19127.144
76494,20447.779170928483
80003,23062.1310474269
89000,10553.98
93128,25995.573877701507
107992,11184.713777777779
89029,13604.640995064525
105461,19923.36302792085
95945,14124.184
103106,14719.756558074761
96246,23757.339282447574
90428,7176.115521018598
88909,8248.080773689768
85222,11760.27625001456
106888,9791.914847662141
103117,9211.19093236715
93022,22862.724456946788
103375,7571.875940197774
93229,22528.073514807533
85603,8337.444503582037
89869,9919.157891360594
102338,7753.27459700577
82631,12954.454060606062
102687,13441.76711160025
82001,24041.102284967936
80204,26888.183662022384
76279,27272.03949829075
104066,20750.81296854053
85918,5558.181687218747
101590,8431.081487179488
95375,20389.575637497415
77897,10457.352
95209,19819.703680425024
95921,19696.88306955604
105769,7901.762551518844
97833,22377.342989744062
106557,19147.47522922353
80274,16368.05881693625
91786,27094.651301522306
85350,15405.22922034632
96217,15963.983892877492
86429,6467.304571428572
76233,20879.68198506069
98782,9352.977181818182
77064,11763.325333333334
82904,17632.645967914148
101384,10789.84138970805
103541,7597.029895570244
99625,11779.4696
89436,17814.069346816595
92889,17310.539054022527
78390,46248.331519339896
80649,18601.208
78894,14642.334032258066
100312,17743.76373389356
78222,23120.675894372296
91392,29013.49829412338
81452,11230.304454448777
97819,3616.388
105008,10600.586527272728
94993,22929.819712616303
85430,10176.892933333334
94075,42873.333875000004
81246,25154.907272727272
78432,27564.671333333332
89458,14759.834839477635
86520,18496.694897230267
84594,6884.965013231253
87131,8770.412
103493,13380.158407929483
95302,15652.810744444445
105156,19747.394173717537
101489,7200.864418915144
105619,9444.21558974359
81460,30595.235333333338
79311,12735.233333333332
107401,22479.000403117534
106068,16347.187591836806
82033,26223.05692162286
93749,10493.260090497735
80321,25274.629746727198
103609,12479.849791569264
83443,9599.252338279273
79664,21411.78156824518
91263,22114.461212629412
80368,32974.796
82178,17216.357020894626
77812,31051.18974603174
88159,10486.992613552691
107356,10135.431014689144
79312,23751.566943722944
81185,29512.3694
103927,10949.752746812654
92977,24875.62
94013,21038.808
78601,18106.776
103250,8269.636189021521
90673,7232.672784080899
92757,29730.031644155846
86876,12055.232238656163
99148,10019.711723487326
77972,11830.056
79854,7283.2
97128,6886.002213299551
108059,13877.446822711132
105613,18703.750977777778
94727,3863.872
104783,7608.225691934583
89446,18779.500186813097
107306,12802.797848406371
94890,22352.284
94080,13836.16
81720,21849.95622857143
105157,18832.584818530133
79438,45503.80280229163
95275,17849.81022192504
86870,11307.930241819626
86336,16686.069199999998
95031,28944.930349648675
76727,31094.588734847348
76416,27402.540149331664
95523,24215.543941766024
76945,11952.344
92733,20841.668633181893
87625,18598.628572332014
105282,15190.366
76798,29190.605333333333
93061,19954.80048110359
99449,6643.653450325192
88177,9533.378879999998
89115,17065.368673310004
97192,10260.04424040241
90003,12331.15679067599
99544,19952.95435964912
95661,26900.517399999997
86502,7291.469305462277
92299,16760.452
92164,38092.15866666667
79415,12008.924932095588
82793,6681.659095238095
96761,11301.594314546022
95372,14277.797420868346
78310,19684.500862745095
84611,12643.342523331201
79039,11563.704
83955,2458.241156862745
103422,7855.252
98290,12205.384
89786,10926.876105483407
88966,12501.089857142859
91692,15425.516
99720,10703.355051340024
92291,28697.92
104283,19706.02155048389
77907,33647.444
80667,23367.321707247218
83714,12075.541085494444
81499,34250.468
102870,11217.46933333333
84245,17407.50150205254
96709,11666.560911111112
96985,13534.289347751323
79739,27597.906333333336
101167,10988.596490627642
101412,10066.446689434739
97207,11707.879804774946
77022,14941.702593939393
97267,22054.19488251638
89310,9939.355354067047
88525,8409.0334070174
100951,13628.952
105401,8140.188857310958
89558,15774.473324307824
97593,21869.760486924042
91993,16138.765333333335
99362,11958.004
86021,9878.582666666667
80590,29702.633150391
76881,15521.521454545455
97173,12309.989455191799
100208,15584.934307348041
106111,17458.73513690531
94771,15972.415677264753
86006,9963.102563486218
83246,14783.006683417872
81624,17300.425134663627
97158,12299.588604798097
90839,6297.180431168152
76730,11800.72
95912,31124.023238095237
98742,11712.287964165815
85366,11189.890533153792
88971,10033.296699999999
91073,18998.671213035923
84276,13482.749418020197
93643,30738.268666666663
77674,17663.35895514837
107054,19692.72
76029,12004.118039163104
76703,21292.130267533834
76951,28292.918607594387
92952,24166.82523429702
101165,13063.987012234833
83703,17024.42262051282
102514,11627.355265157965
84274,16150.688224415573
80933,13604.250616958136
89802,15638.578568290797
95459,25093.288917660884
88242,11050.142255590275
80337,20034.38044347826
96758,16842.612
81706,9007.848
92861,30057.6795047619
97057,10715.763421978023
90369,8110.605792288514
77587,16438.230745464985
92265,18792.628
91500,31007.2
105511,20398.217645759658
90137,11492.4158261514
78339,21462.8851537873
90208,7758.3180973537455
101548,13022.598452525253
79969,32986.25866666667
83047,7158.443333333334
106469,17284.014
83513,19861.948
79652,11344.954733787334
93970,6855.44
95655,23282.60439978042
93966,13500.351002388416
103174,8547.588
92732,30721.832119278835
104052,16598.534542268593
104427,13356.320953752132
81504,24661.137746341465
85835,8052.357202259179
85265,12682.038666666665
88872,9867.39234386442
81581,25399.07936151557
87525,16312.724361359571
95242,14181.836
84066,9381.380940202684
91130,45928.97293333334
103798,12255.819843839778
79777,10896.380347484132
96975,12582.69311705306
98657,9168.011326119064
89241,12082.868964792926
94846,18614.84289800741
100346,6088.666886834733
102570,8185.542006104662
86462,11023.54
97934,20139.118313333332
96947,8338.23316571475
83667,9947.598338279273
84928,11660.573389129882
107956,7120.682787159388
98949,12655.050024873677
90998,13365.015466666668
97708,13525.906714285715
95416,25657.002336957252
78313,23445.283205343003
78886,22210.080283576423
104031,18736.036
105160,30691.487039546388
103659,12122.36901547095
82200,18411.713938602203
90814,6705.1924531852155
85367,11177.17340211122
83180,11688.913416666668
106202,15974.864585714286
78450,17335.185261650386
99063,8654.399394422468
83877,5114.895076923077
103411,7133.961647204174
108533,20330.01265854447
98123,14070.172641820149
106850,11427.449142857142
100148,8137.645296634646
83012,3377.216
82410,12932.0576
81994,12450.11493439854
77099,31418.112
83281,19519.15667029901
94288,21262.912
103702,6763.68175012276
105076,11567.964
77642,16984.119303448275
107183,16851.121359223136
106615,12757.428204207885
84149,9612.273530440862
76911,21646.56
104162,8959.463320819825
102563,7003.612
98356,10633.278666666667
90601,17284.772163333335
86307,13221.014264359168
83892,15834.720984223646
86128,11099.628549636653
92836,14810.635764705881
77569,27015.945706760373
108327,17814.066305285378
101953,11904.356
105792,27306.948682307968
97726,2704.912
86652,8932.78612121212
84446,7066.742099829059
96826,14149.715589598109
95460,19880.289307794344
86352,12913.240981953044
106793,12114.827
87778,13822.822909090908
99950,7317.5313212429155
104088,14632.604412098553
92232,14322.529683991459
94143,20333.301049733192
87874,8124.155753769036
83793,13250.558346320347
108182,18689.94377490211
102804,8629.609050505049
97509,19860.15985540008
96468,12315.626064668397
85388,16141.76865108778
76856,31080.208
106114,27855.034901780575
92900,24306.978717193942
84771,8303.422666666665
87714,11283.00999360278
80892,19204.432
91592,28857.194489563557
102842,12306.097577806942
107139,21290.84807122558
94334,13757.090666666669
86768,12623.736642424245
103414,13288.91087428131
92179,26154.962246822284
106474,14836.729186338564
86309,9394.158929700074
91109,9941.99912475161
78133,24154.244173628224
76963,15118.907766463708
101391,10807.80182231705
107342,8546.493012698413
105184,26936.947267896365
104693,30872.786191953935
89673,15304.218966861934
103903,10233.760069611091
88947,6770.211492252619
87569,18121.10029057908
76483,32603.272
86102,9560.54356923077
106452,9522.879876190476
107976,17418.202609270393
85216,15817.935759733666
76812,26621.697001776374
90905,21479.638406986334
101716,10710.73237368421
106450,49018.83375
79930,6628.576666666667
80812,28758.587999821295
80862,23194.06608492063
103996,20378.061240768588
93119,15956.975872998117
93986,21094.013396825394
90226,15144.159315045546
104841,7507.2919578904375
77115,8296.36
82162,46583.792989999
88176,19403.873842424244
96807,17761.600454802745
87893,16895.25184018352
96864,9127.870048719737
81129,12689.849399134198
94158,15940.108
87268,17110.771606288814
101545,12015.426383436945
80322,13966.952692436975
95591,20447.42148795805
97284,2172.948
76503,17687.944
102457,7498.486943309659
103358,13306.705230445965
85800,9591.077151228797
77892,12393.405543403438
86918,5820.998404979931
88797,7348.949357288494
101581,5680.207259259259
99941,9170.486594290136
86005,11521.217756521737
92601,22376.733740800577
77922,26259.31
107005,9586.854921059336
92729,19761.093164699134
99740,21362.912186274512
104686,10749.140361592761
87339,11132.32922265056
86577,10901.445817062213
105913,38558.81942857143
87402,17216.560674447905
88287,7759.137195357073
86544,9003.855205805801
87671,16992.357564166552
91204,20547.16377818328
99618,15435.573423531207
93596,18760.60740271599
100194,1991.024
76820,29173.34216330921
78350,28111.888646563737
91114,18885.704656816128
106403,26180.294875012823
77876,18699.236864103255
92321,18478.348335700106
93803,10547.821277982835
95007,22202.95029646185
93540,20363.31781998764
88267,8090.3026008658
100770,8910.734431698016
79033,38251.78
105481,13601.669333333335
92645,21777.78
91504,15350.618780319246
103374,16489.412631285362
76555,29169.77381977484
106876,19971.80216414907
83008,7433.739344273505
103085,11928.692
108288,28969.900156516538
78153,25880.563358863343
101104,11575.184285714286
86300,19286.4082816082
83596,14820.037750870271
92918,19668.255453226808
96263,13240.551289189942
95845,26017.30118325406
82174,9429.342833333334
95636,31603.151563121588
87859,17392.374723226036
92038,13623.34
97965,14131.606864796608
99236,8879.393273953523
102581,11604.169325318646
88484,4107.116
76734,18328.21334321195
107756,10383.435777777779
100368,18212.161830988036
92542,28703.10811854826
106507,9717.777000000002
94713,11540.866466666666
86830,8509.26349213186
105659,11405.952
103299,10410.291538461537
77388,44304.83380213464
93171,31946.06404945387
95564,23828.821666666663
92209,20580.34535064935
103068,6662.0452000000005
101008,10658.156
101098,10778.775104565033
100297,6791.178
100668,7053.610129459406
83587,12040.622
103730,10993.59904121419
80300,10770.208060049627
90994,32159.804
84749,11367.7245958129
96883,21901.862366504596
83643,18379.655209985936
101307,9417.549986038573
96979,19674.994824329733
96090,17652.187
82603,8950.423380708178
79091,21192.260977982078
101959,12550.467332135748
101554,8553.867979829234
100961,10461.96
82778,9436.142873684694
98924,6687.066578436784
85086,8171.758643056645
89149,7809.6428892735985
89443,8159.0492136913845
88608,13428.306311111111
108064,22871.345079459075
93913,19047.641287719267
104833,18359.377333333334
88819,9001.870219047618
105039,17607.74504445713
108163,14027.345704007423
78429,20359.420333333335
100022,8562.192429935334
99243,19210.126159904852
96715,13687.81050624137
88735,19233.209812939742
86496,9061.463956705697
90642,7821.44928298108
98358,6991.44825
91268,28608.796
106457,11812.96
87063,12626.339109620438
103942,11963.702692559003
101823,16068.438359476775
104919,2804.928
89192,21713.56
78525,22607.268
82948,13127.302658911522
97364,12786.988429514566
77638,18398.992386491707
94939,17156.926938239536
102799,12976.55320952381
97063,18545.132093510816
84889,14387.328336842107
91197,10799.823333333332
83936,5859.629532552352
88850,7692.186
104781,29276.435638283427
96341,7627.544141798877
77784,19612.942666666666
79500,22287.099133227068
85956,9120.938384037152
80268,6935.62
76575,28247.181422279355
88273,16515.25669770747
96863,9819.525893417413
104149,13077.713714285714
95323,29312.244
108521,14063.195766666668
104891,25031.291055585527
86333,6543.864393006993
97441,36649.53085454545
103963,13161.09133403016
94117,21659.98932799116
106930,19678.18355148656
96478,12050.211364102564
93273,19939.193950150046
90140,5192.150500537201
101752,13696.689772570782
102564,9838.173702642245
89449,9174.903630623674
82080,15308.524037135485
103168,11503.807775743708
92400,18503.41425466116
89829,16941.644733092115
100294,14578.925536764706
101914,11999.525598108014
91223,21114.937556378845
107925,20170.352
108124,7309.4664675324675
99736,27855.08635254497
106222,8593.869791441892
96843,6016.22026151166
86576,14593.384
106802,19941.300732158245
101331,7131.266551485851
76847,11694.411295380274
82850,11022.906933333334
107284,17992.12695646615
77599,20550.338047619047
96827,20520.912445307982
76080,17202.979755065917
89213,15970.314447363757
91332,30197.736749190943
91930,26285.158315789475
96005,11979.032454054053
94637,27595.305427158135
76949,13435.343428571428
93336,21428.46518552898
79792,18811.103550380773
94859,28989.248
87815,10117.603445344796
100994,12491.829132530189
103939,7989.617211619865
91674,24025.56723827856
81166,22031.074413406583
105292,17320.64755058253
76991,50293.177469784954
100176,14949.796
100118,13707.690970047839
94700,20095.007996846838
101432,10634.427015917485
78373,20388.514662461494
82918,14438.879626556774
80619,26162.8
98870,6653.781072127194
99728,59808.452
100347,13698.564
94871,19578.15503980464
76922,28270.456
102057,7367.085833333333
106406,19509.10868488343
81647,35617.23054545455
86232,4579.205506060606
90976,28467.467
101053,8740.432
87392,10273.918
97377,15758.198833333334
96652,22075.956637841457
88212,10237.353482888173
106859,12081.968
92678,16255.689400000001
99554,7533.209079902045
92531,38210.5
84190,11140.568058677085
98562,9360.930341653375
102014,8212.768
105663,16539.557750838354
88795,8031.4508506524235
83227,4221.036
97436,5647.990315696027
101846,9803.085
80332,26470.489471635192
104483,23086.83652261268
97675,8337.042800000001
87703,10496.191458132509
105829,17094.054947733162
97495,12490.972325722209
97230,17342.329069115458
99232,11983.296
108036,5709.585333333333
90470,15792.728985813395
91410,24554.053860612265
87856,10196.043909386966
97072,13379.929995238093
98581,9250.0408
96021,19077.571887864076
104873,22105.150548794285
82366,17437.84353173907
81093,12065.875659832194
94091,18267.637816875846
105502,23781.554933683776
81212,26192.56957420364
78477,20589.877930642837
86344,9617.327093649263
87337,9703.236579105278
83364,12103.323386554624
105029,18236.8
84927,17535.47024294541
92467,25351.544820953644
77390,24812.205266666664
91159,19382.045471063284
86919,11641.438400000001
87364,15161.909595742745
96009,14720.887012762674
80050,22932.718666666664
97335,20686.010442426665
82533,9933.857138353847
88494,11466.545062951349
101773,3923.2644444444445
84410,15719.434250738352
90583,10464.537943775005
97361,7795.179045357878
101276,9634.251084665328
92452,20585.139736286485
107354,8357.549829358211
78584,42268.908
80128,17539.676
88645,16790.140571428572
86622,9773.432
81676,21736.155272077922
107409,27220.045730322596
101162,11417.235187522134
107883,12207.305796722494
84824,10252.320545454546
96253,13928.186588720417
80764,18526.03683333333
105145,17970.25406622175
76292,20733.035998712865
85405,7229.354583333334
105373,27052.056659935297
86540,14012.447324355197
91362,29149.621825220696
90075,9714.6601
81886,10742.21322047502
99080,7243.029463502212
105235,13880.470386454044
96437,22148.26660182667
83205,12380.798252398057
94569,29571.43168037798
92687,34286.56681818182
85951,15608.236190917614
84977,8147.7165047619055
86143,19221.12292063492
81763,13619.784
92970,26053.64780952381
108286,10587.789866666666
99395,7280.242697399487
81779,21351.986083807085
82131,16711.01675942029
77833,11855.168
91949,47892.224
84571,13952.637523809524
81403,31133.88
86275,11283.430241819626
98103,7269.027386798795
96519,17356.08266666667
102141,12747.974287272695
95016,29719.898
102800,16278.247333333335
102275,12213.303833333332
79437,19329.336
99129,4026.04
102738,12545.488883381595
88502,11848.732683617696
83847,6019.983789240638
82098,29213.796
97608,10787.71811378051
93635,48806.564
107415,16871.572
100604,6997.356
95825,15675.032650658426
89837,8752.375303847024
90563,13761.776857955654
87183,10893.0936938615
82030,15477.163349004612
100952,6285.576860694107
88907,7030.995586676387
108136,18415.365533035932
99824,8082.804962141972
108052,19822.128738095238
86157,19936.432017393716
95635,25714.525694444445
76024,22412.948393241164
92449,15285.742397607737
101870,16761.72483651237
85896,11098.832808247817
102465,6326.401592996476
80302,14088.080543402812
104316,7671.0658033471445
95294,31607.179049965645
106995,45679.294256976136
86510,10340.59959260778
87250,11630.509730039286
86483,20954.648
83417,14796.745289223058
99580,10542.393126487032
84527,8752.995311111112
86193,14358.000401459742
98832,19448.800775641026
89427,14701.79
105172,10086.138146490064
100800,13198.336000690799
81313,14052.149671377052
98110,10880.805753984509
83944,12602.9710995671
91420,22033.992338138883
79842,25941.20129244327
98350,11884.737550656271
104288,22323.576
96086,15339.398
78566,22081.160567528346
84457,18331.88896589613
88685,13570.859201166402
87157,10736.182731677018
82023,23925.83702563391
95492,26803.33025423929
84139,6489.749485368383
89309,19936.432017393716
85676,8269.859199998025
94553,9186.663090909089
90271,6874.921535912375
85678,10551.807584883629
86238,7285.1004537626795
104335,12749.338370845535
83609,16689.31567574534
92930,19406.637317751072
101478,7335.7612305202365
86537,9234.326074147344
95350,20365.248660317466
89176,13637.2895
89383,11128.343153627658
81369,27347.031952581056
96749,6928.967380561688
95414,30767.80677691962
91568,30708.4
92425,29379.300049874244
107079,26321.086059252633
93550,30609.9
78972,22586.75206942686
80719,10706.105505882353
92919,23262.279379822692
84505,12275.496659659408
103401,13217.196441147258
97516,8059.19
91738,16444.824
81664,10029.908017837719
108017,11332.228088888889
94154,16085.332006218736
94015,24036.946776266923
78990,21605.92
100198,8884.466732990426
91258,30660.884
95886,17948.06330643292
80048,56090.919799999996
92615,22903.010133333333
92333,28591.113326053197
85637,6170.644
100681,21125.99677315813
86280,8559.512
88934,11637.769072516854
102926,12879.900400160148
88415,2098.798
108063,14987.598623202213
103273,10022.857473684211
79468,13657.248417582417
91285,15758.59518657096
99111,7406.614991789964
90686,8456.57173340089
77458,21273.736614279256
103540,6888.554176023976
98158,14042.366897906342
80240,28179.78287087278
93032,18807.188
92380,15363.176
91853,14852.523394181337
76049,21717.932
98852,23092.768320552626
79019,11610.992
78009,14415.332120634921
79038,18904.504
106404,10113.73099846015
100619,3983.208
82348,27280.70163727399
83844,8445.868640284203
101370,10247.271485714286
82900,11486.954126190476
77014,25289.297762983373
94704,31028.491951574964
105395,19109.72
92471,27890.05164365303
82964,18569.135127134927
80223,57684.64
83523,12187.492717483363
84395,16241.769328368795
77474,21070.15903022022
94649,11281.073
79826,10390.618555526957
81786,13583.93787360067
106749,15759.761487989335
94115,39536.46697435898
103835,8157.892278817889
83617,16164.595392496394
106555,12786.363738777118
86868,9497.779885798916
105245,11132.464794117648
107495,20304.33346938149
79571,40114.48711111111
100328,14150.139013369615
77453,23856.538205462522
91473,22692.003123567607
100493,13682.137880450737
83383,6960.122869105461
96482,16972.789220665887
91509,25111.347447065218
92051,35714.74081100775
82251,14243.0422430821
76054,11571.824
105927,4647.22
89426,12804.381333333335
101006,14193.255751051936
96504,16278.843941947443
89053,17080.42262051282
102578,16443.462744976077
104576,13416.476550781455
94137,18968.270276440904
96387,11316.966137551357
106040,17032.7607443001
79795,11790.124
102216,8685.9163
106933,21923.840561983157
87217,14322.961243416774
98953,6830.0175986329
106935,15013.778060606059
108160,11341.670666666669
86220,16771.09309
81017,13796.02194204918
90319,7155.240080262339
100847,10161.9
79811,22261.355687719297
82324,33402.88136218902
79204,24651.006319281885
76561,20841.72496626736
90313,9913.584
94271,12210.030973862647
99090,6646.4469635556525
106261,13736.42
95699,25432.375552428304
101624,8262.764595238095
92096,12162.649333333333
104402,19148.59025211034
106877,5219.039401709402
95341,28609.81223303326
79252,23350.323681192065
85039,8524.157468373247
95172,18890.685082400396
91340,15007.885
91584,18426.76341218674
104972,14215.961334999254
80896,20686.15300109952
93083,17945.21
90855,9086.292286903432
78320,20092.133383538978
98584,21730.256782966302
97117,16622.33479232038
90267,7985.940396667431
104276,13744.829697841726
93771,17557.34506644788
100654,13567.43077657665
84833,14979.821568759417
79006,30789.037
98734,6684.156939218155
96686,21895.049301783212
81262,11097.536322979653
104374,9370.974666666669
87939,11100.525799403154
85868,10752.416368673108
105505,8224.071166666667
87999,6750.518776844919
84535,10801.102349494951
105765,14778.291396124627
77591,21540.043722437764
83018,7479.399866391802
95281,15971.727146422563
104629,19071.55265214047
80247,17418.629332727927
98202,10451.403619534756
89361,12474.164193636947
86384,11118.602120962125
77923,17569.29059498208
86901,10060.764
101827,13489.917918218915
101756,7823.8547970144
77041,26934.931254762065
97753,10152.103602189896
95848,21764.407124694837
94827,23271.929959204666
78247,35449.496
87132,14836.923356353704
88911,18527.402815081907
88418,11312.10102098419
77238,11604.134540935673
88359,11376.082666666667
78818,9611.830285714286
95395,18518.405395275677
103416,11675.791185703438
84747,13227.88
101608,6459.443628571428
105437,24277.56358179125
76320,16159.747126134685
98937,6079.990874484425
78233,11186.220550098307
82250,15640.893160267458
96164,20817.615742255668
105298,13771.50169467438
85892,17387.078287179484
93834,15150.071387301588
84717,5840.8675697974895
104176,11061.318135841933
95319,50171.3348
85002,7690.937138461539
91460,32046.07657142857
86992,15701.140888888887
76228,22726.66143030303
105611,10660.372272872313
83256,25439.101
88943,17968.596306953033
77394,35001.86816066494
100873,5941.412
92464,18854.59021897615
89315,15482.989301734007
92773,126063.108
82489,6685.009599999999
76219,16506.484667209465
102904,11751.730076199487
91039,36038.06066665641
104890,24571.32861290442
99922,15919.868
107007,12338.503726478195
90649,5821.569868287727
90166,13153.055539378229
90837,17861.814634901286
84748,16623.667455235023
101034,10085.734666666665
80579,11856.226666666666
103124,12002.382481135977
92022,11682.824
103382,9152.507663992306
104089,22616.709
92089,19934.21870171143
106395,30019.124658102468
76012,20717.008
90152,13230.15682175505
85524,12165.644558887565
95337,25018.41517905194
101744,9192.933643310012
105820,16205.864326228097
100587,2740.932
95224,32385.60685714286
88607,8476.301359477126
105741,19177.643815222436
100550,9962.390813607955
80543,23908.636
96731,7980.654149500821
94235,36015.89196
89536,9526.879650273395
104062,9259.485363636364
79870,10403.372
90961,55906.144
104757,12702.037040664374
78702,9680.668
82823,8995.054724675323
76387,12000.0
83860,8305.371822222225
97853,8063.875702678279
96491,30251.709489690234
93018,13594.474330814
105464,19489.11017750033
91589,16553.33019333333
81040,13144.604058569254
101726,4707.971170695971
89843,10540.625698688453
82306,17830.420538564955
102706,10825.882735810843
81905,13849.934921987851
99194,13526.304
84038,11402.569678304244
99179,9603.26038701461
107945,13630.239594808862
107187,15248.638597206298
106729,14220.685054119982
76009,16114.948889210315
80160,10935.095428571429
87798,2536.988
106779,9986.783946464644
87694,11688.877152407722
83225,12234.021138535772
82371,25399.015776827393
102154,10984.21087719198
91905,23930.09766666667
91831,18871.369193870676
96829,15573.759717171717
100724,11158.447463974417
98429,14024.45999674545
98046,15030.255126349663
104025,7306.928970901613
104930,18676.148
97711,9693.522762784565
87985,1667.988
102005,7723.06104774607
93141,31630.544
93564,18725.85938273423
77719,22331.861464182195
99873,10431.109592773564
87053,15708.867236082726
96789,10110.579663992869
107871,19502.52
107192,11603.70380116959
79928,29883.188
107669,18045.53196825397
79401,26657.740618865653
95320,27904.726881690272
94864,32208.588900687628
80654,26371.74
99193,16176.962814520353
84375,9759.128080474988
90211,14029.89159161863
80720,13633.37414172476
91902,15525.465755017367
82275,10321.850874603173
81465,21119.95539408838
93508,24187.576666666664
88780,8097.460997470879
92268,32595.746
87172,17152.114492043558
106818,8596.194616619156
103457,18460.112
86080,13051.146062445514
107319,16317.20363215122
104533,12098.008
105670,26872.793335372855
81801,24680.14096
86611,15490.100622222222
103251,13896.870968236764
95313,38704.052
83324,9685.766453307815
106920,12735.061249827268
93607,19174.34447619048
82902,9740.135526806527
98295,10339.934071819962
99592,8592.913420877898
83209,20507.254315360293
100342,6228.573964957265
100059,6574.003679082322
84964,16017.625184096905
101150,10201.44
80834,18201.564666666665
94660,23494.959046439628
86817,11225.325656338153
82881,15995.648379227743
92477,25229.418563196905
88843,11096.811908591559
88409,13838.721449164432
89464,17828.30105952381
84554,8433.334776026935
107456,22260.76934124112
105815,31325.16033011136
84223,19191.006657386777
77230,40249.597512628
82653,9337.741677166401
84903,8506.361322590246
96636,15007.956098602452
92293,20187.029927378375
76243,11338.213123286547
78795,24661.942600165014
77946,55807.95808691403
108033,26804.09684698932
89601,13339.986911905882
90606,19183.950399999998
92249,28660.6039877275
92624,19507.61466666667
97695,10861.794608016786
78743,37799.349575396824
99859,20049.202505376346
78302,21970.256145670737
99986,16087.909887695654
81908,12226.890229223744
85440,8018.087707656638
91412,31954.222800144373
83964,8817.179136618819
77867,12026.16
98287,10226.498992592593
92675,5011.728
93893,13233.96439543578
93828,32863.743989973584
107502,18425.719742776942
93726,13812.183918176968
93097,14044.110277787651
107762,17442.88472680132
93545,18200.839888888888
89831,13994.560919361855
108065,27907.65255443046
90388,4873.60698074888
82017,25704.96854634146
91025,28244.446399999997
96293,16228.770514137683
99187,8763.857687328973
98283,6774.386258196565
93590,15785.501614663706
105510,9836.712519350216
81365,24252.87362706761
105805,20281.17699408816
95866,53656.23296092503
99079,15825.452106940631
95673,13715.18744699793
99311,18867.702666666668
86145,7370.291483495372
103531,10753.804
108261,20509.622520896093
85582,6456.348762481963
85281,6580.462768689978
92591,35365.09783137255
97180,34462.824
105998,16736.201987878787
101355,11004.628992317876
104286,42182.716
86703,9601.195800865798
76535,11748.991234786616
86181,10895.152093532848
77004,19549.10891197249
99367,16035.308362036856
106001,14812.634666666667
93179,28035.05
83031,10292.38
86572,20098.4399546337
80350,23248.7627
96375,7213.034822710623
102219,7367.1540935152425
100942,14251.716657406734
82949,10622.922066666666
104083,26895.757032792113
97140,13096.128046062828
96421,11401.158709956711
87075,18338.735950705635
106419,20119.58487164405
93602,23584.03512461308
77222,10607.973666666669
101712,9665.419199999998
106666,7582.933967009021
87295,14203.945843011945
89044,13413.095108251799
106433,8361.376004320116
94575,31991.73
107025,8107.432
89318,9710.926142010581
86030,9737.563788950109
103483,10916.188111111112
94536,15854.623432822069
107058,17348.044
87031,10979.977833736762
100119,10647.888787752292
105938,10850.4346
89724,22199.955287959354
99480,7325.451668768103
83017,10819.481097368422
108355,5806.748735201031
94711,20378.421670870597
95759,35006.68581818181
105168,12521.192766666667
93791,25619.048
85850,11309.1
102333,8367.385587628096
104407,20784.397532532992
98798,18551.337333333337
89284,9033.798237522347
100823,6147.823786886968
80514,16091.707632600734
105308,18986.84450973976
104612,22811.625444782254
89638,19479.822705403043
93794,13443.964035827781
83933,16561.52290007118
90413,9361.636
98929,9328.069931020615
90959,17067.69643034867
83414,14348.630810952018
82228,19057.78888112337
88669,10450.293692710065
106815,20701.8008
84567,11355.845714285715
91328,31570.596134550156
105740,10244.525306605226
96452,6277.280741042876
76038,20943.108
99940,8899.723541436746
102377,14836.948750504042
105229,21715.688613240534
82158,21308.69132025898
104844,19122.310989834037
101203,11053.519666666665
95222,19641.69674697981
89529,18397.78740063693
103230,6797.299205842275
100692,7791.456930294962
99821,14979.956
81086,22526.321376218028
89399,9941.952
102445,6100.777725226089
96444,5896.078190809337
83485,9745.294341025641
93778,33784.848
100464,6037.212507936509
99865,9873.86234981487
100107,17377.42755178581
83973,18138.842614768946
92032,28872.476
94017,14600.410276437584
76046,14394.004
77816,15388.168
76743,33417.52423816164
87201,13710.920775757575
90652,14100.743403434457
103448,13447.940822612893
93642,23482.856326984125
85409,15482.484074561404
99777,6607.247240607011
92216,14937.80717972609
96269,8992.192806666668
94298,18847.253315492067
106667,13848.147
93716,55451.52
95754,32915.06812373496
89379,9182.979750457265
95970,22180.601354135088
81911,18262.481331089682
85652,29311.66312681763
107793,16647.93173784756
96389,22569.26274738865
80000,20659.369755132524
104440,12439.368
92029,38324.916
93473,15223.878
90350,23783.28311111111
84947,12207.298727975844
81870,11154.740182928184
79936,12531.58975
79910,18332.90684232645
93467,34875.78
80387,31188.688
104360,15821.161677347245
93150,25334.3864
79119,25335.089774039297
104462,5299.144
99548,21700.608928895486
104024,31697.159624909553
83480,18404.065500713194
92501,13136.937948692153
86740,10619.378915555555
82165,23419.12596031746
85963,17412.759501680917
79487,14314.647004761906
83245,13830.555525281936
102193,6534.003603971975
95449,26003.80775907346
99413,7060.181113872197
77176,16973.988
107260,25296.320347131714
94187,25645.811583333336
85664,17137.34
97886,12222.012
85384,12084.39345156506
81228,22449.535571114367
81930,18891.282333333336
106627,41866.66812820513
88081,17177.816476867752
91651,14688.875181182384
98067,5421.120512918193
100814,11064.5390709167
77028,51554.167248593134
89853,5501.524577832173
92951,10217.934616993465
96866,24550.805527652978
77498,26670.78801729507
102959,8298.84806264526
103546,13835.58
81127,14845.529248699373
88867,11913.34979461698
90099,8022.2620597314435
81637,17651.188
101995,8823.07
92382,36841.84
99078,25681.263542316407
93118,22755.34
91524,12626.154420504552
105674,9777.001983193279
78943,8503.592
99513,13992.5
82972,12027.691821151024
92438,21723.696
76466,21635.030626499745
93315,25656.15360650208
84637,19327.536745368918
91553,14805.748555555556
92093,18449.08169801413
89774,19422.562970804338
86455,10170.746636890646
81999,28104.028738127126
83211,17728.52768393296
102893,6374.927196842582
101347,10753.804
102099,15176.884427233601
108532,17934.5728
94030,29156.120110010208
87114,6729.555961618584
78523,47395.244
89274,17619.993263328175
103663,6689.937592982457
98104,12034.995768910243
86952,10902.898199589104
93621,13647.124
90898,13971.048
88902,17673.868923470854
99135,18809.54618928625
96645,13878.122869866243
89265,8487.960756222159
88536,16379.709738562091
76788,24708.096
96496,11443.553574758576
83580,13340.583848460366
80060,26020.58197256608
99910,9548.179733333332
94254,25015.259405854686
98982,11845.172643112883
101182,8028.13929926184
104497,24570.229388673688
99215,11490.087599999999
102237,8849.402333333333
105340,20465.366400150204
98398,7510.699643857979
82895,8198.482
84880,7499.613501052632
76633,25522.936
98237,10087.681417221711
93475,15586.78069067005
93644,9286.956253588516
83331,12664.1310995671
94673,47515.596
93774,27281.953019268967
94872,18347.13260784949
104642,32882.11404184713
105806,10161.002869591106
93351,18604.40393185792
99440,21625.37494012499
77434,20603.312
78382,36034.066166666664
76269,26037.881
94221,35338.092
101103,7057.572
92917,29373.442379084965
83521,13638.078327843947
83915,9442.60804761905
93502,16350.304291224127
101013,12341.24242732616
81762,15457.912453678711
106753,17787.796
101173,7049.190955932204
98602,13986.903824753337
105397,11907.241702380954
97067,27348.385839121536
101378,10715.102395848717
101862,15503.263936764706
99039,10699.095051340026
88393,15651.354419226038
106130,17449.7625909388
85828,17069.568967010775
108231,21069.016477497145
104898,16124.983937899939
93112,14552.0534
89768,8075.476940362584
84354,15324.975433431084
100168,7272.752
92834,16037.972510923788
99208,10387.460475994516
96108,12421.83706370791
80163,14292.531292829088
105455,13040.18
80323,27285.617023702358
84714,16084.729666666666
92348,20680.72986666667
83603,16674.399304761904
103959,7465.418185253563
106728,13357.492266274925
78696,35613.786
94150,28716.860295784234
105629,26725.96108488122
97037,13812.121013643167
92850,22526.92150635418
88432,8681.682330019434
77436,19629.951623350138
76469,5786.56
102030,8130.785471366281
87669,10195.129687095894
79981,23977.774
99662,11389.624318683616
78260,21762.451442424237
94555,34146.37349082769
84628,10631.358066658137
87955,6675.192533333333
85130,10002.091326229345
76417,28501.686548431142
86241,10573.925984285715
84603,9266.30984187192
76645,18053.595281385282
100195,6894.779080346321
77467,27952.29078205128
98126,19212.23944892477
98081,10269.18411160504
81234,26945.690700579922
87717,9891.790363058433
79724,33543.589555555554
78643,12450.661584043519
93113,25207.077162057638
100597,17142.57292230897
91190,31082.132061860044
89351,11963.703028359907
78056,30715.2671066951
76053,18922.3
104592,12418.171826219417
105891,23764.068126549133
93731,21524.09882718084
90123,6270.1083753005
85669,7360.637
90040,13135.858641837815
103624,7983.363015139941
82545,13354.825819975264
101212,10583.035962957754
76510,12266.956514285715
88673,9555.726477389278
107913,15834.848755561106
76619,22778.948
98461,24204.75434534645
88455,4094.18
94543,24584.821200547718
79082,24620.348
107039,10409.732
99565,13726.732633333335
85597,16247.399808119188
90908,22246.244
103741,11092.145628634626
101177,11413.876163045297
100246,3170.494
84497,20403.618516050305
79003,13740.26109090909
78075,33978.63014157604
85527,13034.940047619046
99400,8357.302043249252
83118,12595.873714285715
106176,21490.465485196797
79864,21522.74507219662
96609,12015.107550427352
77968,19319.87498122267
105349,10567.726095238095
95787,20515.876765558736
86759,1954.828
80898,14057.068
80948,13848.975322222223
107151,12320.714167524044
85395,9144.0
86612,14852.448399573217
78951,30761.386802212714
79546,15415.60387935708
83345,20028.296314213927
107224,20182.324
104509,14447.374005301814
77088,36337.12567627928
88988,11332.14112731332
79061,25103.066458121586
89758,15019.51327408396
79439,54045.62
96411,13299.940051792653
102234,9984.763428571428
89720,13045.664535221576
99600,10042.539130288105
101235,9589.465761715248
89235,16735.348582043345
96214,33278.098001800005
84205,15215.65878241371
106816,27008.03170641459
90934,27216.576883233287
83597,17708.177666666666
90454,15802.573259823803
82998,12306.680978974491
76772,25829.604637433156
100571,5445.628
76400,28245.062405845485
107381,19244.219914791665
93102,15838.173048700783
97419,7433.493502673798
98844,7760.137915977297
99354,8270.769888786424
90811,14701.12626283625
98152,11824.227354243163
90157,12887.82250631833
102629,14102.11371036677
102111,10035.732
100448,11299.17019047619
106531,11745.452
107493,7871.414911407641
87471,9222.325598534799
83607,11140.299771108297
95488,33865.75533333333
76205,30984.269220056438
95394,19773.661644466185
101050,9090.930666666665
98680,57345.364380952386
97176,18591.790909090905
104530,15981.2952953155
83396,2786.216
104984,7344.904
102081,8083.201489416104
91955,9228.112289263034
79996,50072.298857530855
107833,17934.253413663664
81342,13813.0907953246
104936,7575.492071646913
97105,12941.084
96834,11933.02440223308
96402,14593.14305192823
106575,9046.004140428679
82857,8506.112073412698
105504,9108.345465150536
88261,11915.786034050992
99175,7607.366348489364
89160,13559.588
83875,6620.888607507443
104695,15144.580032794474
84189,11091.52604848485
86024,18045.016337715064
98475,7066.503252319625
79856,29407.112
80385,27787.093207524635
78287,25773.01466666667
88807,13571.997614418658
86288,9778.256
107610,18761.058
94375,18940.19777044875
83385,17418.99471438649
96627,12339.759091549296
101257,16798.58042105263
91915,15969.536
97986,16694.659558664098
80806,20146.144854592723
96930,13955.876407017542
89391,12613.775540705037
85423,2293.552
79397,35436.4
102565,12457.186145709547
85590,13718.984391138509
81920,11705.266827057098
108098,20441.817546951028
91230,59564.844
108021,6885.019753216375
102554,12310.07013005883
84182,12294.059832712217
76770,19647.028
77856,18965.094666666668
94249,18492.834485722262
94729,16998.30860769073
77171,20099.352
107487,24081.1222347821
78766,23603.1
100849,11600.467599329982
97721,17141.180035664656
92837,17061.9744016465
83099,16016.582804899785
102521,8509.321
89738,7060.0518152230925
84234,13325.285714285714
107428,15633.840165119891
93895,37059.50266666667
95662,45006.124382936505
80328,17897.202801174266
103054,10803.451769906314
104950,8101.388923076923
93125,29686.093697796237
77393,47484.26998227295
81178,33728.78056540889
77207,31217.91568244803
98648,9200.046400000001
106065,31824.638313916366
85228,11330.326344029547
92787,26311.624
108462,16236.342219455972
102896,11641.615599868863
78301,12208.437066009854
92584,7502.1302857142855
96414,12337.389881325844
101267,9469.906
92934,26094.08704761905
80206,11771.242176596925
76657,17121.764
99365,11982.62433511401
96142,30249.39015914653
96484,12752.564597060833
81767,27340.862895602266
84926,9467.529894327896
84961,11182.597606403766
97487,24984.453908136722
86753,9867.155692738634
76410,16803.592
103512,5706.688
91899,23203.190614874562
82404,28379.890970709792
84598,19428.108094876457
95115,30690.976
92544,17728.077778807503
94011,22218.31314285715
77265,25475.50997058824
103378,7777.963487179487
83828,9821.723568445843
106142,26876.007033433238
76564,29367.048011652707
93718,15658.26006179124
81110,18709.958085427963
90753,17822.131409091187
86557,7738.075115193687
90778,9479.328083631202
77313,16695.968
103914,11744.953395354181
86688,16580.881477509283
102878,13366.820773176001
99734,13342.491265618675
91581,28213.89706859048
105434,10229.719401627908
89221,8342.432776314117
84974,16061.494236566057
101055,12429.921846388304
80952,31768.867333333328
80861,16370.448401844533
77446,15298.736
105345,14556.967134981838
95204,17580.994
96228,13355.93449055647
100840,9335.071
90096,5718.543700392401
97213,26050.81034199569
84188,11178.641591725196
96571,25695.74306956588
77068,24774.30023875969
90711,12992.381128061115
89855,11643.061152689774
104858,12714.530465981949
95897,27177.81322352941
81849,21066.67466666667
106143,12507.596
106333,22467.161333333337
107165,23861.038718038082
77133,12174.944
91788,25767.56113448614
91418,18187.27888874544
100158,11105.3254042385
96982,17715.070363374172
81275,28185.875680428762
78741,20301.404
104961,13526.677610389608
89332,7337.3025
77546,33290.39638852915
90860,17854.533009803923
79924,13324.52688
108433,16058.399364758208
101702,12282.929333333333
79340,33604.455931690856
107333,9092.266418934563
107963,26925.037374172996
89408,9653.738701895245
93686,18129.428
96129,15249.31510983185
106156,28140.203550558548
87515,11900.929286361583
92980,30786.016285714282
83982,8525.292333333333
85504,10025.052467532467
108354,10036.8537952381
97260,12878.687196202976
95437,23077.410095238098
88483,17353.376
87959,21945.548
93858,17059.483116553132
80968,20964.8049
85754,12961.637260472455
87723,16443.544
95880,39989.038
106868,9602.855397747748
93138,12901.176
104747,15487.404132916368
94889,21948.0469090499
84681,9544.858218282796
98538,8517.935416875627
77073,27563.182334397763
106730,17314.583550582527
79208,31422.576000000005
100127,12568.371517918727
99655,7718.012880423812
80695,12977.316925829546
96818,14247.67101826923
101382,8201.839465748262
81239,17573.173001738356
91299,23468.595961767354
83005,18374.492666666665
99363,10092.370292359761
76302,21930.06487522828
98317,20576.082444444444
93829,60161.532
94188,21277.34969805195
102190,15494.528577657435
94901,19113.596
80495,26539.732615384615
101373,11376.436335328273
76822,13167.888
105052,18475.91804582751
98580,6154.962254545455
94567,18171.10001741366
95144,13905.703738103795
95559,17913.108512488132
81580,44939.91054545455
106874,21668.408294202643
79121,27684.879119626512
77257,19650.9052063078
87589,15223.39736432359
84579,9541.500378842005
95950,18956.234803550353
92510,14589.436
108139,14563.455166862836
76182,30795.8609280753
88687,13398.107813834056
79244,18069.518078324767
80690,19765.480420993
86259,16413.67498820403
76977,16815.86
95716,15374.684679547792
97234,13370.615761904763
102608,9417.549986038573
105976,20669.596420200356
86505,8516.761651943638
91220,33297.91065358769
96558,13422.971031445404
87444,11473.736666666666
87498,12479.053397030475
102631,16414.72
82185,21210.288
99403,27408.073208776557
79515,38790.99111111112
99088,10110.4089579919
76226,22586.40276378792
108382,12341.257777777779
85313,15203.071118840578
94499,29767.87558246264
99934,6406.393064380709
82376,17788.18652571302
107765,31361.044884139024
83605,7416.0280740740745
77701,16256.522172720517
94028,18477.313365005535
107523,12123.958
90650,20877.50412489961
87414,9281.752769635961
100055,8540.73688990993
90566,12131.425925732277
77944,9002.304
104365,21591.52
100010,13011.749386236725
97116,6428.929701754386
92053,17370.35796339378
89028,13871.711853574508
97021,25860.224019799625
76667,37841.424
88020,10544.935007992346
94877,18177.00186080586
93946,21284.331983997192
107829,19735.592
78257,30237.360863249403
79067,22374.744578453265
77650,35501.364
78087,73201.512
106695,11981.088
94630,8502.192
106256,8135.592
95601,17185.87917374907
105796,16820.060995697862
102585,10591.566
87265,10358.507007992346
81014,36880.196
79536,21191.574
103430,13681.126207220328
95642,27150.585839833373
85927,11659.204289855072
98965,8733.188561403509
82285,24014.01696
88076,7500.006317227746
87977,8089.066310089543
93013,21119.47398606332
86356,22019.526489655174
82657,2954.004
104960,12525.412952380952
84159,16395.232
102831,7641.908
99907,11754.372939786037
95588,17626.290561405138
87604,12598.540376802464
104688,8608.76076518759
78457,32841.746
89007,14397.938847177109
104449,17274.52636150563
97888,19364.206215862025
83178,9857.93
81940,23858.062591634927
103932,9864.616
93309,30972.069061425052
108001,13424.715199999999
104771,9103.212
79382,20444.6910112782
85883,9600.389327989871
106425,12380.216896175973
83165,19993.418920634922
105632,22584.841380216585
77132,28092.851762454666
101743,7085.900682062681
103628,15860.860867503327
90647,33520.85011513471
84997,8086.087910073523
91158,29728.463658121585
102727,8451.907283051714
83926,23778.34
105492,14578.088185779054
84091,7465.364230896672
90093,21301.16617531227
97013,7984.862212837165
97421,13344.787166666665
93503,21049.558218599035
89921,7079.8239771612725
94294,28919.0776
88049,5963.866388478622
87152,10445.677582855053
100030,12159.00077188193
81887,22681.441138698854
92813,30667.352
103849,11951.05302193805
81370,16948.048
100077,6263.325731746471
96215,16753.970886597937
99477,10027.844
92453,35900.62541925466
79103,23815.949714285714
83988,10678.690561759613
82753,9720.014551659451
88096,19666.79807619048
82591,24423.458218898748
78600,10285.825
96130,15012.4
86532,22453.725333333332
78212,19577.052678276155
103099,9709.62039620542
76517,15406.641
85372,11609.799464646467
87192,10499.279662930228
89912,8936.98095238095
100674,17689.751861200417
78362,18551.852
80234,9999.354095238095
103492,9410.684333333333
91876,16991.87196796537
99906,15295.702549661215
86556,15975.831279657476
95439,21696.175191718416
89552,13440.38481996461
97510,17994.56106730599
77027,24437.743756377473
96651,10002.803990196833
101124,5503.953031356668
81564,26805.204
103834,10674.79437065946
106120,15678.5980111054
108302,11510.874355223883
95258,26265.50283906022
80241,9909.334332851533
103079,19034.597572170624
107671,19464.660776961533
105451,12642.507230769232
100581,7071.58233496788
103200,10908.054022510822
107958,25048.093427368767
80508,14877.920802349136
86519,10048.844554764415
106014,14980.09458411369
88647,8991.87887397433
78370,20859.678636145858
80157,43751.690089368625
78549,33050.6761386591
78346,16482.534476190474
102025,9332.934061616945
102642,11844.155062344918
101566,12441.554299671432
105090,9029.74431746032
102879,11968.890032504305
103116,5382.792963203463
108181,20284.890000000003
90077,9239.64739097396
87209,8195.246629131962
78488,25922.281803848007
80235,46156.78746561842
100754,8719.975926559166
105566,13425.852044627976
92772,24952.516
91123,26494.796
81751,38105.89427777778
97826,31597.292373435357
79668,21074.570013645225
93067,11055.03988126996
102583,10485.574581049832
107690,17147.068402491113
87693,13762.825714285715
80476,9292.056
81846,41056.45528235865
104885,12412.536
97224,14965.008936358114
101301,15656.031
77468,19178.113801169588
102865,13904.267195936078
89933,18227.899508094073
80064,16145.728977164688
102316,6202.259080013252
78861,11236.392
96856,10532.976338799193
80901,32289.72787767351
93880,3750.964
93155,18348.692
95490,29048.074522727275
81179,10865.359333333332
105515,39939.727
93763,30555.444
79292,19578.558923651148
79547,49006.35129461783
76889,17752.824473912035
92884,20404.300151515148
100959,10347.006578877837
103931,10410.859000394023
87109,4830.1267
85670,13331.408285714286
106941,17713.83634715285
82237,25965.94
95369,18708.42
104098,8691.929863585472
88392,7712.29047936508
79992,13262.028400000001
91429,22367.714872325465
93131,17013.60938478144
102287,9594.60872222222
93988,16163.983635830431
98533,20361.908285714282
82402,31016.60991169333
100838,4272.020555932203
100418,3421.384
78723,20507.613316804207
102054,19046.7132029304
103873,7370.51425739049
102429,5318.11193939394
92423,21136.495233333335
100306,10856.342059409952
95398,28466.254241269842
98509,6661.4357952065475
76571,21251.363029028435
99096,12330.768086145248
79974,33923.055834689825
86070,10334.733252479688
106407,19192.439348493754
107921,6471.194
99358,6409.844386707411
81645,33340.077
82190,30911.78
104692,25780.807538451943
93221,14681.628330997188
100438,13489.917918218915
91444,20059.11146316909
81053,38711.752
91363,20624.035939393936
106954,20434.13372938393
106654,18632.037587414612
99522,11970.0627792464
87009,16888.274382862455
87909,11659.167862745096
77419,20535.55085055443
97652,20561.02597455064
99779,12319.904
85584,14494.714204217742
91829,19189.944612698415
88101,18370.861819076155
100556,4634.17751111111
90352,8216.037730031412
83282,15692.997572727274
83007,16549.52665118864
108313,11983.515
78810,8347.308
98828,21898.01737038229
96114,6584.955761783422
79191,21034.29387047619
87297,11750.540734810394
95877,13218.582933333333
94139,39097.548920634916
100850,8867.082252035845
94945,53367.96400843471
101089,7890.461614647478
105691,19444.387434741187
80668,14315.690287004069
81214,31781.407333333336
87518,14426.298743037143
105030,15516.128056670308
85923,8688.405793935977
83311,14669.082652068377
98855,10277.89434726755
104159,9526.946876190475
82779,10273.390562770563
107742,10577.283665062389
105468,25110.049999999996
80455,27369.518546341464
86388,16652.927969614513
94821,49961.5427686593
103268,10164.08473417603
102051,7468.032
105353,25742.620853733493
80456,22833.197475555553
100987,10179.290996363467
91198,26584.655745527074
85153,12568.42041111111
103654,14739.346428571427
108172,9959.937735184369
86497,10472.260961687558
105311,8761.59378034193
83207,8547.441136645963
103088,13816.442986691221
80581,22589.364
94590,24309.426482513743
92857,15506.171093193789
104990,20758.05985121434
106022,10941.927280058479
105717,16617.03288909734
93403,32725.595453522183
85166,14192.83295430885
106430,15093.79051849919
99092,21341.803190677965
91093,14748.235713664595
88851,18799.300037959325
98289,25461.44635458142
105096,29385.365758457898
77047,19672.82
104430,20552.145798279667
89790,5602.663625657485
95496,30923.417285714284
99397,10554.674667153806
98691,7544.540227471755
76750,31415.8
96768,17494.015738528138
99671,10052.215238944282
100893,15365.640987907213
96376,2321.032
85359,16855.227744444444
85526,18447.5626659625
99471,7113.946873245682
100718,14244.203353789633
100408,6316.216900643324
99396,12467.289045095407
88571,18137.838666666663
82056,34094.164
95339,40194.253625396836
106966,43863.88374269042
87419,17933.213333333333
107951,10116.226189105631
89086,1844.516
81863,48310.108213520805
85352,8547.541333333334
107573,13718.162988114647
85160,8435.037127175347
86447,14875.895294056425
85129,16039.921940358972
81978,23144.33628666528
76538,21478.798568744685
96475,14982.096727272727
81872,19870.232
100975,6044.450412483621
89846,8770.424741926483
76813,27163.710945353796
79861,9990.18087645027
85807,10485.39010245432
100520,13953.914424632616
83614,10055.56494150784
101194,16579.698
78639,29711.176172077925
97237,8378.017928234729
106299,9877.452827972029
88307,10712.299340655547
85314,9891.583995861301
105736,14217.708059942654
80065,10734.939463765064
92131,16887.497344366424
88644,18342.663479259147
76738,12974.784551724139
105697,14636.828
87316,9074.044
98209,14416.876
96229,17631.946779899412
100262,4660.334570695971
100999,8931.905546506807
107614,9712.238681355811
80838,28119.189006211192
100986,14252.249334618786
78593,26442.108
100441,5627.698427687816
82682,10971.21329347596
78999,31797.52666666667
93261,13949.446472727273
80075,34995.55733333334
93655,30506.192085714283
100596,16219.389502890439
104232,26390.173575625795
91804,40483.284
77995,16043.102681690241
103787,7055.991138300296
94205,23551.26
85358,8124.184833333334
78658,18329.413999999997
104647,16678.351029511457
76044,21693.576856435095
76998,11567.088
90687,18535.599858575224
88724,20010.365585360225
89881,13910.688524772033
77162,16562.47690452794
105640,15198.890377790025
87663,17537.347792920344
79472,12183.546992315436
105402,9569.776
93024,27546.765356862747
88764,13473.292035682696
102845,14311.837082723749
94779,14729.078030460949
78682,11145.57557246868
95089,49573.68934637608
92437,11007.928
96574,7809.59658180456
80215,9162.053987301588
103217,8368.879083483533
96957,22368.78
77332,13810.920633625352
88904,17598.784856462196
85813,18877.268720390435
90079,17386.68496948725
106345,9751.5545
93236,20615.779374686106
77551,27500.52756783895
98682,10469.732
77482,28861.852952380956
106734,22392.517606349207
96167,14440.922268252498
97901,8055.470398133026
88753,18030.695758880385
80085,22106.5128
101127,10362.175606184868
89915,9136.670018566665
77818,43898.924
88216,8023.007040989972
88372,13879.576330707829
83811,9266.508803189792
82936,10891.870685139318
89742,6980.98493644312
91673,31564.222425263873
96257,13907.314086549708
87975,15041.44
80305,28423.034072727274
103204,6637.045
87651,11042.691606878774
97692,19980.210810937268
79587,17235.9307356052
78081,20338.956758000266
90382,26627.2736
101784,11212.276628219086
86751,9919.137364476477
83746,7301.629970655272
107367,22936.31409655277
102824,10637.767596522866
88861,11003.529202153208
81296,14847.78
93069,21877.69943769862
87324,25102.533175982906
80156,26517.126294208105
101653,16569.991695700035
106220,9648.706053942511
106598,11261.30722077922
100402,9594.74
76609,25495.7972374726
84956,15085.23480054993
95576,28215.993757575758
99581,7931.24948626274
80485,22775.149573244187
77166,29526.04265488151
76018,11230.748
104735,12307.819204208157
93333,12003.585795767196
99795,10564.552056446275
89839,9158.341284525355
82759,12989.624800000001
78936,25899.758933333338
85749,13599.615379783378
103893,5330.371488172043
80488,18204.3193421869
85554,11333.73881598446
90240,13655.81801384629
106288,16833.904271734493
77948,11137.848723809526
102329,9529.37107796192
100162,13198.358007450357
88576,17166.390966230443
94039,16820.885394167104
94453,20016.705666666665
87879,12748.814871622237
82862,16430.51653341648
102535,16046.188057009282
105231,13764.642766666666
101295,10539.889558339913
103639,17263.9070951908
100996,9919.285547282167
90885,6711.243454448664
98058,6807.940351296465
76405,19849.76780116959
81140,10105.376281219083
106762,1354.972
77805,18471.859157894738
91903,29717.728362655973
103506,7318.32
99841,11190.474969006544
86237,10654.46485471086
76010,25645.869307308894
90547,16155.580966666666
97073,9825.967506589248
96345,20100.549545983256
104803,22880.66
97547,8810.826386497512
80566,31337.89483600713
76686,28284.12017211067
76532,17158.444526984782
95342,17427.011742530955
89227,9300.49161768396
100141,11142.355109743306
78308,22036.18563120513
89064,13503.194364730876
80510,17080.382
88585,13125.284
104610,20356.147287784675
82104,9990.990884721386
82975,11069.128
89065,10549.97660670001
101733,6209.190548253968
96657,16200.970531996198
86410,16243.707454260652
97079,13556.608562803996
99980,7969.709086695443
83405,16971.522990457754
94937,14884.31295546552
88990,11270.951709609692
100897,9733.878156565657
89852,6028.788614231211
79720,18635.45410989011
87573,7983.653633315424
77570,51062.91268032605
101535,5415.639555555556
106853,27993.688149093756
90614,13890.51992804543
99883,23859.94100840556
90053,15192.072038723996
85345,5211.210510189194
107848,11993.197505882352
93445,28628.918902674082
80275,14674.555415767813
78979,17984.58
102516,13612.696014158146
89258,11140.210717483362
107117,23228.80206076237
106721,7971.056
92982,42618.96
83496,8082.896644297753
81803,65707.73466666667
106993,16101.544
103294,19100.668536263736
94098,15485.078975857034
77532,14902.792
89286,10681.218561759613
89501,8288.541647209915
95186,18276.59296535587
92283,30507.159132145196
95290,20431.284
96893,8204.025901170298
100971,10791.617616575477
78080,26998.979527731874
99131,18730.377084798616
108281,5717.722499303595
100144,7224.132
105273,14803.44137846959
87851,13812.164709697754
108128,10123.325489811557
86420,9878.505007338676
88534,7776.9649140108495
91836,15369.919
105068,10274.662277777777
89909,17509.131987788805
83912,17770.744683809728
92078,31876.01252841897
97169,8274.423704628396
89505,7873.288953827689
84000,10687.069051285414
95770,23139.64
96966,9041.613583065346
99958,12424.945096661559
93263,34510.29953426404
85201,5320.452
87858,14453.69263470376
76733,15282.824
95475,18431.586908743673
76959,17136.342189307674
88587,6603.4655999999995
106240,12014.69742857143
76297,28135.368047210784
96655,13112.234481972275
97329,6734.971948805794
104459,14727.863960034676
86218,9751.199714285714
92652,28403.663172798595
87708,10615.44389297796
89003,10780.924325325843
77758,9514.272
80355,4144.476
102381,9388.507280712154
102034,18218.6029487005
85449,16891.900090243787
108344,10999.5264
103231,11928.152254910685
88619,10319.9996
91294,15866.661955642758
91671,42588.808
89398,16465.3771995293
97449,12975.275278102785
90985,18381.069672566904
95931,28039.100984889516
91207,15952.9575
93227,47796.7
83380,7980.58
88517,4673.7285
94074,31390.65736359216
83286,15079.817786055633
78621,22857.192049857156
78559,29759.97533789367
95517,22850.206224736994
90301,8028.9705540249415
86982,16049.03158470663
79155,12847.524
87645,13179.973714285714
94734,18727.55176029414
80776,10461.911366666667
80191,22304.21224242424
81665,22005.912881629138
95409,25283.5296
107275,10867.02
88752,7111.339909567116
85344,14247.705246960822
96113,12926.0388
89564,13821.943700791422
83351,15970.314447363757
77727,20635.913047168535
105427,13366.308
86511,15743.651333333331
96465,11426.022622377623
81345,27446.509784133068
102204,8063.503851037852
91518,51104.396
103030,7330.688
77586,25771.223416666668
81802,17018.621385200262
97913,19294.521924517026
106159,18650.809608127714
101107,17434.554064540636
77988,26224.152
103558,8109.027860965944
107080,9803.16514802248
103080,8127.022895985081
81729,31282.528
76576,13267.381916666667
81302,28043.661380318597
102815,6533.666569480005
76838,120028.172
100835,7246.576497529137
92600,23006.824
98836,10139.370435545934
107734,11257.896577777778
103146,8414.321
92838,29701.761472219423
107210,16836.55945170427
87193,8783.68054945055
80803,21970.746174358974
99014,25617.01981818182
81317,14773.408113831709
105975,14667.173678859044
91289,13793.382643658259
102427,9081.698
88770,8851.9
93130,15117.99179141794
91428,31399.89679887861
101880,10198.934332313327
96317,13342.897043740573
79846,11337.836
76152,28997.902306988264
98591,9418.61572594235
83409,12987.623682628335
98307,6993.606106413718
81931,41446.44441944378
90083,7271.624065413795
77773,15635.980327259078
103635,10727.068611756962
90621,7285.455922924479
91055,18951.372603996515
82011,11010.80887628866
84194,8966.212171568839
107360,18814.26481853013
89868,13702.414710075076
78774,19415.350261659125
98229,11310.796318683617
78895,14857.738634920634
104821,10675.358984615386
88829,16852.81633333333
103561,10849.967103000889
95077,29011.885205764414
77218,12923.532
96894,8769.944044149492
102467,8613.077037037037
80026,13815.91815959905
81904,33128.448
79212,20197.897576811592
76081,26020.288011036417
102446,11751.9588342892
92123,30229.932454860173
99505,19120.73092121212
90701,31996.37989664116
94131,32122.957014528452
98499,9654.402699199727
87292,16592.60849976753
101982,7397.854081157439
79507,13914.314833333332
80367,18070.704
87303,9123.841253549626
90939,19689.000507049168
105990,24359.819643309627
93538,29945.649324106067
96747,14672.966025570737
96705,12234.618708888398
79540,22642.189646342566
97104,10433.908453756934
83406,15141.598838707507
105299,10160.696
106722,9970.3
105452,14244.812
87290,9351.838456410256
81467,26536.852
105170,25930.203212453016
93330,18230.22815157638
80272,20976.136550058545
107730,17669.67657121212
96010,20679.974442426665
81845,21427.196
80811,12277.880135429481
83571,13499.069095238096
105322,18779.985431805908
77762,18199.324
102039,7117.268
89712,7839.530046466496
89635,26996.716
95445,30330.160625120356
83168,11354.942329767893
97583,8584.824470562884
90719,13759.36712303113
83437,19603.113280284717
95182,24117.702063786834
85203,18456.006278590787
103788,11517.848467538079
82303,16643.135335056246
75983,35749.0
86812,8661.590385286308
81841,30980.572
84828,7153.37625
93783,35650.25406666666
107916,22884.5670995818
87430,7453.773938232877
104874,10220.733923712676
93137,17220.46957863499
103047,6572.844116450216
102110,7740.0
91435,18877.982049673203
86558,14465.85
95141,24557.702
101513,6670.192
98883,7269.11430707501
84488,11005.0064
77317,27481.37842593802
76345,27615.176
91779,25726.78808312552
76882,12678.995600143715
90888,9486.344933333336
98663,9928.999826969324
95756,19247.081583838382
92853,19567.442509803925
105681,25464.67000203236
100628,9823.529266666666
93663,16916.642590115658
92183,25289.524771929828
87635,19343.938
104386,29336.34336473909
87388,13585.006663120366
77217,21661.271053710032
96722,18573.616459906494
96916,13417.209995238094
77168,48432.16733333334
78963,14208.448
93780,22823.148
91677,24266.111437249543
98082,8734.967012687272
76229,17138.615168664877
92338,22049.947384615385
84178,13704.201475472202
106784,10279.63256262626
90742,3815.324
96034,18758.426812238988
98064,7914.388157387203
96973,16865.52
102048,8964.667
106484,13524.517611993051
105759,12570.741019459414
93589,29968.19871292632
99057,13791.508
80757,13982.184509257062
89636,8195.247129655952
83495,8333.356968253967
85277,10768.79308080808
91843,38372.979999999996
107118,30472.750390817084
100387,14274.476241319715
81885,25933.22832705077
105369,18840.309395349857
103588,7886.619
89859,19122.32042135822
99533,10304.53925925926
107533,16481.34657987511
103667,7264.759174435575
92303,22722.428428571428
98400,10193.456614492752
107283,10278.541334126985
77352,29005.58040534083
83662,16692.994113616816
79661,19853.662182510827
102007,12129.101675547086
97793,12395.668314581237
106968,20453.440010843664
91632,22948.860975897005
79763,32367.816
84785,10771.609003529948
92155,16365.57841826938
76625,27645.08213770059
107370,9747.213466666666
87638,7459.925183147901
96040,7557.455866666666
97299,14973.880706960059
81301,18199.77538018502
83192,17145.132232746575
105291,41820.55274797979
87135,13257.845634132273
75985,31846.53778505898
82125,7841.438794871795
87636,11049.027377073904
78783,30359.15917094171
78662,3823.368
87134,17182.85843436185
89451,7417.747785617504
100098,10552.227279901175
88589,8392.599764661614
85831,15118.487394870941
101724,10228.933727272726
107345,12437.132670705536
88336,12755.084193897632
105588,9990.044
95273,20714.74315481332
101163,8635.504857142856
77479,9488.552
80339,23707.67890909091
86561,10443.275536314173
90365,13692.96658370779
78103,14763.962133946236
98617,10535.125557548718
77621,35118.192
91901,24257.70777579652
93087,19969.856355444517
82739,13705.168152778284
100953,7825.281029837821
80117,20969.879745337665
84174,9877.965088672017
106828,18204.891456870308
90803,16790.04987996145
85910,14453.69263470376
89576,9512.03715623518
106572,20112.597171663532
88570,20114.33042741285
95066,23255.10930496454
101114,7256.361333333333
90936,19347.360500570496
99197,8075.513495475304
106363,8288.992629644166
106495,11918.44428871701
77516,8984.788
88093,3245.954
95483,13775.70394699793
93513,74248.18566666666
102348,6314.116198520573
104779,11674.348
90381,15571.890611350997
90866,18558.19403758316
76005,28445.274337863608
83160,19374.61972412669
105547,13318.371691286176
102598,10066.574222222222
104485,21482.604
88186,7610.075703989704
100958,6661.047682952584
93967,28859.456440389364
93296,18948.052634042553
102906,12179.23259368974
96380,13541.744
93298,25836.258403974633
84722,15397.641938960853
76718,20388.416
80056,27798.327177836796
78850,17844.13978823529
100715,8627.021556511098
97058,25180.204647619048
85906,13349.991595030757
102477,7588.359205128268
78624,50157.07278757148
104387,18333.34244480886
104252,12120.102059340661
94178,15784.22
106337,20483.55136018278
105385,15028.979692307692
83119,8994.7488062986
76930,17721.496
78083,27671.89134605257
97868,26862.73954373129
81081,8147.1648
102325,8261.72586552939
83604,15690.7
107825,5168.099274932614
105577,24009.479100525117
107308,9969.741278066378
103876,15040.382266666666
97378,21818.26727051385
89508,9231.016
86933,11363.629973712386
100033,11564.731101030928
84820,15686.39991965395
88884,10450.215793939393
105458,5933.748192716834
103164,9373.490682966996
101838,6196.65830572448
97811,27613.188687818718
93826,25456.1968931152
86364,6818.0223429492235
95317,25186.033992883284
80613,17822.58465934066
78372,29527.780434250573
83283,16531.314888888886
93249,29628.927097804622
104303,30207.811465134917
87973,23963.412288877145
89997,8559.943585872948
103013,7319.97693436639
85570,11209.269190608416
102979,5727.224
78598,9813.936
101402,6064.481199999999
87313,5755.036
95505,19764.874932760784
79319,20147.664
95230,31124.31713491089
91808,19277.857003531284
98678,9719.843834524838
84270,11900.398700403428
84932,9687.059846153847
92433,17353.272413186816
95944,18619.108065056043
101180,14181.221408433421
82624,18726.663894820365
80920,24760.367454545452
99771,8936.332
86425,17385.99291331359
92191,19121.95324460099
85940,11961.918505304851
97391,15192.827485671043
101341,6762.633436123484
76066,20557.86625935453
93226,19588.30904761905
108367,10400.756447619047
83144,9026.937180634919
82764,10331.066828632072
85112,18357.635747647582
97167,12928.477228255166
105808,8597.080367870225
108416,26949.24087453102
94695,38686.660012565466
100332,12009.79232710483
102829,7886.042436507936
83817,6665.2672050134815
92304,25259.297999999995
104385,8773.789006451612
77858,24964.318378843298
104454,11914.948
100292,14278.157490577443
88759,12254.205485030527
81746,17610.290960757375
98246,6731.450285714285
96680,9627.537795597522
84163,8654.696251306526
98135,11768.493562729049
75975,29418.90861565514
92064,14390.452
78732,19962.291649797724
99528,15564.137456644994
97651,8175.945487097488
88195,10611.878245042017
85398,17000.488008676923
105940,9329.064612899898
83822,8498.004568927285
79148,20535.437777777777
101011,12593.511650117769
91642,25836.258403974633
92277,31922.486826359294
78438,11662.88
103126,7472.803963844914
90247,16325.473800000002
105738,13017.203246242494
91585,25015.554600000003
99313,7595.752167284325
78484,10085.233111111113
91221,41721.94
102068,16068.438359476775
103027,14606.165629708694
79594,29237.267818039218
78290,17473.085507091262
83059,12562.108279627913
94542,22130.354711281412
80450,13316.061571428572
86055,13501.653824233796
77128,24689.196
78459,24184.944363636365
106614,8419.484
100580,8568.568
79200,16771.827036119917
90988,16862.77789359531
95354,58703.192
95524,19032.965891485648
89514,24510.45323434142
100494,7829.74651194322
80365,28449.77152736948
100498,6146.136964102564
94820,22980.1184
95203,16155.399762083081
84845,13798.62320531655
103726,9316.5
78164,10671.648
85894,7975.396342097902
83974,11632.25735535735
100042,7827.795796106808
82641,16189.571604976998
89331,9588.435851214575
104138,19471.482424407353
84136,16335.90573856209
93037,16633.517072536157
88791,13672.447466666667
102077,10457.465154967447
81882,23009.86672476052
98035,10949.333523809524
108194,22487.59090084858
101297,8641.514616229902
98938,12742.848589139674
98486,9530.472
83293,9147.44
96404,11909.52759816916
90115,15571.890611350997
100205,7041.848
81271,14209.122498693188
99430,10609.615375543617
106622,19975.23393888027
80213,24775.82063372093
106624,19069.87514285714
89907,9559.391546266199
92178,14301.770127608886
94849,30614.088
83585,7708.200469115233
85742,9504.758838084465
98510,10965.324
95629,31904.711333333336
86114,11219.808727272726
104028,24074.054121803438
78862,15037.956
100720,16019.910730444475
97302,6662.594002637306
76761,16177.1
97918,24111.35324231615
95704,13459.624
108116,38455.11789010989
101381,9269.76
95542,15672.781735947712
89609,17371.041441436817
79374,11920.308666666666
97399,12687.539400648655
79350,12849.777326953748
101700,10378.922245460928
76556,19443.535198545233
85945,9286.792791552305
92706,25611.64391417668
98698,11962.52
98683,12097.812
95706,32835.252857142856
91170,33658.065982387874
89870,7251.962496225885
105665,26401.019666666667
76774,15639.868
106996,11818.176
100111,15000.29
85146,10459.00328888889
87623,10799.897309941809
106125,17000.378454734466
81146,17549.193113086418
82472,14437.810343495288
106621,16427.535988810658
92229,16726.16
100574,9433.29292199798
93325,21977.45876870772
88820,11835.75778415003
95448,27065.791792270546
94293,4954.748
83682,17069.568967010775
82826,7663.092942836031
78729,15368.021365573026
82431,9651.189615244562
105701,27531.944611415554
90828,18164.30719047619
88782,18114.229894446817
90765,21933.292986106448
89779,14127.822082780227
93973,30764.694955938798
82915,10983.60262528002
107131,22076.164602150537
78143,32205.892
101557,12085.312
81060,19894.175132718046
88032,17789.08485780301
102913,9798.427397126254
84050,8756.317559740615
97797,12892.898997660855
99183,4976.089789762867
81588,28480.82768997429
89819,19713.39694367659
86947,12090.632
107568,21591.52
92085,16051.4305
101729,10335.633010439256
89417,12982.040911864131
89797,8041.740175134037
89349,12357.390216666668
86040,10901.361333333332
85454,10409.058960422759
78374,25653.024
84084,9822.642857101659
88370,12277.74035151515
99555,22082.94985100104
91675,74142.896
87112,10625.4605
96235,17197.94326879717
98203,7125.039835871761
77675,7738.548
98775,8053.414249765815
81614,27776.572327306272
102391,11347.062862711931
77097,27254.977333333332
80494,29672.027833333334
91050,26530.928
90412,8255.802485944278
106318,14239.266928147203
88976,19374.61972412669
95898,25972.031315789474
107839,22691.86085571924
83737,9496.67477621297
99929,13775.339657939481
85736,16077.90285605932
100856,10637.606
85708,13958.958254601388
90131,10375.9322255664
94568,18360.71853460317
96466,26365.68083187124
100117,11896.561450868674
87585,6807.472
79106,13307.588
80237,20949.48853333333
91302,29088.832
83945,15357.424292268212
80650,26957.74544509804
95104,14513.11685269638
96677,6015.659555555556
100682,10439.745667268277
94464,18974.280733333333
89293,14906.016594285715
102107,7062.391138300296
92219,25308.76686317813
87853,17489.665373684213
95391,20171.638705639554
102232,9017.950277935299
83035,9008.281594910646
80636,12676.648897841726
105398,22276.063999999995
103291,10056.953333333333
78340,16792.285333333337
107130,14063.195766666668
85694,11933.89754963185
89901,7583.306580308776
101501,21470.556292682926
92797,46998.268
90279,10185.817809523809
92115,31690.730006060607
105910,10799.207
105226,16691.898666666668
94797,26535.805484449047
88857,16037.600266533556
91374,18793.603472099137
106841,17968.376052866446
90283,15157.9251372549
95421,22951.9642
102374,4600.588
93581,25120.624
77463,36819.22758095238
94949,23124.496
79220,19275.913868044136
82822,20973.91996802859
107897,6662.539270709085
77398,48496.08419273684
99943,14852.772
101334,7232.479248258408
78664,12847.917666666668
98917,25043.779799100404
98320,13974.597891625615
86414,15050.300682453179
106690,13285.486483433295
103656,10692.288
82816,16421.381770308122
92595,18982.66407927062
89058,9029.503665773307
90981,39058.212
84545,30915.136578989277
85121,11098.691634112454
86786,7369.526572649572
104318,9596.32
101816,9744.239393939393
85525,8630.352423161901
79169,21962.882374344957
90473,7956.6448
76459,35263.44213333333
91881,20483.24047117794
76343,15119.288
99475,3682.8082000000004
76756,19772.376
105158,8704.920109216111
82355,29743.197046164634
102382,10935.890132053548
102739,10594.752718708018
95595,27454.30112489998
92655,19111.85418353735
93230,20204.68385714286
92502,29091.06419792629
78020,11493.386791666666
76077,18461.923157894737
107845,7650.4328
94272,71875.772
89239,17748.97574227038
81657,24333.99616258148
79605,19063.549018854806
92466,29040.037795736873
89062,23062.296
91866,21156.234399351313
87629,7605.191664247287
94495,19211.940912392693
108301,9635.028012899897
97893,14722.144
88636,12839.05988024845
76642,12616.1
97723,7460.966459827377
99689,11068.723500618034
98669,9237.7522005095
107547,30217.93533988315
107324,20376.139130321513
96837,5713.697930398859
87607,12280.628
77412,30878.905333333336
87012,11302.547559600249
106509,27427.327406427532
96290,14656.056
98997,17026.565930571807
80784,13804.10461001212
79231,17655.596
99071,10955.43577936508
95343,58706.068
106067,18703.436
99385,24785.30442238743
108247,24616.756
92030,43287.316
106907,17728.977970715983
83305,10226.23253632543
77537,10930.686057142857
94191,28704.21232466697
106218,10045.222595801553
90895,17134.258529572624
87733,14332.554877816434
85938,12516.635588719493
92778,18402.949658089507
104351,24815.16176194156
98023,32416.89706249338
100496,10914.048010663317
99703,20259.71258
97963,6089.827318870246
107514,14842.81543966789
90147,15526.340456565658
78976,19546.89915789474
87951,16472.046594698404
87689,17893.562920634922
95720,31856.634656950893
81362,13211.635074815382
88028,9004.975739702457
101241,15353.942792849206
77282,19595.039369756316
87318,11976.70167470356
95832,14176.758663636365
93146,19280.01870444688
105053,29415.764439932973
106782,21292.16949014617
95641,25024.40049555622
101467,10687.367238662704
78487,17935.64934627116
97221,9244.505447619047
88550,12967.546861538462
102969,11109.664080296712
91727,30183.207528850067
102790,10500.641243941001
90218,10111.300014468865
95243,51312.993270690946
101112,8257.273110378035
85231,10027.058844462343
108368,14347.166302382788
84764,6518.681223396974
104560,22219.092248375775
88854,9749.939926726
96342,27682.544672133903
97363,11715.117681818181
87222,10080.078989556741
85750,13237.44050485328
99457,10287.912263355433
105834,9667.816
81230,14829.485165293192
89905,6573.568940296437
99107,11587.38226314661
97725,27226.427343242343
103383,8122.804000000001
101881,8933.526904761904
79274,36385.984
106126,18170.65181565715
88014,8107.77090174312
81379,21229.56
76685,11947.92694825401
81756,34273.86933333333
80382,21699.140348387096
87661,9694.33483737236
103160,14128.056
81893,31258.38874181775
103538,12715.273476300374
101780,8862.350467194927
81384,18248.039771428572
106350,27582.32169935956
92907,18603.616533494005
99538,14246.386152351412
79214,18429.24607383018
101909,8738.236
107864,17545.952582013975
100524,10311.411733333334
84466,12065.844267887907
105389,21393.691280701754
95621,17042.763278807503
85294,5808.830745173346
101831,12993.679169612895
104539,19142.732358929043
97418,20856.859982728143
84417,12685.258603108732
87082,8322.27194643914
90484,20034.19571968159
94455,24946.66435897436
88204,12912.870277194332
102964,10482.608111111113
83265,10935.224585347987
79644,28153.687471825175
103662,11474.709050977828
98160,18769.9534
86602,19202.90973444255
96773,18793.547514285714
106258,21840.324501546595
93161,26001.039904761907
84913,7465.844
93566,27730.33411294578
99048,8792.08
105009,19650.536
78907,13165.488
86767,14883.657999684128
91280,35145.42162153095
80284,9813.99670608631
90664,13654.236
82570,12719.072606140455
97344,6471.953234188034
107585,18053.87512289875
88462,11653.522924459316
97190,8722.143594871795
105578,8062.372777777778
100275,10069.185582255599
101818,4342.5465
96900,13741.029544926998
107149,21050.401101598993
92413,32165.500809192617
79385,33922.25193333334
86389,10321.195537922646
95212,22983.304
76373,21404.08
78959,24529.76213940031
88737,5786.5308855678895
92016,39092.156
86224,26131.10562160558
82578,9966.55917699723
97155,9166.863599999999
107701,14942.554832948581
100516,6361.456
100278,16509.693236834
88637,15523.186069138239
82527,10692.011951611286
84753,7689.898008764569
103714,11028.694563612002
100322,11393.172
86770,11199.187718426501
81754,33863.025340555
88214,10422.71010909091
104113,15611.384742857143
104421,4411.648
97736,8322.885118138305
103535,7084.7873714285715
83206,16505.51474896196
106330,9378.018314501185
102339,13044.51071491681
87709,11072.578819621669
76492,21971.87871177945
77728,19342.99884302104
80481,20016.96
103158,8210.496177737565
88892,13812.469962272577
100388,10665.470927927929
92082,30635.12599994416
81236,26578.883811800923
77042,11900.810458263304
91157,29637.888615384614
84392,16421.41261754657
93436,28327.952
106487,19816.587828225598
76638,12011.644333333334
100756,17975.145859112166
89769,7892.484386213068
107047,26878.261967339757
107482,14756.407204155468
77672,48452.91666666667
88137,8023.497078233515
94234,47918.97882370978
100690,9309.263492063492
104730,16169.404950211454
80889,55634.844
83038,7808.572555659805
78952,11336.996
108324,27740.98065934066
89723,15724.716345454546
84963,7665.209400335912
82834,17455.719872549016
84141,12680.85580952381
94870,22402.684
97980,20415.18242631579
84101,11501.403804051557
103187,9895.621390476192
89617,12100.879157217178
107178,9772.744
92448,24807.384081318683
105739,13147.630333333333
94934,14260.288145454546
106422,8934.752346753246
84357,8199.1007779228
81219,17571.531841108266
96165,9739.410107805406
89437,7897.179507753445
107434,24945.532819377793
104751,13788.32717371293
79869,43275.548463848914
108255,21002.445673755854
93706,17268.594895262282
77694,25641.83466666667
106112,33862.292
79750,21369.805926381465
92715,27822.4549124183
91183,23014.846983870968
104425,15878.685225210369
91695,18109.956603030303
107783,21810.593367699552
80023,31206.241187153122
106551,11810.201435083434
88253,27374.899586018968
89867,14756.354100368037
83678,15649.980817506683
105660,17815.09376033538
88202,10704.961243422102
95119,24219.58780952381
108260,12792.385835368816
83078,8070.9821111111105
82345,19961.95866666667
83217,9872.036239141811
87850,12672.987745348846
81035,42185.844
79575,29694.878531294562
91737,18210.92338415954
87829,16450.2497
83729,10450.374364023985
85611,15678.879417454635
98402,7034.043998967389
92385,11556.573728571428
86408,11510.480547979798
86059,18996.21588934663
95741,44159.552
86739,9864.815154106282
78929,23946.736
83842,6411.476666666667
87907,11624.155460307933
88079,16154.402604412957
85643,10917.328296724154
81382,18721.078847400968
83493,8953.057059719267
93460,43659.58
80412,29234.092
88171,9735.832338279273
99783,10677.544721530145
102777,9469.118459768222
80663,34686.056066666664
77531,11335.4504
86865,18288.5784
78461,21058.341299346404
107352,25353.986880591678
94120,10170.539967741937
79496,21576.224106460704
80515,40705.52514285714
91344,44709.004
79373,34534.19434453987
96220,10346.2
93246,58091.46404228334
106908,10243.065076190476
78245,32177.044
94731,16516.093435897437
90402,6576.69380211705
76206,52800.10565522364
98559,10295.263136895117
88796,12933.443036798491
85816,16807.577648958177
92649,31768.383923951656
101935,11328.003452823234
105463,20961.388
87365,7997.919098711179
95227,29386.676666666666
93234,14437.036
85937,17469.80380988384
101266,12665.791016807763
99571,10272.64923286809
85700,6011.226006837607
107102,10653.123621890549
89204,8584.338990476192
107013,8800.085660256413
89174,13504.62526546452
105413,15786.084438843083
97676,6965.265151786213
97236,7246.0506857142855
103159,16001.660876169173
86515,14565.370595039238
95748,18019.01795590792
103941,18833.690495887447
86393,10600.56241904762
100154,7413.08
96775,15023.80411544292
85975,16811.564
80620,18013.306657105393
91545,22809.509634028895
90512,9055.611488872943
98423,13444.938461728196
98191,12282.183867395717
92713,49104.776
106242,18366.73973545295
96941,8493.815533333334
91711,16176.756726189373
93194,19753.772005829658
84431,17997.793892718135
106092,10505.951096481296
77699,8220.24
107042,21635.902506337523
94581,113634.6
94719,26162.7328971473
103203,9125.914983443778
90527,14321.86901416996
105553,9778.387785414518
86257,14289.4376577872
108539,8108.6016730158735
80580,16955.57034479083
100564,7824.311798663807
107330,14590.592411983955
91726,18074.0156353812
102084,11475.102666666668
87088,12315.954956521738
106757,33705.216571428566
77040,12931.7744
83253,12959.225466666665
87231,5265.344
86913,7106.993225294382
100372,6462.065896567046
104194,24807.32997112887
91979,11969.725622222222
82139,13834.324293233985
82434,9928.492098343686
95418,23728.28950206675
76862,30135.36633284695
76939,12385.197315581443
86454,18147.67664101111
98632,24462.54033998945
77936,28935.03724159989
85823,9891.583995861301
88035,12962.245923189792
90469,5748.937142857143
77882,27770.52104124681
91663,19785.56508649736
84326,20035.245126236754
107834,13713.069761456934
102220,12964.813516726354
105246,9444.194787918781
107828,23174.54760794316
78808,9389.446
87428,15154.898118141651
83186,11015.61367481203
83578,12432.425641577061
76948,16750.74920734672
78241,14580.689224242424
79743,42423.708
105523,6516.360257749137
90957,13650.116
100382,10004.322862897523
76105,17369.619400325217
86104,7110.547186813186
101922,12617.50690070782
76554,17529.082
106985,22415.76275
85689,12847.906079095002
85008,16215.792292207792
91965,17762.416557930283
76366,33239.83866666667
86191,14570.384
99663,6827.896474901288
96285,10041.08339047619
104099,19656.364899759523
99056,9225.66
84374,9778.575194399607
106354,23421.57396106299
93698,46408.8276923077
96634,9027.509308205128
84156,8625.709942857142
108084,22750.466767706108
87399,13475.516388052878
105466,25797.17693112623
80586,26153.188
92580,9161.830781609196
101845,5531.463761904763
84566,10315.406981053728
90141,6410.591470821946
108378,10796.781819380618
98277,2796.496
95092,42045.926400000004
104064,25990.454334962156
107637,9514.437246753247
97365,15537.198
96955,13239.549057900433
95760,16337.788
95872,23883.320149180414
96240,17664.15655560314
88163,17882.67048227066
100611,15368.145323809526
78881,22860.407625128464
101061,13847.197989592132
107426,11951.66592843776
84044,11691.992
104552,6620.103642522523
94780,11344.884666666669
91863,62079.224
100864,9098.164524414491
81237,19510.06830683128
82136,13867.980824175826
95905,12833.084769793533
106384,4578.128
104293,21443.47348741036
81454,21391.710410828604
107302,19710.933733333335
104291,21696.676
82868,14556.58223505684
97858,14502.562052050862
105855,15481.893611393161
93166,17966.284376092925
94741,29215.44235851719
90290,14292.980583614926
89573,8431.776608196604
78623,11655.053870863592
98815,10768.135922562626
108391,8144.552338735737
84762,10016.089333333332
91318,20162.96945496293
79163,17987.208979640844
95977,17484.465972808546
85867,10737.769300662992
88322,9947.752851214575
79623,22885.0828325501
98269,9037.843025458636
99650,8551.184
107902,10277.513731092438
105941,10887.156618759018
81949,12551.784
79343,26908.66
107578,20555.644697342344
99489,7226.341286798795
85577,21591.75566980836
96815,9646.241216091339
101625,15365.640987907213
77737,13775.806666666665
104092,32242.90848361861
100181,11559.702234424345
104928,6408.838846153846
98913,6723.1484633795635
91602,32917.244000000006
83876,20952.34733150183
89307,9377.641091409898
94093,25673.288630480627
90665,7389.480035735113
89424,15334.100735415264
89966,15714.94
87512,15218.322584126985
93925,16885.44599934133
92819,39917.76490202429
93100,31383.206
84387,11625.970746982319
102337,10735.057648824552
96351,6852.286454241775
84790,10023.592631904763
82257,9193.973555555556
99957,15664.0
88917,14576.40265523853
95068,29504.179783172924
84509,15930.447573270967
91624,32344.2511910789
97851,14008.05170134159
88699,14516.723062875475
100216,9250.986438787346
103752,16029.138666666668
86444,15339.576566657379
96692,13388.95
99855,9526.721066666667
80299,33660.863933333334
106960,6065.071837197018
97471,19460.030359936147
84560,7048.73180952381
102670,10259.860787680487
89279,9806.109074078648
101965,14604.085656301144
97569,14440.888439414262
79614,26769.211130060085
91772,28528.985200000003
85007,12177.611889886015
106561,17884.444265941544
75994,22653.934242424242
79691,34580.84
89364,17108.515923076924
78875,13688.38343211842
107066,30001.303492733394
81507,28165.803444950358
95249,21138.44326387243
87015,8841.03375
91324,16628.1545465583
76752,7311.824
102171,12568.100811805676
101910,14171.035959931236
103619,15323.683866666666
100128,8585.263087301588
79404,26359.859326851205
93180,29710.65395204957
98208,16100.282985124188
79595,21671.228924816754
80232,29007.306004112204
80698,26547.379003296755
77442,11292.06
89295,10041.40173430736
107982,8224.772
104260,8856.535607095346
107081,7104.239347774197
84397,18930.943233561775
76341,13225.108
105837,20806.3960334893
87758,18274.821739533443
89085,9814.995742983334
85464,6144.853965591398
108404,10052.56859477352
87357,9204.43277777778
96567,10845.959333333332
106723,5978.1945060521175
102198,7112.714966751919
97673,10302.015703603067
94078,19900.14
107507,10060.281295238095
97681,6734.615609336513
80033,7422.176
86656,15995.65166142857
77797,19588.56315789474
107699,19938.183346786445
86945,10944.7262739861
105222,4376.612
104904,12226.233952380951
79731,11651.889813121481
79205,33444.469
94275,42305.036692307694
83219,11325.789203197646
93926,29488.472
77804,16831.453476067156
84512,16453.753815203538
77215,10209.864666666666
95226,27020.81494257703
102992,5828.4043018352895
98108,12888.550632568677
80629,12857.462817209691
98788,14361.855443183813
84971,9775.017801468934
97484,12058.553
87887,10349.55896391843
104294,41294.876
84316,9290.701105883301
105685,25430.23833333333
84866,3376.696
108412,24627.31809220726
83463,16690.812219007483
105005,17281.056
94134,18609.856
87832,9778.720020299095
106089,8208.096073144266
90745,7165.974278594357
93579,11211.033333333335
77750,31649.540278382163
101618,6285.909312820514
101148,10611.213785725342
91084,17349.35700479202
87106,16326.9
89045,7857.750931335332
100365,11245.537448127969
107100,19515.264
89836,16406.048294557764
90463,18293.018219594967
95908,29615.53093333334
105700,7789.271904811417
93105,23857.624666666663
83244,17896.23005947386
97603,14323.846967375886
93616,25015.017584217047
94245,23148.306497821522
90752,14370.736744335665
99594,13433.375947418212
93068,39018.672
88443,11524.881901942548
92592,22241.96308879752
99796,14092.639377955958
101588,6727.147776023976
89633,11037.300865998328
99577,18178.0376969697
97165,4714.3796
95686,13895.93911111111
79266,27125.71536022741
76351,22842.686930693068
87457,8157.788302523836
90220,12100.879157217178
87855,8040.393208791208
79818,19397.439351159355
91024,24254.594419441786
97908,12124.153333333332
101556,9939.304159405136
89750,8106.55495
107781,20739.948
94151,11258.888888888889
103214,10203.632358028444
89012,5562.04366042721
80997,18626.52353679593
90002,16054.261845032433
88243,13937.97526828731
77631,21585.968333333334
76185,40264.592364215314
102767,14470.28888494711
96776,24850.64501008059
107630,10139.338
97550,10400.4269079597
91871,16920.317670984132
84499,14030.119441492561
94523,26078.90266666667
95467,23447.730066875087
91735,16858.697333333337
89874,13905.636733585878
90168,7663.571958030977
76765,13619.04
92590,23992.08490476192
100529,5792.123997198422
99330,7252.141733333334
92566,26730.9496
85303,18100.404124542125
108401,8459.847556575965
107621,8893.678419216556
80471,17193.579088992487
85478,11263.389445052
78386,21054.070461532003
105016,18332.710350688834
76807,19613.62385714286
85036,4743.647612903226
85428,10370.454979599954
85783,10013.185909098784
88510,12278.42180965941
89262,20533.89350464564
89136,10861.574587394985
77193,50361.796
88928,7212.458740740741
85930,16708.37731007752
93387,25254.489797480514
87348,11046.45268013417
106766,10518.049271396507
94358,16250.949278646238
81582,13047.33284563258
87880,8814.245361038962
80554,29936.805666666663
103295,10552.227279901175
86265,7050.378206951567
85650,5954.091252132647
78496,9433.2276
90155,5697.784393333332
108366,18355.29444480886
95435,12751.372166666668
83433,15508.506405818083
97917,12134.656
80755,15987.040184581832
106070,8847.679830086581
80354,19034.30879394328
98453,8044.688
100106,11661.775551066925
90408,24045.290957413246
83615,20189.641853968256
82425,16000.1992
101993,10573.296
94522,20470.584
84782,8971.693068502744
108223,13302.063590366526
96160,9039.26981531833
98432,12444.448
105363,10553.60616091954
100535,6132.118
86591,6494.450718148518
104667,20095.547097332743
90913,18463.259681578307
88935,12913.052627802545
104570,12276.638475498521
83610,13237.44050485328
92006,3640.862857142857
86169,18395.847980026705
82827,6869.845189177874
86592,10670.21867699353
87212,10435.47914964653
97120,13195.783970774663
77359,15888.882080586081
104752,18387.54680756907
97296,4720.176
76528,17591.224
94678,14720.112
92677,16773.6026
79068,16646.136077681283
79258,15046.903150944961
85903,18986.916
85139,15806.4311
93427,17964.83158040028
83820,8540.232
77286,25058.957551867014
99210,7217.413313593566
87068,12179.614112500201
83423,6849.763363076923
104277,13543.405026432436
90679,14432.348779407375
87218,16255.69291597014
85604,8675.558694258443
81045,28562.5902571604
99525,10604.415953838541
102332,10267.496340209676
81248,19345.928
94626,36871.988
102031,5881.923926859236
99240,20830.663092698414
104198,8067.154
103296,2837.035428571429
105530,20599.992816999278
77830,13868.56
107707,47862.43686769042
99875,50353.166875355375
107727,10003.023333333333
86279,10868.620529119215
78738,18814.823611825836
77514,18364.86
83235,9544.212
96964,6398.906510554957
95157,27586.509218142903
84407,7458.115833773585
107930,14478.651726749571
100103,16087.909887695654
97895,13338.98
96823,26128.310192492154
85448,8079.242055555556
99246,14294.712
100586,17029.6507
84536,8640.495078571432
79744,12969.633358913143
89433,7025.0346001467215
93466,16614.281537836006
80628,32727.312
105144,28641.514498543314
87407,15573.103526543291
106295,25831.04432478028
84239,19621.84720246373
89362,11091.531906953796
85099,10914.782931677018
88071,4628.712946236559
87696,10757.430750265647
102512,10118.99958252816
95911,27817.796604078274
85069,4393.768
77710,26767.284
106234,18001.23961777481
96338,7815.3204386500365
76534,30748.06637990204
91330,14503.124
99229,11609.74
79318,16680.602801969802
87465,16171.552651087779
85327,18059.28767599426
85601,17812.389134481477
84287,20223.014449317805
99523,10877.200266666665
85692,10604.341251214575
101573,5756.924
97295,9457.039094295587
106567,8635.82006056166
76031,9306.172
96219,20333.38954954955
103153,9668.557900027967
91126,32235.27039481357
106188,23852.212246031744
79174,14725.336497007225
102013,8974.983380952379
104603,13297.483361383564
94006,22487.144183093136
108326,12375.18241050061
78483,28464.56088389011
85801,14192.423619117728
93295,22727.344
107744,17497.37896296296
100171,5288.044
106558,7748.7697319727895
100806,10772.817492182327
87732,14752.00213431454
96227,27415.067828628657
92111,20622.6754908872
86147,10316.742430925255
89519,15814.496153846154
95271,24876.290320651617
95264,28351.58
102294,15365.640987907213
81966,13871.284665578694
103012,15494.068
106989,12452.861653679656
96772,15639.674859971448
102972,10432.734842580272
96306,32806.620179752834
108418,28052.235483948956
78045,14810.272
88095,23154.55452161849
107561,20665.89375622756
81795,7754.528
106736,20411.491834432232
89308,19659.01613167943
92852,27234.152
79486,13844.096027272728
102942,8830.688
104342,14858.949564516102
92242,32804.48428571429
107000,14251.664059942654
101869,11591.331633120419
103744,9682.129910246404
92316,20636.29723493851
100386,10154.000328042328
93123,52102.912
79755,64042.99818039216
103598,14386.581940918357
85309,15436.168806760774
99062,5941.185194468402
106747,25694.88532444322
86675,14200.1
78833,13328.956
77194,16319.225035764392
100977,10825.765879884333
80837,24402.384
89253,18532.989551666873
99368,15391.775666666666
82058,10755.968
88519,15602.797581039513
91242,29429.70642857143
80897,28262.64656359246
80505,10262.69688198198
77645,28972.841058373615
100818,12431.565100702925
101021,8824.482333333332
80028,34814.05413512436
105669,14902.579789059831
105092,4800.680931868133
85973,10854.174861417505
101110,17174.736
87926,19793.00982111302
102411,19668.392399999997
86210,11836.075100717657
106999,9989.513660582066
86228,10477.734367216597
89278,13044.569563636363
85460,15939.434429314264
100527,4725.1018373626375
88852,13564.002854884246
105762,17069.873877021368
100149,17419.17500289044
80290,16038.722078069102
85953,7672.662218541448
81492,16061.51203581682
76831,18781.212
106123,18266.020977777778
81945,31472.904
96796,16483.216
83848,16244.198700531702
76568,20250.67610440829
84777,5663.0123137254905
85159,11494.367512452796
86943,11840.074338339919
85719,13325.201714285715
90325,3245.732
102061,8892.417599999999
77924,22153.58250871614
85093,8464.289333333334
101892,15378.392
100848,10910.46477126135
98725,27028.964752552318
83883,7664.535311764919
90754,8111.263064781811
83803,8296.78534639977
78486,12936.446904761906
82705,10144.32699768458
81532,49473.764
108285,25847.24298333333
83833,10941.798290909092
98263,21699.270355397715
87000,13152.976880582424
80673,22664.780242424244
78206,27416.47741167018
105718,8151.51319892473
93533,26497.894180952382
92133,32056.890554525107
91065,25509.460906815406
87899,19071.287714285714
98017,21434.07654541436
99570,8366.1
85188,17671.79680735625
101319,7316.211738182826
100142,11843.079977331008
100019,8722.378657137793
96598,11473.694614973261
81397,21665.88393431713
89238,24041.36
95758,20387.82892559226
91540,15643.128712883006
88474,8130.548
83465,9132.754154761902
103092,11985.04
84968,15095.237666666668
77523,23017.44717042237
93366,30768.624
90815,14135.516
86902,8594.92584006195
98479,6716.460399999999
81068,50549.924
93005,12412.422307692308
79216,23127.508
87027,12538.180456574843
97332,15679.648215551195
76700,30175.55664761905
92098,20240.124
90564,15126.300998177869
85106,17528.36744976657
107907,20331.38927310166
84142,6623.282325341326
76304,26821.63351433661
83000,10346.275896103896
89782,14222.258928197789
76184,3398.564
107539,10782.96
78236,30743.90174195652
82316,20154.684806340043
106526,10362.048823823203
94138,23622.515541016113
87340,14589.616
79516,19784.195699305903
77411,23864.488763636364
86680,9891.690320327869
95225,15594.936922716028
92224,30132.243233477635
94791,18712.754178579344
102989,9985.065032438948
80765,17434.469677345227
85393,21477.61838095238
104860,19190.604
102484,13447.043950036814
103672,10874.747340270756
82448,15051.952727366857
85479,5044.192
94775,30211.972
98729,21648.23238098224
76893,18113.17973044258
88144,12465.336666666668
92369,12474.941060919693
80841,23314.753118910092
76791,17272.95673066408
91845,15908.6916
86949,9878.582666666667
103913,20537.713333333337
85869,10528.340924305985
76426,14359.473460606061
85214,21187.801
95332,20184.817666666666
85821,10831.365745267294
79430,20449.05616878047
104573,10303.112676811594
105788,15861.079233431597
104867,13749.66
106367,27457.451651759355
108241,14684.951821277082
76913,45444.366097006445
78712,35865.8
87769,9736.667207470557
80169,19178.919362705445
102028,8228.14
102001,11095.072538474798
107798,39444.61901510989
80044,50935.836
93757,16630.033900000002
104233,19921.891241310022
84195,7560.566760443423
84096,7912.390375353536
82336,18010.535628134694
90423,18874.710619009875
81769,16726.98264741442
79650,15728.037036438194
84837,18974.392542063986
106303,10220.525776900877
98551,26618.48114285714
100452,10552.227279901175
81161,24909.86964957265
101116,7931.106651692153
93465,19076.117394112156
92749,42567.368
86281,17711.234530020705
95586,11956.090307692306
78235,29163.684
102754,9515.322362564755
100017,9363.041635226551
102637,14607.345982517483
98192,12686.560339277508
96683,17145.996
103968,11656.64819047619
89159,20668.92825345692
77752,18602.428
78526,23011.96389681656
108387,22566.709000000003
78659,28714.42
77013,20594.175272727272
106480,16109.530933671385
93920,24873.116
92912,19176.959060078054
79044,37562.176
96831,5218.698666666666
83502,9548.273331195767
99420,3049.362857142857
93785,11464.369144280252
83739,18532.54394801911
87018,21084.565924497725
93773,29649.32166999858
101674,8940.979739704075
91655,23301.156
104412,4744.457898412698
91636,25282.21517905194
91101,15816.330285714286
102437,11490.969603798272
96958,13596.774014417992
83934,11006.468955974025
83372,18773.3908157371
107296,13079.947379344054
104909,19624.321916726913
103886,9768.554583620795
98858,9757.103013934213
86276,11072.904
98148,13003.988
107294,24553.923233858455
81812,39556.741045454546
77997,19341.67521077415
104626,9365.016591589858
102424,10506.351997328138
84992,13688.39117192655
86867,4500.626
93370,22168.465333333334
90804,19406.18740952381
76001,12221.448
85691,11224.655841654612
76328,45409.6296
79143,12161.32
91356,6479.728
93553,20041.804512554114
93673,19184.562555555556
108239,9795.672
99923,11566.303044857239
81616,34813.776
94433,25222.077751628403
99985,15179.928092367474
79648,35015.617333333335
91423,45633.97311721611
96581,12952.119066590169
93321,56939.552
89736,14919.618586583934
82722,6641.276
76093,32156.87646510874
82767,8523.684665774454
101615,16068.438359476775
96585,9451.115090569563
81552,16152.510386167956
89656,15457.14192616881
76301,14554.10546060606
80683,39420.6417519365
95638,12922.35093600375
78343,18542.31411598916
81495,28800.105072727274
78517,12339.465459438434
91764,15022.38676923077
87050,22189.740068987754
102877,14242.408039084505
86844,11106.247600891882
94535,14572.585222222222
80871,11169.923150830366
81126,9071.573767722473
77182,18581.135804963436
89335,16925.603199999998
99612,10023.761985869864
89041,9682.09641418149
104165,17337.968
79096,20249.72863108428
76051,18258.824790612005
99599,13486.499795832799
107763,17995.56019047619
106646,14653.226525374452
88985,14275.2608
107109,26799.881750758635
85110,17088.618055898718
96907,13953.132
106806,13637.885486694375
105409,10370.904
105449,15809.249283536787
104042,23598.593333333334
101299,11154.363772092169
102434,16837.773921905966
96363,10438.144236163449
93918,18453.345445614035
80842,56347.968
91578,19509.560422258848
90458,26539.44414285714
82186,21994.397
99767,8347.991992975609
96898,30956.9822168792
77755,20625.61515151515
82958,13536.967766966938
89248,6421.789066666667
93452,9348.329272013367
81517,10879.413514285714
77919,25098.40404596623
97110,16235.072783842934
107317,8845.735607095346
106102,8891.002419216557
93034,24164.70949765244
103446,11071.613762770563
82762,26606.004560137513
77365,21765.356903225806
86634,15295.365482295276
93109,31685.456
96094,4990.299777777778
108191,14990.311957363745
82667,10536.203716475844
87953,11545.072233862627
79188,30245.8368
84962,11001.211066666667
88377,12670.916428571429
85942,12185.377833710587
88278,13783.435541520683
77743,18197.943667943506
98341,10242.180991298119
101197,4798.95794008658
102838,13312.286980726776
86885,6948.976933782817
87648,14127.610220868019
78995,16072.488
81374,21667.6600456044
83829,10809.632201587301
86073,14547.603537994573
82848,10854.496506487025
101727,16046.188057009282
89929,8618.725794434566
108534,12063.126333333334
80592,26130.73718508426
96292,13369.477838358374
102569,11493.180132957617
84692,16188.999095088055
84531,8086.087910073523
100173,7800.138214758286
90263,13238.88983623415
88489,11348.276300655049
83941,21199.769105401683
96621,11682.01532857143
88427,12056.346
86625,9963.75152257215
82798,14531.316617163955
86084,6684.34
93058,25382.05560952381
98527,10024.602797548381
99786,12299.514286096877
84132,10163.09983152997
101160,8464.187692307692
80396,33999.676
88132,17324.700332926874
82835,15899.799666666668
82959,12335.993377940411
97225,17357.292
85463,16992.242040755256
96733,8842.160914285716
91820,12885.697001923796
105870,23395.28017111451
83255,15768.352872470681
78899,18530.81819047619
99812,11616.72877407704
85798,11592.539990914789
85452,11481.447744833431
84706,18096.95954577301
104289,20666.175915874715
94785,15892.216706666664
96707,10582.842866713514
92847,29117.704729798505
96054,13480.848350507244
77986,58943.65866666667
103435,7813.013683285299
97008,12237.194634005355
81650,31598.434816175253
76920,22718.741502121644
100479,13526.817733333333
78120,11557.6
84761,5159.617936507937
95062,26184.787066670495
83102,6223.202010138626
103872,7913.590379993293
103816,9181.029333333332
85672,8964.794124317841
102125,12678.456
86928,19266.53073014098
82814,14956.691491165438
93167,25836.258403974633
97674,9321.856736776557
107400,29261.0205
92669,14244.966
78046,24540.892
85703,15433.154585110833
104265,16771.232
107786,12741.448204207883
83707,17381.69862004437
76858,22684.418422909483
94147,20109.20491988133
87307,18068.11968900334
90594,22225.625206909524
91305,31258.065407973343
83302,9723.015714285715
86173,16987.649674435794
95811,19997.125058328307
79868,15711.372970234012
105265,14533.394773346141
107009,9425.006705555556
107281,17911.081990289447
98848,11890.5
84222,12038.22
98808,22120.29668573956
94002,33171.4848522969
83985,17395.922253968252
107772,13643.123771541503
86564,11850.77704743604
105241,16045.270094857302
101060,9827.158367156846
104362,24240.26391269841
77441,13347.244
92827,27594.769449757474
86523,16453.601913213915
78695,33260.48928229269
81392,21817.25938992583
104823,24546.691226526455
93521,28116.280305263157
107098,16451.774726424755
106011,26885.535404349182
97032,6008.890188792689
88646,10331.066828632072
82014,26962.210958816635
88034,12589.384411506155
90561,15001.182002158843
107888,12703.574527423998
106249,12859.378184586214
94608,22689.31904761905
78134,18150.457064285714
92898,36138.868
97031,9708.31524306317
85220,14332.887333333332
104973,19001.90794336044
104081,9946.681199700235
89865,6170.2527679803725
91706,9271.359333333334
86089,15455.566170137898
98736,14782.863887960873
83238,10014.039714285715
104237,30078.2294867757
106990,8877.028
93432,28656.176166666668
85280,16904.960043358184
79909,15933.96924461007
87698,13159.068285281382
106059,21618.236327472525
91016,17593.019317474387
80180,21500.895048365866
90006,11652.581518614717
78122,23087.625047619043
99672,7511.054029907965
102297,10790.38
76047,11280.256
106296,14615.784633529505
79989,32097.60718227863
100843,7288.973628775204
89014,19742.48
90568,21195.522359533967
79905,18871.444
90643,15922.596
100729,9640.835942626609
97084,10094.276
100984,12653.154782722855
91475,23388.16840060505
105531,15060.008411746181
78482,12140.565333333332
83254,17208.261905665353
85217,11161.408
102974,12377.159473901165
80040,23385.104546341463
96077,13919.330139112995
89073,9414.675241025641
79118,22480.186666666672
107565,10700.614647470564
93486,18971.516952380953
84670,18251.96582677536
81104,16587.253
97867,17994.395549575293
92897,15690.515162977867
96592,15433.349392663567
97864,13016.864714285715
83369,8492.121558441559
100471,11792.848455805713
87533,10747.287207186298
93111,18512.400766343475
99979,12607.527250965932
103340,15564.39
104434,19153.164928119524
78515,19972.673629665565
82046,48721.15170637191
100572,12006.572281176797
96382,13948.030737733056
97575,9688.740611745245
76210,26524.744491517326
96628,14194.755529262551
98232,9757.185247619047
92457,27689.448
103665,13716.452868390495
107838,16695.43709879274
81165,19058.7265975605
97719,26673.930666666663
80739,17667.886495128016
77593,13000.12
84766,12906.263510888644
97274,13257.53341072654
77281,9891.915
90347,5976.804933333334
77555,17952.845758603147
103246,10516.765213317523
78404,24166.804145509377
107745,23136.505707708977
77017,12999.896
107995,17063.311498245617
80982,23656.55970909091
93844,57899.20228571428
83606,13601.145820688567
86904,12147.5995937667
102616,12644.013095210214
81768,32990.82148273161
81464,14659.775398003665
103309,8109.202375637741
92975,26552.20674231202
96156,14673.600182456143
87770,11250.803349443031
99632,18809.010125541125
89924,7556.588288961278
77573,21771.357439466316
102968,14524.765579545456
77822,19850.437429590016
77725,9989.536003418803
100787,8889.615525974026
78013,37904.50104347827
94440,23519.203149180412
83938,24259.62327738782
81204,20605.453833333333
76519,35802.548
82172,32303.582462680202
103592,6045.547234753482
102003,7251.21736759271
104259,17457.35513690531
81120,17302.73476287008
106207,10519.064114906832
86710,8204.914892517028
94024,58033.46341139362
88164,11584.793450799667
86667,13170.60501621386
98371,13616.796
102344,17995.651479653683
83142,16434.238761904762
92532,26145.96915789474
98345,7025.211172506942
94565,16709.249043345626
106223,13483.324
104831,28794.671486940948
96144,8105.260566038332
106634,13329.74961904762
90623,10259.744
91275,25207.077162057638
91547,17146.82794882352
86390,10312.812045245084
101986,7272.690160278053
102994,7252.810872727272
85291,10890.02746255981
97430,13135.787969238607
106209,17774.571002425255
94798,37205.128
104565,7504.066424054022
93679,16578.348
93960,30803.807760467284
90063,6293.356431168152
80038,32598.4460528665
106513,10307.192
77267,24156.33585826468
91539,30268.10695020579
77973,38563.856
95999,11552.608830659537
78036,22698.378880052343
106191,10602.540340106952
77480,11790.870177427638
82656,8850.627750894015
93916,16023.543753547561
95975,17942.024060317464
81550,14516.178585839582
103221,12118.639060576046
84062,11146.652666666669
81584,14254.56649847981
99564,14103.188285138449
100276,11578.4641
81308,17045.915681483755
85519,11597.7646
80114,17659.99577142857
83911,14320.061345454544
101879,10523.700416450216
106626,10699.19569708913
89009,11359.864
81989,28151.13653333333
88197,10404.370362962964
93592,26712.476317723584
103290,11723.481649351786
96988,7464.418891978003
106777,22159.140434439367
88922,27453.836942857142
78224,16525.612264285715
79643,55372.845
100066,9591.439538461538
99132,7405.974275660074
100610,7260.998914760023
89409,13162.408066666667
105675,20377.929119047618
93304,25745.23407798483
87662,10137.299544515938
99433,7475.529329042873
100011,11450.474979439487
95327,27548.099904462113
90169,14519.099075087137
103978,11396.767734617135
95238,26616.8704
96242,12651.301264256008
107917,12227.184
92639,18973.616078747105
88936,19329.496
102923,12783.369121212121
87883,14623.425976966186
82670,17808.827276190474
104229,27853.474392336506
82031,22664.22251668646
94197,23621.924
93921,21676.899027603333
96030,31651.66412820043
106335,5708.352132294218
80671,15573.023211267606
86723,26221.8126
79293,29125.489619144602
97549,17591.324
91837,18125.588
86437,18477.438733650793
107577,23192.238222913344
88419,10200.125813705685
80746,47904.40371637765
82548,17409.641905665354
102711,10162.19371735148
80682,20801.766907677655
93204,34447.61280542791
99582,17676.799519914923
93195,33959.812
89626,25180.72095238095
84713,3009.796
103182,14610.168
96954,24525.05796196201
81758,20678.281511252804
91938,17771.418666666665
92961,14215.672
89533,21235.87117678208
86243,13497.586509535648
104482,21437.11380952381
83198,10815.2315
78284,11681.876
101133,14331.763945773526
94339,23992.08490476192
88631,9566.373222222222
84364,14663.269854946297
104341,16248.08235950234
84650,9160.653262518106
91140,28125.60599924812
88889,14018.986133333336
98085,9737.753956750907
78796,15940.192
80524,26130.82970897436
81309,7826.190063492062
87410,12879.536372213212
96810,1629.752
89982,16983.689383702567
87326,10442.699555555557
79722,15318.088979304674
86367,11632.058012823822
105368,23507.29423291411
92505,30636.264
103000,13015.420509266456
85052,11467.385352749907
76497,49812.43066835152
105312,20645.501330856423
89705,13392.77918
104999,25070.9339103761
107876,27647.476070135603
76095,20583.48738421504
96723,18556.103378028885
91593,29283.31174369729
85772,20853.694958225107
107199,9660.91347221406
78256,51033.276393829496
78275,29918.87849963801
87582,22329.711709090912
104231,11766.39
90265,9236.536
81793,17543.836890258597
90526,14996.193511588675
99086,8055.373753966798
92743,17901.708
95412,11472.645558730157
91146,27340.087756862744
95923,20155.2345
76021,19382.512
92858,14574.927734406438
90984,32724.317216073712
79158,17533.228
90318,14696.65210430576
91747,19342.460095238093
96641,9251.72673623786
76202,16349.284952380953
101040,12924.525904005352
78797,28391.322180199135
84745,16454.349490845772
76942,12768.724
78980,29101.122561038963
96662,14376.912511791788
107813,27744.83830627752
93431,24706.796
86915,13115.650161069185
105102,29229.379781221473
104447,19158.077295017785
83183,13113.23516150626
78917,14380.332
99336,7258.7513867987955
86883,10928.784707359306
104155,14023.056111453046
89989,16263.401583345463
80406,28431.096
103151,12469.015033914535
101077,12785.942220192976
80134,23622.097
79090,27146.568966414405
93482,59051.116
87205,16813.181688425608
81295,42783.8305587878
89726,9202.403477776672
107842,7838.134
100351,10273.171185185187
78392,22595.956
106503,13312.167728571429
103982,8696.1649
89276,7995.976
83143,11166.64
106521,23077.53654619883
100841,8697.239569819936
76990,10327.36
108466,18285.540776171183
94285,19844.06113679347
76323,20456.99115789474
90868,26175.778273859476
100631,10770.551083793387
76196,11044.8571
98387,18822.691361111112
107494,8599.954212299466
107439,13501.063966666667
101458,16837.773921905966
78473,14856.624
107016,14391.462130924494
102109,10147.800895151724
76537,11208.913333333332
106523,16201.87035897436
86340,11113.243164965217
102486,14836.77247803679
98993,20592.95500166339
79358,9940.157870370369
79906,9669.864701732084
83932,7540.883435713455
95064,6997.184
108339,18482.317951629833
90489,13596.184
107984,23379.42084952506
108096,26266.02916029368
98313,7517.062432742955
79508,16545.06335221764
94289,25319.592893337653
104393,14182.205526856904
108220,9983.027669591107
104795,14762.363004915303
93178,17995.99052448003
106079,41301.3699059829
89584,7355.801155017778
102435,7155.314725209019
91967,47885.66648085263
107618,20281.124
86862,6151.446614185527
87991,10752.565875
83618,19780.103666666666
90089,11638.039035971757
90681,15101.562873303594
85562,12103.79237379504
102934,9739.142701281793
78806,28662.947018112725
104615,24960.382957640017
101221,8824.482333333332
107067,29749.022487814742
101807,16199.202925834627
85952,15994.50027900313
99387,40556.75733333333
106135,10484.93302857143
90522,13448.415923925366
80068,29179.51389904378
95046,38277.856
93546,27067.080596750486
97202,24001.667542609623
97567,8338.948
79963,22573.71215110592
84033,16866.911807767112
86538,12572.58
104104,31385.892981859975
98033,6022.355110516934
91989,27779.22266666667
102114,15368.145323809526
102507,8125.510010633211
104663,14590.992077788878
90772,7042.555186064573
102250,7421.894692332153
78758,14819.704
101421,10462.96
86744,12002.525243933058
98916,8397.515830957398
86659,21788.104952380952
79853,29273.250545454546
102463,8617.710830629445
103827,11563.873146014592
106662,21170.722782209665
97291,9317.570846153845
108516,9711.807802189092
101211,10389.141596563531
94947,19400.396943135336
87948,14544.638666666666
83719,20126.077400388232
105186,9950.36151646859
97592,20830.423999500497
79918,38412.6618744113
78137,10872.279918774704
78859,10897.543458787879
86082,11160.815217391304
96316,11430.890943969463
80327,8041.096
81639,9513.48091014345
76145,25930.200263338225
76612,28271.641727951544
99606,19225.805613247863
101120,8476.242151855837
98540,6426.000330149464
99667,6699.122300140822
81038,22645.09532507624
77521,17091.511826086084
83408,7219.046894187278
86905,10118.572
85997,8574.652088455698
77009,18429.3989100007
103958,10237.785666031747
90392,8007.93004272165
94800,12409.27052709095
84391,5880.220914800666
94843,22748.26145808204
85555,16281.417865010353
101453,7735.956244340156
86686,9449.243422686404
101665,8715.228
101044,5345.696
84230,8491.520393504512
88440,12238.345485030526
103253,7143.8147333333345
102847,12320.718453900665
94381,45067.280578947364
94229,26816.293733333332
76327,34601.3096781103
97717,22042.547654381375
101291,12476.066612942197
81877,14918.183450717625
88927,6130.054168567978
77137,29390.837155690242
105325,8255.18240002445
79368,65449.556
90769,15684.113712830555
101376,14563.352053701372
88733,12535.988130701075
104519,17351.425884008546
79100,11761.38
85667,10065.448202941032
91111,31083.794262313622
84474,17366.309188079347
102166,7191.707360710406
96711,16921.169241971293
103102,8408.576666666668
102519,2519.206
92508,17901.058769230767
79560,26332.779870836515
79530,17521.277777777777
103272,7298.408858946752
86935,8972.404689503841
88977,17924.856393493614
92681,13569.447237302697
91978,14586.776
81144,23958.39460977597
98005,13129.904782182815
82716,10662.486487221706
83371,7657.311103946442
95566,19663.083971426757
87240,10658.718123209737
105593,16988.031246823826
85457,11217.100193236716
89803,10461.775135636559
107934,6114.6913047619055
94736,35919.34602518684
92865,17820.43321242029
89863,14356.444245320934
101109,10844.380783281737
100755,7558.918657798714
99015,20074.19985732786
98439,9550.529664150039
84150,9787.270029268251
87593,14089.811898805487
83830,7577.753898023714
96778,13237.292267089004
93458,38704.32532380952
103141,9319.85971661156
78576,20148.777197286694
84582,7980.398124223326
84034,11118.14623660101
79223,28190.870701298707
88574,15936.069850902873
95914,18899.372403234967
91830,24077.85540885028
76682,21587.64350823789
76091,22861.658517994656
86187,3931.036
80571,20623.66379170654
78015,20656.256
83392,14440.19
82103,13791.023142857144
93859,21103.1632
76290,7952.264
86539,5156.699058275058
81288,18206.358868848598
103599,9416.505414428424
90430,8876.500774252874
89392,14090.43509536694
98963,2216.68
88846,12920.274281035196
90966,44501.44488888889
97360,8667.442952380952
82496,9999.02069482218
96630,16865.737408360266
81712,16967.73802599886
105871,15821.75691677724
90926,15251.376696950709
81443,16880.788
98173,16292.488028017216
90309,5609.773580952382
92444,19519.979278305946
80136,20461.20634045629
95739,16616.596
89153,20564.339569356842
76376,14321.029103607503
80884,15286.632984190523
87395,17104.240850976414
85338,3566.904
103345,10485.067826658254
82351,12059.127413784463
94598,43781.647047619044
103500,10435.995921651529
90717,7462.701582828985
79512,16774.469694692678
82283,20280.09
85192,5473.898988383838
81490,15271.59325611812
94793,21969.678874583937
97046,17180.272
78567,29829.716
106928,12226.427054567172
102478,7981.791360921349
99213,8169.828
101949,6387.344347452548
102151,6466.672197787973
82627,10983.60262528002
90239,7026.67105360693
91840,22992.42135421867
93782,43582.7659122807
97384,11958.625436264398
108322,16628.068
97638,7892.650301805603
101508,18810.6432
77475,28800.71110106183
106194,43823.67251510989
76651,19300.888314285716
104133,24469.54848042601
99030,8484.490137143683
81824,18247.356730054693
83167,21290.06585438487
92274,23265.10837602752
86068,10405.296
78912,16377.527317066282
88363,13191.741333333333
97410,10811.060362121438
77823,20863.14965045807
98879,12564.658361627664
77043,11278.26
93902,17635.19473056476
82757,11538.018982241798
90417,18601.07665889455
86645,17907.840277777777
105708,28684.915577803513
79365,19405.863711369733
93456,24321.352
104676,15347.476968651003
92775,23980.430101092894
103789,10518.083247695082
98176,5513.167555555556
101278,7514.522157207389
86112,16659.14139509687
90579,18588.71010952381
102615,5919.405097526129
97093,25184.42339169857
84373,8140.662899811299
97755,12616.630342243183
100097,9993.417333333333
80866,21870.908
84693,14205.574770277644
103077,5175.378133333333
93079,71318.436
97533,27241.83952803279
94217,12982.31557285721
106019,25368.840597303883
107836,14642.589113262657
84471,12902.355228809087
94600,24421.53607351677
94349,16989.1195476102
95132,25588.30121744491
104772,27765.898567765576
92560,17590.353418617615
101638,7789.097272727273
100523,6285.0897449302265
82090,10316.747967741936
95816,18649.387306917033
88689,12116.98600952507
82540,7171.12570058654
81643,15062.848562452187
104880,16208.390763889514
84922,21811.635043829156
97849,8329.564460048237
107366,12033.161777777777
89303,16290.502485906318
76547,47860.68550954413
105055,20681.91002643049
104312,9234.684958263306
106500,31725.732217366945
91096,15108.52
92671,18610.064540009702
95982,18770.141089870132
105012,10078.256861904763
108232,28410.779784198938
84668,10023.074
104903,14914.36
86487,10383.001834013605
102860,5553.368743532284
93205,11048.072
78221,19951.00437777778
91931,33189.104
81589,16653.007333333335
106873,17357.622993837296
89482,13728.394763558954
98459,11542.948224581065
97660,8902.396032837209
96409,13123.607969238607
101480,5010.2017614058805
105862,2143.828
90363,11236.530444444445
96433,10545.878415195953
76970,20791.856
96689,25384.88118552976
88899,11921.71163405099
87559,9160.525062567423
92908,27624.993238095238
105211,9440.940896688691
96729,9009.710346089934
95854,19692.971744376086
93767,14435.625884256237
90545,13547.016144753305
84005,8758.073667924667
77380,22256.508367796432
105877,10215.83292601602
104706,18237.432
89994,8528.22304240173
90227,13931.153456125548
89814,15865.123252799911
102539,6604.560634482758
87753,13855.638597382833
102038,11132.311543343652
76666,17954.752
86698,4794.170133333333
97368,9429.137841162754
79416,21158.29506060606
85147,18339.392477912574
80148,21241.608166666665
96579,13097.957964779998
89817,9778.959562210992
86431,10110.396755772674
103566,4519.0
89355,10058.6851297251
97349,6468.7155360484585
92618,23208.07126794015
98595,13690.368
87502,12306.871348411758
107954,11167.231594098974
81470,39983.084
79848,25212.241333333335
96373,11096.04168422898
79599,26708.12324808614
101454,10292.25786950448
92802,25202.276
82725,8782.090032258064
81084,35053.76837060775
90130,14089.4206074451
91985,13878.016266666666
79528,18280.76135432087
86359,12959.970187768282
95724,21339.43137561417
102527,8545.628824587755
87032,24421.662081319842
78499,10467.464
107980,29928.42976535807
91005,79132.532
100196,19049.25253626374
102797,6893.916726504805
77141,18482.63019047619
92109,46252.26508364184
96501,20743.928
83865,10610.2967176274
79122,31774.688625250772
87979,17449.438127525314
93237,33814.14038095238
99104,12982.632
95095,18411.608
89412,10713.200466666667
77440,15379.372
84127,6750.692
103842,14541.865028571428
89806,8934.916
98894,7690.444465686349
88126,9124.034
92809,18024.724688888888
106076,14213.430647619049
80110,25961.12752773157
95396,17929.928208888043
103003,11629.10885971686
80123,25048.853345054948
82441,11885.643593387811
89990,18786.03541700839
92936,20832.6529731745
82544,9425.581590537242
91339,78393.344
103929,9451.077
102389,13024.437440514599
91128,24948.64728517506
89752,7402.095516134744
76840,5329.688
96514,11255.908124542126
98706,18239.053855958206
107602,9702.7309
103844,10887.388
76375,20974.87451074531
80401,14898.04797095744
79030,22741.66
105766,10252.619998025213
83033,20544.695820712623
92521,13993.111666666666
90836,9237.204
99168,9202.689834920635
86363,11712.397987597897
87320,16051.01917323159
88185,9213.481607031856
79290,19684.0995
88091,6802.555166819715
83838,6489.749485368383
88099,7821.3448
82824,10732.194149529558
94204,9820.48676250712
107723,10852.02
93691,22875.553683245547
99317,21562.63983333333
107105,14961.748722571265
106351,19912.31107781465
82970,15970.314447363757
107261,7646.210906766373
76679,32232.438191737692
79464,16346.452030952194
91312,25553.778
80546,28316.46881676658
89220,9273.06442884367
91796,28301.996
106360,29192.26224982246
83027,16813.64298603223
81553,17684.56362257871
79124,17956.9811816979
82590,9431.418328358208
107515,17750.442229897635
87964,5611.523012752545
79995,16136.422423702968
101022,10198.934733333333
78580,28183.239946815214
97644,6897.641194939591
87603,19064.49618189528
85091,19030.54404347826
85155,15261.253666666667
78402,11242.137666666666
92603,30272.568459106875
79788,16941.934666666664
107769,21446.751128411404
105117,11051.732358543419
94619,47576.538666666675
76808,23122.350384615384
89229,18196.244062656642
102592,17439.344551785813
84597,7595.526483286648
77146,30173.637627868407
98794,8350.017086145666
100453,7152.553723809524
84075,14190.18456476506
92090,28135.038122965812
97646,15656.447809934565
84071,11046.45268013417
80924,29175.20791430113
91167,27784.658166666664
92607,18467.65695157248
99654,12641.189191742586
108195,6717.456336605665
95150,29798.789151175075
99921,3954.8845714285712
83768,22604.752
106095,11715.204333333331
79380,30431.485488276165
106671,39098.5852
91757,35504.0744
84936,17849.043942028984
77970,21596.371497042277
103327,7834.607157894737
102169,9729.33138315314
103207,12357.050746520146
81602,8910.981544615384
79975,35551.18311111111
102385,17477.704
80726,26520.532466200937
106953,16425.076320592365
92929,21184.952075073033
96553,17480.123886215606
79654,10165.489433840503
95376,19438.195932750838
96667,17628.42772394282
83421,10333.758462267522
107579,17485.26985474809
89108,19352.252444444446
79958,27935.969804024942
101980,9191.528175186448
85178,11361.684903322133
100898,10383.994
94926,10355.818575504494
104484,12494.0828
80250,35902.36780399838
79639,50627.478563249184
84385,10032.454786498525
98249,15382.39590910581
94803,50589.29010051635
99178,10085.1483059419
99706,22585.995974358975
82493,10229.343494677869
105868,15522.19199223961
98807,9378.432
95529,41466.516
93580,25836.258403974633
91437,37460.058244075306
87804,6156.41691797235
92901,19144.577255966175
77177,35749.22644347826
78856,17007.668
84586,1976.248
85230,8994.87
83215,11562.356
78610,20857.916
100081,7853.920740817512
105716,14402.812218523644
95022,14990.237758633673
94225,9076.904
106371,9301.05397285068
76850,26503.98
108514,23194.525638954146
80352,47098.28444444445
87930,17939.40831434937
103564,12740.462385986804
79881,45991.748055569755
86736,13192.778697861582
83661,18975.847431746028
98853,21597.935787250062
107158,22426.15066666667
96809,12321.577842033785
84048,15718.646333333334
90608,11082.028
89134,16572.33287895382
99321,9848.030457142855
82452,25149.599728805217
80684,28014.044787358747
99699,11041.065582851192
88449,8637.362086488869
76962,20294.10009751967
105626,16491.12699764334
78655,29501.444374720653
97115,5886.454132681061
94865,15278.094655387195
85675,17536.334147912323
96671,12063.717357575759
93365,22922.008
105188,16688.68015746032
97713,14456.004405104435
98996,8861.064
98329,5757.655421243201
96091,10601.791663992868
101010,10682.048
87169,17712.867942028985
83760,14030.774696664786
98511,17179.176
94233,51278.76983009554
92072,15869.62
79796,19027.900039536242
97619,30951.146300771015
84419,10305.24337665733
101015,12594.752
81132,29792.764
105597,10576.344823823203
99139,12781.450224138305
93116,17944.10000158328
97838,13649.772781818181
76627,19715.468
81785,15863.939292507694
97645,12581.725044444443
78865,20667.864
92152,32045.38666666667
106432,26367.403321503934
81609,25154.468143747796
85585,19542.433492974567
79017,11724.427328191246
105666,9751.994042364533
97664,26572.08802851024
84418,14311.159333333331
102163,9033.216698412698
99675,6678.1570797279255
82132,28209.236602639
89488,11073.164155300581
95516,14374.142635588973
88542,8279.301779892869
81995,16371.306
81065,16108.993601626016
89542,8001.50626008557
87184,24310.95902378771
87194,19031.575277777774
101981,7832.269121212121
105620,9162.684
99094,24582.191441316678
101950,12316.197908751114
93488,32925.52161904761
79632,21379.502714962477
79299,16633.268
85438,11532.283099947574
91006,56648.984
78636,10289.512125
98590,12883.305249726023
97735,14077.38158276766
103694,16068.438359476775
97890,12318.580285714286
87646,5883.553154046387
107953,31678.698941176473
103882,7859.049174391938
77900,21658.138765236377
101991,13164.198600689642
90105,6289.395728462538
106516,14801.068
108415,9038.644
78853,10688.252
98196,10272.449085714285
95738,31210.996
89535,22726.112713420112
85467,12092.624419047619
100920,7727.392
97314,9970.687847856136
103461,12865.73457037091
104907,11674.178895238096
92168,19157.70391439603
98077,11012.15023051518
80593,58467.060666666664
76915,13433.268
106919,26995.695642857143
95592,30368.982877192982
105772,8977.053360401002
95614,13326.360522499013
92550,11740.544
92495,27792.32092427546
84341,12537.3992
84600,20370.395073337113
92665,16326.63505336582
93922,14659.151730897433
88129,9013.979825396824
82700,13624.497040535962
94492,15612.204
100974,12351.199288888889
106554,10510.204
107785,19646.16316147169
107443,11008.557253236033
105470,8691.929863585472
99750,18581.732223988016
94633,21092.46002252139
99429,7370.88271088955
88790,15840.1
104180,30588.764
104589,30670.910483431784
106704,22594.58152296687
78596,18206.6564
102083,7014.744
84507,17903.766552073896
94274,26292.15266666667
92588,13986.564706432748
84344,11665.099438638876
99818,32891.60549332197
76710,25392.85792690348
107923,13720.36231112399
100470,5695.916
102211,18874.181333333338
90030,5535.235981980202
90852,16055.686759365799
90222,10438.350172384098
105952,12274.479230769231
100876,13529.032752557649
98062,12802.724
100478,16074.0134206642
85486,9877.667460919538
98292,7454.513093182348
86160,12410.18
82468,21447.253459673662
76728,15486.76
97277,20443.957242424247
107553,15497.684398195197
100325,9337.631146399388
91775,34078.432
104326,32717.509632937676
102909,11015.716397890003
82173,28854.82426401059
96281,9322.260810624499
92426,15829.510487510272
97724,9109.006398444693
84057,5573.514252415458
91020,12000.858626841336
100095,16146.612895700035
81655,18223.092
107220,9479.895277777778
91626,31919.89194072704
108469,21116.455507270508
94037,32552.716
83530,5861.411952380952
84542,11442.142088785507
85634,11439.260180532008
91707,47993.44058147086
81934,10253.148523809523
94960,8391.28140873016
105778,20870.496582249903
83841,8569.16539047619
77242,31391.07145961712
104694,9438.437473762011
89706,21627.46232572086
88670,12832.579947093142
102492,6255.352
82971,12479.801591356849
87256,9138.297333333334
84642,17131.033788018292
107437,25051.865699690596
94640,15164.674826846382
96089,12845.573333333334
85018,28103.88673326193
106576,23300.473057427036
104158,10017.128533333333
98002,9450.577577777778
108045,30323.785422211335
105890,10280.715622524816
103298,8119.940763547556
98977,31759.229881214138
100431,15365.640987907213
81100,15168.65391644243
85300,19490.00670445331
77518,18600.156
76712,16946.7669648588
87545,9239.488995024874
86848,15368.175522113135
77647,26974.825568222943
92094,23352.67143366595
78540,7972.546
82957,18011.626
82768,8267.595614010848
95875,14669.05649826233
80705,25827.881760960587
76746,40629.02306666666
93222,18020.50358040028
84494,11145.394727272727
97557,11382.536194717564
104969,19937.629731863173
92998,11852.44715151515
75991,16200.656848390436
78217,18762.799780823043
79176,41020.665586065785
83261,10113.761563652328
81177,25926.424
89681,9895.935215686275
96968,13500.320657834738
82896,9759.463716057051
108357,17492.670386029546
103421,10674.79437065946
87971,12112.948
87170,23059.366334910803
89941,24324.846018797365
104046,22716.15466666667
88894,12926.385597102339
82638,9974.294478605887
79213,16067.543400856051
92902,20403.259714285716
79282,15696.852
86331,12256.516
76336,30570.13684504428
96080,10830.972
86990,17914.331689918745
87762,6272.767061804181
80699,22169.976242424244
84711,9917.524230318993
95297,21687.00802136576
92828,17342.538269018656
77614,21586.187193631908
106565,12629.578725707217
96874,7234.054464325869
77145,16055.653657316807
80473,22317.52
89438,16667.386442689956
98442,21756.30981654135
106213,19650.7
101442,12893.822083793024
79337,25421.04942857143
106021,34523.998666666674
88638,7508.715552206218
77383,11581.553066666664
88452,20371.109208480048
104464,12832.729146017125
82639,11280.609737215518
87305,11958.137682638631
93172,26620.9544
98857,27768.49656409107
90873,19630.154862635492
99679,7860.87804469598
78104,18224.64534679099
77770,17442.832
91351,10171.32
83700,11975.70967470356
80548,25621.188
81163,17630.128
84140,18895.254586842573
95479,21260.336294350385
91705,28583.056
97722,17004.21942857143
88383,10832.396
96632,9719.163390014935
76496,12675.598218181818
79062,31155.92391539667
103519,7636.391831373333
87592,8293.857938461537
97668,19772.936396380268
77969,8892.643333333332
97610,30242.371411894997
93889,22039.49632142857
87792,8063.12425
95078,20214.93056754748
87575,15073.156825979382
78804,12800.646395655805
84242,10356.025124497899
83462,10531.725949335467
102260,10640.230736450889
102635,17030.422547619048
104460,16565.619536657476
100463,10103.163240855285
77272,20454.489827064055
82246,15744.471520681347
81472,10763.48676109838
82420,14967.9239336478
91586,25836.258403974633
91099,20932.311985599063
103536,11105.9516
105169,13384.87124811371
93837,24342.82
93958,18616.397713746468
86124,8487.32
97448,8404.830284970381
83040,7855.539185998976
104713,19523.88981853013
101549,10653.642440267984
96018,9979.837216788283
91089,30536.624
105130,16050.206048216009
84720,9791.553338144357
97182,11238.98801482601
81653,2718.4
87522,12001.9492
92754,15124.753488675073
77510,9848.94
94863,17598.80784652199
108414,12351.569188883639
102393,10527.03458117912
81528,20864.852954294973
78983,30028.422390271182
98051,15776.514381983656
93080,19813.387133333334
92657,16613.511844835437
108070,16931.247597317168
96990,22408.990984331856
83301,16234.139888888889
88459,15197.260409563289
80158,21752.76268421391
106913,28155.095836205735
91119,17084.7889972196
85522,8664.554462245767
87469,9124.034
89620,16501.015398387764
106903,5202.263941599282
104183,12845.602792796244
107015,17880.308
89120,10867.1849496732
80555,31342.720269363024
107037,41445.3699059829
83340,16348.991443410854
86654,12060.460464646465
76116,18535.128
108208,11118.347166860536
99790,12191.264
100950,7877.760088076142
105495,15876.415078338245
85317,13158.366395918256
90114,21650.553839519092
99322,19939.12536995495
77185,22794.217360349223
99412,12510.191761904764
100021,4999.447674413976
106020,12344.226974107129
85234,18066.084740821072
90059,28681.115083354773
106902,10271.36216682855
106871,14331.416
97784,20859.87485714286
96140,26635.88340025559
103840,11586.19667813058
99573,9417.831488753525
81967,17119.55309902017
96124,7395.777142857142
80245,27411.629015302868
90896,32415.164
100257,6514.8294736295875
76759,26083.753991255104
87022,13669.678887218046
90758,15084.517224935655
94073,20405.277793126774
104837,12901.885237139471
103025,9758.994
91765,25674.084577103502
88352,14800.523484690717
83826,15956.571665137486
106648,17283.776526571273
102967,12468.716
88989,9964.062469238384
90846,15328.98546541504
90232,11698.129947815456
95262,18690.14444560134
80599,8315.458555555557
93353,20049.3585
100230,9545.503
104516,13004.187564092768
76127,16772.795695238096
99603,9524.096947826089
87441,3157.632
98607,6873.148965809273
101385,12165.771100129308
84028,13983.83743278177
99900,11183.414737150511
97880,33579.33064799308
103005,9901.771914285715
99862,6991.752597805886
84899,7238.818606513927
76129,27584.938558730155
107674,39448.69911111111
79058,23511.131449124492
103161,14254.47396109344
77525,21898.479516627693
89366,14249.433437426787
76529,20214.792
78121,52357.424000000006
87960,8496.133932311766
76468,10375.51924803519
104029,18331.516
78294,34589.016
93269,48216.94323144638
76124,17329.42386231884
107551,18427.29739396507
103953,11772.296
103212,9767.058666666668
77337,24305.16314285714
94095,18164.7357757588
95358,22037.123842428166
94772,24355.93247431345
99318,10550.38978095238
96569,19575.573976425916
91669,18931.791551175847
95240,19937.22480392247
79693,27580.872
83100,11028.763813114047
85506,20122.591344895365
93245,20224.888
81444,15337.09639191722
95558,18413.847634709426
105709,16983.73143702343
80796,21877.308
97061,1976.46
91452,20611.928
88626,15321.441515049693
92700,36480.43505523809
80109,16129.701326681688
103649,11801.705180790843
95545,16817.928980392157
96879,19579.964
94580,10691.272449051025
88361,10978.663712434029
78094,24698.872
82831,18314.718286052033
76965,40798.028
89246,22345.0592
91844,24283.028
92122,19426.760864582546
98944,11409.898611060644
101088,8698.21849509019
107119,9650.273388405796
91603,25475.68
83339,15079.71
105408,19554.475055830822
97091,10534.285904398123
93822,16806.064650996843
96950,12472.925178246163
106461,12366.071845659835
79538,30716.098631328678
81813,26428.248
92640,26965.86468213328
107376,22363.486785433062
88834,13699.608502637298
98532,13700.570754102448
94957,20261.218087331024
84884,13511.933866666664
80124,25703.36858128801
92048,31490.255368811602
90244,7581.487607212843
90103,6075.182538289965
108009,4768.1387047619055
96435,6656.45324957111
89475,14207.914928197788
86286,8970.442545454547
100193,8923.6
99733,9885.117850928687
100561,13504.02334325915
98626,7749.217589188932
89177,9802.442596145884
80294,12159.501333333332
79134,28374.07332450171
78603,28038.711125564972
108528,15595.202595552986
79147,21463.94264410296
78538,4625.828
105042,20302.95052024708
93560,18793.551317230576
107122,11994.526235897436
107336,12304.788
105831,17013.35040452194
92973,21025.819488245397
79087,14450.388
86806,17097.86908018294
98787,10976.712
99838,11744.720933333334
105442,19056.758516479425
101659,9377.066380552076
95085,25081.561502748107
89893,9036.413959316455
100412,11571.865700081824
78433,14136.948
90887,15610.080475862604
87783,11949.182285714285
105572,11918.930741065831
84065,17668.97917312456
93714,25307.12
96148,12092.221
83771,9329.800786919795
84970,6156.244
88859,3540.54
104620,34288.106
83749,6716.152254180602
90174,8413.049034241183
93947,27159.02874385965
91462,25549.4
108075,8078.20128328582
79113,26586.944324115437
88445,13940.517866666667
81311,35675.82924248366
100633,10595.484
92904,23990.507144748542
83091,7657.624
104657,16946.308666666664
82910,21979.076
92383,19231.863057274426
93424,7515.412
79891,27950.471800766158
98961,9240.800930382808
81502,29985.092
99035,11907.98
81371,14401.024
87333,10836.381965395598
90353,4840.063885966906
93258,24035.918252564814
102053,7234.232
86713,8722.046609523808
97203,12562.608445229273
92794,20263.228
84293,14944.523227992442
91672,16337.397333333332
87085,9784.749563652327
99300,33297.98
81242,17273.035712866247
77834,45675.69966630922
86864,15358.547649573413
108332,15961.550115848608
93461,21575.7686799421
85198,41299.952
75974,20564.502158932584
78679,24124.47545654883
97060,14241.361232214884
89300,20146.0721819398
97682,21633.318
86664,6950.210292203911
85169,31323.30606676606
82930,21483.9948
104583,19446.188
107212,22613.801987301584
78128,18578.614529076967
101395,14278.512692601065
79984,15097.126588940735
106844,13810.849103448276
76507,16447.064
87935,15163.722832225716
81796,15198.544
92942,19266.57427040768
87848,11224.473157155857
88325,14462.98103343505
91296,14163.924
103415,10955.597333333331
99038,22432.23158597774
101080,7094.330119252678
102789,9891.800695056003
84656,11149.315681850752
85716,15969.125739605737
90233,8025.377620625968
91097,25313.756
104466,14841.535306558846
85061,12691.915442424246
92535,22717.538602271088
82437,13370.815583069267
104845,11806.164
99353,14119.137542350787
94273,46990.8825784892
84080,16512.651047005882
90877,15052.85333882784
77883,13366.757035410867
106394,20787.013228291315
103042,15211.33688316536
105388,15426.601640014767
93490,15674.073737845649
102852,14709.194079931745
101859,7316.8
108113,16987.209123152516
77290,34546.21279460756
80341,24219.868394100577
84286,6753.944341463415
96187,22522.896502709078
100716,9363.95066231319
99682,7114.501917037881
89827,10353.916658330883
82053,11739.917770799806
101135,9737.824
78574,28540.772
82541,17792.7403929801
94530,33070.05869904956
107277,17512.13107829143
88719,8427.119112778595
95962,28793.88278095238
89249,10667.778543282902
98786,1758.728
83968,4319.76
85115,10516.901947869677
79741,16142.812586167956
81050,26696.285725880727
106955,10330.804411106134
85572,13218.358509523807
80604,33684.232
106115,18052.356
76213,18215.304
92026,48067.483067049645
91397,18461.524329529922
105916,12324.036649473685
100938,17024.46634811166
102187,8224.62116986525
87434,12002.525243933058
99959,11101.885857357332
83438,13411.019535768077
77840,15463.44
100930,16172.110650930428
94925,19449.853515302326
78494,15701.943533333331
102418,7734.811536533205
77793,3841.032
78383,24575.661444832946
84216,20257.27105345692
82610,7660.7823117649195
97544,12458.533608605809
92549,26012.56
80538,45767.71850945854
90890,14183.956738015231
100299,9122.13352232224
89902,7429.624845839457
105561,20629.942923915947
82364,8177.033350427351
78091,11661.021333333334
86023,17936.130572332015
79752,21181.507990044982
106315,10709.70490117311
80934,19290.49560298103
78782,28432.91284601438
76471,26444.90888307957
87418,9226.296552380954
76891,29249.638372649573
102628,5316.403488172043
89363,8547.129642446444
89237,15414.493190308991
80257,26752.27353982215
102857,5995.033777277707
76201,41796.190040229885
104887,8940.189331132708
102310,6623.8362
78714,58101.74558974359
89302,9543.462315176741
87676,15971.92790566535
90321,8520.48
85244,15574.01000663283
101913,8986.192
87086,15544.126326491061
81974,26727.27639952896
98075,21434.07654541436
80870,18079.898035301307
81556,34860.44056022728
94722,32789.23150476191
83840,10040.328
100809,12612.989055271384
77101,14722.705998956702
102172,13886.128592488858
86373,18055.36
77540,16021.672
86271,13972.875090375795
77679,26897.721491093398
99807,15264.072345843875
79126,18455.896696969696
86337,13966.786420091816
87496,8501.082498441763
83272,16532.95871628002
103495,15777.472638710151
107915,26843.690171876904
82213,21270.045028153527
99461,9651.669303798319
85797,14309.530666666666
78898,13765.361109543168
86463,19207.676457971324
108138,18238.342725288312
88417,32077.76837444572
78694,47747.13442763783
99802,9402.361494517781
100250,15847.811
83482,11789.692081270388
104457,10168.011411447811
101415,8918.020268538163
101767,15556.338
108250,19059.571818905304
89772,8799.184805441782
91127,16161.337922191098
102887,10299.347333333331
90756,9803.657916806294
107554,23229.88751409897
103731,12924.609089609026
92317,15180.601573457727
86805,11393.897879540811
91722,28605.427227628767
85026,28198.93863174603
77478,16872.313764285715
82027,23872.712365079362
102742,13843.052345923616
80198,17055.83551492738
94907,22935.931630302755
106738,8790.369120424404
99797,6302.743038586217
106456,6617.686666666667
82741,6279.545465591398
79172,26947.494833458637
106696,12811.945385489944
82422,8676.230208158508
83924,11911.013415873016
90599,8503.69121171933
108095,21759.85466666666
91777,19657.01545801901
95001,16002.839723025225
80408,35689.77766666667
87330,17069.568967010775
103361,12639.893296897002
89641,10123.654933333333
90618,13967.100488923987
91679,29850.542
96844,11537.643159460038
94418,23644.122666666666
97002,17205.573114367693
79748,30587.036904616532
96355,11618.96473939394
92347,16571.408359129367
81569,15232.12305911135
106924,28862.396157612297
85270,12692.452
99622,6609.536877354049
106843,8726.404467532468
80147,15638.049225077508
102181,8454.608
84710,7790.770634701858
85189,11988.576933903452
99281,15375.48
101130,8810.628
91554,21552.072928717942
86116,13547.74621000471
106899,18401.308
84516,16059.575409168687
105422,30743.486328393956
76956,14022.152646103897
84006,8861.94244712192
81453,14063.942839776888
104850,16489.788377664107
90867,5176.522805128206
97154,15069.44984421357
102088,10322.884
96019,19007.97
100300,7271.034080585259
86459,13026.705333333333
99304,10285.29280191571
80630,19163.106210875794
82387,27403.69195179002
91359,19537.38529323308
79123,11616.584
103324,9598.0048
101086,13338.16271674414
97170,8049.346212589896
91834,9390.724846170388
85238,7287.206
81942,16110.468
90971,27281.34245823331
87864,17839.6489976654
95296,51824.036
91427,13790.152
93697,17806.18384324597
107694,25319.3152626939
77364,20568.10945875344
102144,4791.805396825397
83410,9056.176
101560,7247.43496074488
84775,10146.836121282642
103879,9550.328
103933,11271.98
76344,16081.721888164979
82119,18209.039760225136
102130,9017.950277935299
85748,8018.427094269331
93769,21283.3894903901
101775,7266.393333333333
94613,20539.381204385496
104021,27779.784870104693
98175,12975.14
98477,10281.967410645866
78185,15001.34
81576,25588.084827350423
84854,5303.161163281979
98361,12800.470648970073
81390,9590.578166666668
80911,67152.00533333333
89407,31439.524741715948
95981,25582.70874285714
79131,11585.756799019482
96624,13550.099988563623
85131,18578.957701529678
76436,13069.736
94111,16949.112
101518,7957.255628611789
76588,49054.74557777778
82353,28226.750200437586
96186,10068.745554630526
92735,16910.439457640252
87271,16588.59567574534
88968,9724.195762333211
84154,9963.387573231108
93692,29399.353656330117
89484,8915.109842325019
92547,25235.1038425936
78689,14006.249111111112
102058,8690.04520442672
102579,14430.616
105825,10070.919086330934
96154,16748.363294607116
102183,11204.182348734654
85976,8011.274317837196
98679,7305.649447957708
89612,7298.325171186162
107988,17805.0630574996
83362,13684.979217018885
94251,18191.237007439966
97018,13324.821
90329,8841.71328121111
104604,25258.786
83742,9894.83221105883
99447,9012.08276833345
82194,14756.157818181819
108351,20926.161272365014
105314,27229.79638872672
97351,11776.249356622326
105861,15291.607401924988
83010,8442.447928350506
91447,22730.726583861877
87619,9505.36
91870,18903.534234423507
86543,13051.315995541292
91484,14694.916
100659,13228.682301985147
104491,21447.799
100779,13277.444009125093
100935,10177.66820958781
82331,13471.338711111111
105140,29730.95988464417
96349,13086.292648484847
82664,19508.43909381651
104532,9407.872800000001
91854,26350.47104575163
77003,19637.41949879342
85137,6682.745
94577,31895.02874509804
85461,11352.950874056127
77550,14669.485333333334
99095,10476.79389306254
91832,16952.302169362083
85920,21340.52796073151
79766,15185.665826558266
103839,8863.24202870795
98167,15686.647215600762
96684,5178.704172727273
106982,8712.335460916443
93524,29437.811723838386
108310,15210.007991823435
106569,10587.638306642248
98088,26986.865476190476
78890,18584.940603585983
81559,18332.34274844687
105178,19569.471963341504
90578,8798.788
82299,22132.320333333337
103885,11221.580846064226
77488,12764.74
96669,24734.657139073992
78344,29624.319333333337
79405,21791.24294603175
94620,39402.992
96836,14863.432688693862
80212,11729.026411452314
95746,24959.483235251024
77363,29302.330616143405
76866,37637.272464285714
93847,23146.876
105175,31188.895940095917
90010,8677.15292202211
104429,14273.412330303032
91160,29974.054541277786
78906,14815.681571428571
106414,25767.446
86910,10148.675134307361
105882,9750.69291410125
107238,7827.9077135628095
77102,21207.767904761906
76704,12336.168
87083,17597.723801641554
79057,27967.989729782264
83270,10344.14290909091
80561,34487.0
88469,2615.516
78768,17780.69677066108
83574,10591.206587986748
76771,30481.89476740806
98589,19367.824
93091,20123.8128
108358,10429.081134502923
94601,23118.866795542195
76151,15505.584
87442,13236.24
93531,21069.678666666663
89771,16365.710163974101
85803,18932.181099445454
93147,28249.68863945729
105196,10112.057838680927
76171,28844.695283221772
90616,14091.960940862135
100032,15413.066029095928
92905,36360.384
95696,29278.40551302063
88913,12986.616367337278
101504,9746.749117748917
92241,14983.092
99822,7168.875388252713
87745,9414.202894660893
105827,19566.668
106620,9750.520723076925
93497,22313.880278571498
89250,13461.746721169591
105581,7785.83139114453
91076,13705.008
83506,5032.276341269841
100635,13119.044
91828,39094.028
76039,14154.552
80685,12126.820578732233
97571,25484.184858937195
87425,9876.49809154911
91662,19585.448
105161,21608.757327165233
81006,38380.67716666666
82888,16808.48223745133
78545,22614.40658902536
102922,10086.863518859693
96198,10009.162739898991
92979,24736.62
105623,13238.048276762383
82195,13402.338693665699
76760,15880.208
79305,20592.077833333333
107942,11656.921625974026
81981,41871.01172040922
100135,10723.295
84307,8999.374724675325
92628,25065.7887
103304,7965.976
89421,10279.023861965305
103645,11040.637241263861
77164,10003.431714285714
88451,18680.51784149881
76488,18700.724
92835,29366.612
80449,12633.324895053669
97408,19217.59133760223
99256,20245.92109298246
86205,8666.39025
101002,9757.91751111111
93390,16892.32573180184
101654,7225.796
90595,7971.373078427198
94955,24904.03491828934
93871,24153.915932533342
82164,29626.052252623103
99373,6807.088777665278
90148,20545.31239816901
83210,15115.531077777778
81726,12497.617200495904
78041,21472.0874246792
106229,8797.330023529412
84209,24447.256
92225,30868.731333333337
91878,13913.984
97878,14029.287840572268
77435,14793.64745839599
91180,18698.591675700296
100272,8066.184
94228,20192.28329685395
80549,13733.407504719438
99566,9394.821022258931
85829,9381.565756812652
102693,9971.987159894912
83322,19585.929424178048
96980,9005.589877622107
101844,10135.603793420087
80791,74688.3
107384,14402.610506256528
76193,16660.03350067945
88605,13524.201549122005
95910,34793.16429999967
101217,8243.985296412668
94833,16282.91422034646
80221,18155.909333333337
104479,7562.848025641026
94405,30682.668
93415,15011.12
82460,16682.826402246774
83009,7911.975428571429
85429,8322.596032412635
106034,8560.574
88406,10935.850198430115
81623,28853.28717634182
93605,31929.328285714284
103670,15665.447
100409,6467.012
107237,17540.13459475375
101669,10625.196523865303
78854,60460.430246512115
94034,25579.082746263222
101096,6855.816833333333
98417,8025.780345425176
76874,14395.274131868131
94954,21169.644326523834
83137,21428.92
94653,22218.31314285715
87567,16891.900090243787
78154,14082.353777777778
84461,16523.364026694173
85686,11178.650727272727
94342,17059.23044236326
101392,11860.052218621975
84192,18738.721763752976
106701,9436.11762263612
104013,20612.276
82745,8461.6928
103973,6637.681135531136
90409,14712.827836053193
90651,7912.540039815795
87413,18308.412107142864
102121,8356.612
92145,26000.674175242777
107141,7995.517079131651
83230,4577.011111111111
78553,6112.484
83939,9815.173714285715
104875,19573.145234343145
78129,33755.444495238095
80313,26534.798150081537
85535,15438.301010568131
108311,13518.431965811964
102292,17870.327220706746
89716,15947.74353948773
77046,75364.292
97611,17231.415939393937
93038,14698.644
80503,7006.86
79132,16585.90763291741
103759,10017.075903235333
78960,18816.472
97265,18793.762326054388
77855,20231.96993333333
97371,12966.175089935396
94297,14822.839599134199
95653,5407.012
95891,25274.96177322999
81947,12637.936982246234
79702,12842.61791328321
76463,28605.32821893949
98065,11710.38
77154,29625.52083418803
77348,26858.101398373296
80987,16689.172
92207,10967.068
92983,33070.05869904956
80731,9493.814822005994
86277,18760.406493737017
103051,5534.518571428572
82013,20135.982125337694
78814,49188.338826487365
80153,37242.95258888888
94618,22168.483420442073
80059,31324.428
105557,9605.770353513155
78860,19718.836
84849,10537.096591465785
96896,12421.604257564997
88244,7756.388837297136
105984,14723.896
82644,13527.480239141074
90970,28814.26968158386
98810,22654.110044370773
85184,18370.392019500145
93723,49310.4770337376
105049,10060.011551406065
88554,11711.308995748448
94996,15539.311845236001
107689,10064.352277777778
81575,44233.14037508291
106988,9759.736277777778
89894,26284.64656117216
81703,16926.9025
90718,17296.369513003912
99561,9711.568598294074
81269,36946.58
103069,6761.08189103339
88952,12726.386137559606
95295,14625.468
106589,26071.732733333334
102918,8273.049810457738
93669,31294.991804121317
86144,13290.9440000962
98336,9429.744
96891,15287.656
98576,9057.626978021979
86038,15137.603273980492
87511,15721.46863485522
83642,12945.921714285714
99964,7213.071747824107
82842,15540.273462037612
101714,10297.531717334492
99439,17998.347249910872
108487,19240.503082616982
88965,15457.951161884073
86445,6187.314501788068
85916,8238.75917777577
85616,7782.362423898325
90865,16721.523604339123
88634,11498.216707240059
108094,14587.161677975319
82654,13939.901519384179
81401,15919.389120334186
85163,17201.658046415745
97623,8720.529352591073
79759,22308.82024242424
108230,9416.62003218911
77757,29810.977313587584
83089,9147.311714285715
92851,31780.193844290432
80656,13591.725535505433
86019,10107.497207992345
100887,17535.59152577883
78011,39041.029043478266
96398,19547.70492819549
85254,9059.270239571364
95254,19968.97446166008
102320,10168.863984911668
88408,11818.334619553392
106594,5604.524685714285
83849,6105.504533339635
79313,17246.33270010823
95010,21172.78740234073
105546,15330.526622646634
81884,21185.491173861225
106088,22666.49922626319
100892,6500.85541600309
84487,16955.996842939607
78004,29000.837818181815
97446,23624.209488989476
93170,17624.01867252747
83208,18990.28855856716
88728,8999.374724675325
91300,18389.60886263556
98637,10339.276246344367
107267,14473.808773933903
89956,15354.765732793521
77052,17565.681832681137
94583,17649.709930761917
91424,22951.84769131137
104774,7673.065493133972
93699,20727.533815901705
102986,20104.9
94176,14806.32765560042
95618,19033.655456458884
81622,21381.712539546304
91273,24559.64828791996
102725,7751.193270106451
90479,9510.085553430014
79835,19183.660438095238
78909,37135.6555111111
99437,12079.00882426664
79890,20554.137710944022
77662,12532.309146666666
90320,9453.100067275098
76278,17309.703378723407
80029,15767.307988580593
95797,20385.300794791947
95356,79355.704
101962,8355.291612559004
85810,16582.75567574534
93588,13844.952
85679,7385.308184873949
78286,14299.168
105233,12366.013939468854
98613,6047.944763917796
101314,12393.645491510122
105749,19363.218876503513
106103,19816.14949294777
96678,10799.038666666667
85003,12864.104600614075
78035,29016.725222615714
82443,8557.752409523811
93373,40364.8264024024
99857,7581.278017901312
82450,8399.358156421356
96256,14834.007666666668
95924,32025.0
81425,17583.999054223306
87252,18055.36
100379,10634.240538603333
106316,8054.37978381606
85879,14301.843866666668
108334,11134.128735387487
80243,22993.035961280864
84504,10277.853009113473
106064,8200.800767822966
96443,9552.361808719737
99020,7031.777160492592
85068,9208.584369979297
105374,8841.735607095346
101946,10054.885207989755
92945,22177.749118749543
79338,30269.62093333334
95027,24168.63651329588
81488,47097.59753961944
87754,11381.928666666669
108454,19029.425936507938
91283,24039.2564744818
106232,14727.863960034676
78368,28349.89023354383
101417,18201.262647619045
81479,23491.786095238094
94527,22880.67129737118
76897,26437.477261904765
84107,9720.0
103177,10514.479673135807
88043,11336.423021637429
93710,66443.92
87679,10390.022280096253
84644,7603.188
79097,15989.919880173758
98030,22478.323802278745
95131,18420.047481704256
83593,18585.354666666663
82532,14052.78159614744
101675,11675.205739943789
85118,18739.50032753587
100813,12115.21858268222
88693,14866.902584946238
85819,18178.824
104337,12639.681570530196
102104,8980.768993853395
107526,11220.443442439431
85600,12719.77792923304
81771,19332.43626466016
98339,7783.702049337159
81855,11434.737777777778
85755,11321.844877192982
87321,7614.271242539682
101819,8627.55393134382
101569,13971.192
94538,9601.164849206349
104142,26694.63114713265
93830,24709.418691015657
82076,26959.36660383697
82721,19643.551714285713
88982,9860.424198242708
85055,9455.927626272443
101426,10689.548797312314
101136,9300.26
91939,10237.325162718871
104368,25299.077690079364
81513,11812.026072493181
76394,20395.98851111111
92054,19091.375328414906
94663,29133.820343187363
106117,3307.456
92528,25702.809381890376
79929,31296.271483017517
81579,29045.768
107328,2848.524
105031,22165.16375745028
100819,7552.487832461371
87353,17507.80338540922
77698,23476.21672294746
77157,12003.008
85947,17861.689675379945
92761,19524.70554920635
101344,7749.670514711613
76877,14689.684
95851,11972.806
84319,13579.854409642267
93218,15595.136
83770,10475.380561344538
99753,7435.193266018619
82062,23368.004933333334
78053,39056.616380952386
83901,10466.697820411673
89826,8570.156968676221
104171,10248.99744537815
83906,14134.36543431454
86819,12506.741566040999
88150,16467.254522930627
85289,7729.613287972942
100567,3079.928
105930,11719.23083036249
107244,6407.471533333333
85900,11008.200680134174
83184,10070.027845091876
97034,11575.969626155455
82506,1239.196
81182,29216.498654324427
78619,5273.292
86046,17097.137651611512
92798,16139.213438824545
86595,15897.97736135957
103854,13929.156
108504,18388.548
77451,17201.952
76665,25479.16774782609
103434,6528.58
82338,21134.175641481503
105189,2665.716
94512,20165.615364484118
97542,12048.13495757576
83343,9639.837022222222
77274,35650.576
83810,16179.987198343684
90850,14545.438580655047
79688,14321.826779048204
104038,9868.021237079374
100468,6005.675333333334
81010,18120.99417144305
80372,28129.765294904348
95979,23013.95415897966
89813,5467.876076923077
96873,13229.897057900433
87267,9735.93738095238
83327,14792.317300834644
92095,27184.431518970476
84723,7108.558042320635
101561,10096.96874356306
77409,8196.728
76480,22409.116394304372
97632,11805.295884337853
91990,29083.208298961035
98020,18646.872209076173
81375,27348.412
81903,15643.392766320836
107050,20242.356
84920,11424.932359915465
108180,21225.386646429877
94696,24978.247199999998
88215,9915.089976449359
93276,19143.009640124954
80359,14875.389413948853
88717,4414.328
99702,7692.3638994045805
86283,9582.333433566433
100037,6236.726222222222
93640,32032.723602083228
104313,11471.264666666668
84666,16303.317892739113
93000,26703.864
77512,20857.04
85094,8054.569208251395
77184,19079.668
91257,20713.816600000002
103957,7562.121628571428
78533,28121.571148401523
89080,12802.4168
98463,21692.698359649123
89002,7906.41850868687
87542,9195.314667362407
88641,16302.709331381922
97972,9041.042490221058
76363,19952.421759663866
93821,32634.73286857223
93549,16652.915280561465
86037,12367.68040187008
79563,31610.441839571547
100014,14490.224140842964
98717,17942.248166666664
87323,10307.793336325407
101054,14577.481755084678
84408,14450.276
82692,11249.474298386573
91513,42305.036692307694
92863,18277.464
90666,17906.054122226957
76919,38656.86
91549,48398.68745875925
90300,13642.196933772006
106228,13823.571
101551,10169.49942857143
105986,14533.372
78520,20928.52687126514
94130,27340.411549477387
88980,10798.03597581205
76245,20696.894154755035
96800,10603.280275823008
79591,29876.715253333336
94738,24712.713143550918
103275,11047.446622728708
82981,10634.003007992345
102017,10911.757314285713
85242,8033.950301235591
106488,13071.079200000002
80606,16346.145333333334
100861,11041.33810103397
93103,17203.224
83680,18157.563644444446
95926,22641.446058727994
84955,9981.97613384
102279,10521.521
90285,14444.991059963639
86735,16296.198693196577
89918,6491.271681895882
100914,8039.509527286413
90315,8544.7545
98805,9358.364998082163
81572,40099.928
85263,5813.076632552352
91962,11823.148431807442
86328,19822.01708590984
79610,25195.728
96570,2679.152
100929,6866.930078537556
107784,21581.244
94269,14756.616708302714
105574,23741.505932949163
76572,13892.114
96249,18066.63474815869
97897,13484.579198054907
77625,17310.594285714284
102369,14502.121628571429
84079,14281.01431996897
77866,15833.705056273193
83806,13073.493714285714
107540,20990.168
103244,16182.64
98859,19755.963333333337
96719,17915.072
76235,47288.443436536596
76348,7339.712
94323,46191.464885191475
96314,13514.542783781295
77439,14701.8992
88588,13049.191049429111
89516,14128.444269320365
92199,14714.188593069348
81669,27615.564962600074
93600,26754.738439685698
105605,9534.85674196187
102501,10188.939205151251
105250,21741.582137174173
103132,15508.824
76914,31981.184
103063,8310.984952380952
85636,20094.751
95703,25298.11125
95014,14012.83275
91855,28803.92
89326,16505.51474896196
86878,15793.54
94159,25739.462666666666
98939,18845.550220308414
106603,31743.46943959561
97683,13651.895906626707
105057,14575.596988374693
82551,8012.540306136024
95156,16076.435896825398
96663,11290.202422525703
103966,16024.54
103721,8929.573530091471
104581,9573.686012899898
99601,24009.090484848486
76271,11674.471058523246
106578,11743.64610025969
105436,7301.142237275565
96180,13672.292697318006
93214,20285.799797610525
83950,10287.992591868251
87436,7830.463893215286
78008,36176.702666666664
96396,6664.345453406105
86423,17288.276
97519,19081.414921742013
86137,16727.718205074365
94515,15991.682040893638
86264,8941.832874920301
93856,14947.816
89370,27237.82937981366
95869,29494.429545146722
108411,16454.055521390685
90193,12193.259320850431
84817,6267.328666666666
100719,9414.791028854472
82801,19481.258476190476
83103,20828.405103785106
103950,7845.786311233847
83927,14956.783075001114
96442,19050.676
92599,14538.32
105284,9394.071989944696
89963,15102.18821124953
79117,13751.552
94001,9801.579727903088
90520,6211.148302531484
83344,18024.848713681382
104811,24714.735320802323
81567,4166.68
102778,7762.933272727272
90439,20901.467720792647
104220,8452.884
102961,3758.8576000000003
97588,8910.679003283614
78049,8552.988
80076,17643.775461538466
83466,7666.75585016835
81941,22980.6387675047
105786,15632.138
91443,17545.738495726495
99961,13580.326
96323,9063.465182833166
107235,19040.301955311228
108199,4642.890809523809
93938,28878.848595480446
82727,18956.23729715562
78548,29564.958893633422
90362,15919.947507626008
92257,23774.756620739296
80015,15275.116
93724,31571.790419355122
88826,15995.648379227743
80051,3297.504
90219,21148.207007916724
83727,17716.31142340588
90139,18714.052129423268
101189,7659.862930294963
85435,16531.10150125671
91933,30302.99268075063
95135,10684.53
80576,24345.42991111111
97289,13061.347815496341
90225,17969.400606393607
77958,15832.481996557659
96218,28720.936602580365
83747,18400.402219949876
85699,13002.188696825398
92682,58616.352
92129,41929.33952010211
91533,29926.250588203933
86503,10180.294785414768
107555,21480.687743817263
98751,25167.58653572895
88145,15737.19876299573
104214,22080.364
80027,16745.17357341943
94594,20789.71591021672
105978,9566.14531746032
81202,20211.0035
88343,16783.04866666667
96928,23382.572
89639,8894.762389660891
83427,7953.225066666667
77241,14574.188
76837,20886.023927272727
105316,24984.702000951333
80915,9868.22357037037
78226,19787.85646521541
98367,16237.28483942946
99268,10327.692274897161
102336,13846.333943033838
99355,8811.07681240842
92728,25704.358315789475
105261,18377.154895238094
86321,11421.01633457381
83913,20512.70415238095
76582,9852.957360902255
80624,14640.88435888707
105804,14481.193128276804
101229,9337.484287853831
104782,9443.6035
91859,47882.364
81892,21962.147666666664
104257,14702.134175929543
89995,24551.1133991893
94721,29474.110039073967
100123,10552.227279901175
83121,7622.189071500704
89621,8636.806781446965
86608,13705.168152778284
106922,9353.783992584657
96146,17231.292
108383,20386.714408200532
81554,49267.59894869225
101538,8747.353724168484
105248,13651.522353454056
81033,22272.504829059828
107312,14975.004161428356
85588,15473.296601174026
108227,9809.903172014261
84017,15841.228
101028,9806.596
93019,26430.12703809524
84359,7334.804625925925
90602,8081.627096212018
102834,8494.965456274218
85284,10775.0116938615
78749,66557.588
96892,30314.55771428571
89640,8886.989693308517
102773,15365.640987907213
105779,13118.188976682306
108453,16934.75202707594
83162,11395.274145454547
89704,13000.904
96488,8480.284743168833
81546,21509.92288
82108,21053.80212991717
96784,10450.884015992719
86526,8520.197292383113
81220,30698.676690686094
97126,10461.619645962632
79954,27107.278546341466
100182,13150.739234180293
87058,17971.314824311572
95026,21118.00611556136
96334,13387.886
92636,19496.58195238095
89131,9806.76
78145,15409.392
106255,11847.54649115037
84691,5962.709761904762
83425,12445.77749185091
91526,24228.621333333333
81170,11680.312
93766,22510.110241846727
89183,12176.177220036867
87644,17871.21418412698
105559,44862.36
91968,14006.64
107198,9994.148
97030,8390.614369506005
96512,19035.733732470708
106506,10597.366095238096
97240,12162.40964454098
98164,6857.844090337665
79782,8039.315111111111
102498,8165.918482506892
86052,9379.788333175646
101070,13223.682991072887
88461,6191.9294088468205
94238,19609.177534167295
97040,8820.383446253198
102861,14088.09687782931
81516,44780.7
98512,7164.467888052374
91654,26912.841076267
87837,7713.6744761904765
97950,17883.356666666667
91492,26525.518580304335
86374,9379.992196106414
103671,7235.020244595405
99254,23467.853646615993
96920,20520.012353098162
100733,9481.372587043737
101602,6803.008
101809,8609.065511551007
93626,36928.4074
94707,27547.719660146944
84718,6140.757965591398
77357,18555.46
101735,10020.811906455809
85009,9724.0785
98213,17533.06
89068,6624.878056882185
76270,16702.64022409518
84608,16897.187666666665
106582,12360.27
102112,16007.589866666665
79840,16603.476
102362,10602.052308149892
102074,14722.241982517482
78050,22037.808726152958
91002,35826.359333333334
91648,17946.85571516147
90182,15048.032159156712
101732,11720.046605464297
108023,22846.116535738336
94586,27105.438501035198
91189,21020.615793595553
95199,21662.71481471654
78510,13777.536666666669
92551,13690.208188887027
92368,21655.40190178991
83335,8205.35564166053
82609,5553.584
83471,14925.034362811646
89455,9530.626374747704
84982,9103.592161076605
106978,29240.170698433438
96399,19703.788
82526,13162.304905443372
86743,10830.759692462618
92104,18583.189441832226
97862,9035.0846462997
99211,8287.444954166695
99118,22334.08182368173
97657,29093.739725879954
80627,13415.904626103476
76293,17077.50115548972
83108,7706.2482072223165
93728,19490.249666666663
108295,13605.304324675324
87957,9885.271714285715
78627,24985.743314285715
103227,4623.836
88115,9667.947783247802
89694,14254.027142857143
95755,43696.50035555556
100889,9988.315605414255
76859,14030.216
80975,20458.90121620668
104878,11066.386566483516
105859,21458.34
93283,23356.155241846725
76217,15566.08
90731,16536.21124734778
99826,13727.313442289915
84180,12679.24602753187
92500,23614.668443807474
81956,12032.739930461694
100508,10284.07586950448
78336,12256.66
98694,14645.472293213079
92486,22874.684
77134,18990.772
94264,16373.877491086278
108210,6817.380264617604
98310,17051.210076923075
76260,36760.104
89623,6625.493624739007
101737,12560.804791666667
97665,8047.827499429883
86041,16793.282190455266
86653,11080.271141526033
88423,15183.680552935708
103407,14781.444602253066
84654,17934.125438680032
77143,29453.53983492696
106392,19441.804539960867
86347,14336.253045482705
107230,9646.803014689143
103693,9396.177528470682
82765,16134.964666666667
103894,12335.280540680353
105668,12819.293859896901
94216,9954.994090497737
76250,32882.52626666667
102466,6041.431210870814
91919,18145.349350762528
99138,20637.722057777773
102850,16906.515536663766
79094,23720.929415333896
84552,10444.704
93668,19308.019719477532
93389,16073.288
84312,9917.594467532466
79379,21734.359333333334
98739,7325.4264930643385
91448,47088.676
89834,7993.205074810468
105359,8600.282897420973
100267,11587.447753600165
89101,16660.2224
76904,21578.780843523466
76664,29991.76657787491
102621,2210.76
82337,24868.762316239317
94266,26259.408
84994,17092.36289941324
86246,12623.47958142016
96923,8222.501722674628
107661,19396.984706926232
92401,19414.937680983145
96296,14398.895540438793
85114,10686.513149152423
83081,9760.133741299454
84948,8678.4328
80292,14362.832
78938,13899.7272
79942,19774.012921656467
80899,28325.016051612954
102476,10368.787868074407
90589,14019.252774176659
89944,15925.919771428571
106241,17814.459343569528
99835,17337.682277162556
98665,12810.173796186546
96516,5982.099778178327
79065,21743.423642731606
97070,13365.674149266422
88721,17366.758726395175
100311,12483.722479777223
97912,6271.324
101514,8798.618130060022
91763,19625.767446208272
88488,16575.29458547492
79955,8749.786
105677,7530.602636361638
99297,6025.979138256515
77377,11029.381142857143
95552,15955.38
99704,14845.691683231586
82097,48496.18644453137
77067,12420.78
93326,15296.364
98258,6024.805638912847
98900,21477.697474205583
101474,10695.492778022342
91945,12860.78
78816,33588.14666666667
95208,10136.458305445432
80788,18231.238362265212
92446,13018.76
81929,29701.558846546326
101068,12953.88280907821
105116,9671.4621844115
96828,11506.426945178986
102272,9690.525142857143
89347,21584.466134348797
105201,13551.40556179141
94146,16751.709964909347
105641,9751.380552422948
94416,38429.391235649724
89152,15924.452395054946
99500,6255.686133452732
101711,11564.14
88178,14763.697251086047
94259,25346.54540112396
90380,10494.968
80659,49338.096
94687,16182.5325
100447,8686.632666666668
80895,14309.813460027537
91806,22652.412
82758,9947.794129456415
81850,16640.66
85521,10471.464
92432,19329.786098550532
78318,63311.6667573634
98804,13613.82
84403,18812.231113475176
100979,12862.493265445924
80559,17287.43072222222
104553,20223.146198735634
90570,11181.098355093229
108278,26585.689280541155
107134,9654.003409200603
84351,17464.10947111913
105418,9910.741080459771
93910,19992.20888143756
98231,24267.279313306648
100789,17878.678671988797
101332,16028.131599999999
105715,8842.491899213004
82170,11248.897865384615
101526,13501.245998078066
89070,6246.943661344323
90429,15233.394455388987
91152,19513.496334359064
82374,48375.7906933321
81668,29761.766037712838
78914,20197.22678433964
105239,15137.353107107732
107483,18934.307025083057
83354,13667.077892517458
105252,12167.45905054945
93977,18960.938212879504
89807,8234.89526852359
81551,26923.680195581634
86311,11248.512
85966,11434.085309224038
83878,18958.81085867165
103342,9229.524714285715
102398,11752.088
77021,57089.48215467422
82755,8037.607318253951
88635,6904.188988138544
105457,12911.12943412977
106552,17534.335875935136
102641,13945.977374469858
77582,24185.60162636741
95453,57159.796
78388,10207.636
99772,16023.952227737582
77990,12045.235133333335
78944,32156.161056792644
88290,13844.929260292178
90011,5571.035901445795
89540,12232.050357142858
78904,27257.622666666663
91379,18597.40640753338
105750,10933.355475278684
95603,16097.976
92481,14571.985466666667
93463,18123.631600753128
88974,11433.36783068783
77787,21017.308
101389,11159.604852017033
90559,33228.338807572116
90421,12658.240862809378
107190,25208.386522221525
87506,12485.114225396825
101147,14465.842320064958
78096,29930.985063838933
99840,6393.676365018918
89677,9598.596
97991,8866.500646854618
103556,10211.581922566538
101327,9980.345018616443
108008,20007.33658126119
107752,18032.683821182276
94554,16501.69393783915
96408,26631.698273862767
93573,27666.268
83674,10580.163614035087
104503,28247.64864851082
93082,22100.861929878723
101841,6154.511743367418
85143,32378.722089007846
76781,11150.088
102153,8618.804
97411,6624.430910204081
101676,8830.488174540307
103176,11773.901316195075
80879,28133.356675080497
79695,17082.253558777382
106987,30353.904598376623
89095,19666.79807619048
88707,7918.957240514199
79935,12763.367845800534
104678,11004.479772665985
78644,11819.056
101947,14143.32016251389
85390,15044.70083021352
94121,13460.592688888888
80525,28800.20045721413
92964,25976.507067829407
81982,27118.5945
93804,19637.442106938004
95574,31599.788082524272
81710,17899.264024173535
84452,17802.500532053546
94410,19662.299988539882
79137,25797.612305513052
103270,12236.664175743706
82736,4945.351076923077
106741,18547.92
77630,18060.472
100426,14877.151338249832
107231,10226.823636363637
101001,13479.922372077493
95067,17964.682451395056
107197,28355.342712640107
83522,11474.35936645152
80239,8249.2176
106389,23577.18134624808
99072,15006.185191568075
92779,25004.011726221735
107906,21121.631680163708
81289,5255.852
101206,7157.920905349195
85646,8717.243585901027
95202,25679.77789019608
96423,6073.147911111111
106597,7601.755254694806
97601,10511.409295100737
76974,53933.86
80171,27530.071627597223
78391,21653.786833090955
101424,10942.671165325617
79548,26360.286111600562
99083,9656.287447154471
96204,27080.92544775508
93318,10895.96050984139
85745,19392.506
79531,45247.51823771016
106411,15396.401035461822
88431,13503.08
79827,15154.653423385322
80860,22545.59773060475
93114,31726.097052264384
89031,7119.591146278122
105755,18240.81193860239
81286,9715.437555555556
94641,18682.016274891597
92196,9121.308
103591,7144.729901924742
80497,9939.214703376036
89672,6896.862681936553
80800,21479.833343522652
102146,10777.28565718789
106675,21286.550982209665
76780,18404.868
79880,38592.90116239316
90306,14538.733761904761
102271,11007.134857142857
82996,9821.682857142858
77929,29905.17922261572
86610,13820.092360062159
85316,11847.517606694155
91134,11500.966655555554
87377,10858.51088211867
102946,13516.623333333335
105420,15298.322846035991
78375,25852.012
81157,9250.52
93430,20386.97007295527
90671,10307.705999999998
98881,7559.7131126073655
107152,13583.8273556179
106056,7738.274458630584
86256,10836.850436697949
88692,7325.84638394836
98622,11556.769125449082
84068,3767.028
85863,8320.008
104131,9954.210958874457
94296,14955.962666666666
104177,7837.8895350649345
105126,8250.8
93360,26368.903441856615
91059,25442.295316239317
100015,9906.571601419531
97027,10353.548
106300,27802.128675150307
83539,14463.40833484159
87099,13698.356089706942
90692,6682.947121212121
107313,14231.463222316306
81341,56767.432
82901,11408.54551832761
85576,16314.927915389608
98646,13031.486809760167
102552,8685.477955119268
84874,16066.078078615692
104768,10760.196215728716
87768,7159.7206
93342,19629.163623809523
87241,14530.605289736188
103615,10359.718649671444
98526,14241.78
107464,13018.490564213564
83357,17429.070666666663
103171,8241.965361533776
100341,10922.168143722944
104547,9675.339913533526
102882,13941.887842616856
107531,20551.648
85433,11253.403662339711
78435,17896.61479220779
106094,18921.321764534136
92625,92116.704
100319,10144.031410811096
95937,28212.38359523809
88915,9147.353419542958
87681,7163.323631925985
92428,6491.42
85427,11056.905472076201
105372,10326.640122524817
82482,21868.337107814958
95178,19207.240970197952
106881,9219.068
76562,29276.24202998326
103710,10153.950084999067
89109,7025.863657142855
92522,28728.440271489868
84821,18122.981249833847
80597,27126.84351884891
104040,10475.148023341853
96115,9300.919585628566
82818,8689.537547208349
90316,16079.787656532319
94385,19322.624991689452
86823,10337.61148343111
84842,12168.250956521739
102995,7396.88311111111
85397,21881.92
81427,12830.94816912328
102461,14569.394541565007
77422,32359.68386680415
102354,13765.004
91822,21184.433949058286
87427,9983.78590215588
105450,19492.76376041721
94789,21365.298
106631,26799.65743086669
97004,13043.512558140934
100826,14490.783578416029
97915,15871.801877496368
93253,32876.91889806535
85776,10159.769550543024
105562,16045.039932433781
77560,17026.852
82659,9372.517333333331
89531,17052.196813355586
94076,19848.96793945045
98457,11574.925380890068
96163,22922.722666666665
84779,9872.3
104551,17869.054933333337
79934,16840.510053203732
84896,13665.371760473761
99393,10823.526333333335
82051,16340.182055553956
93247,17288.957
86929,10005.90852624345
106943,11828.537333488897
79979,25682.80733333333
80912,22478.87986265338
105006,9100.7565270553
94368,31688.4
81871,23314.593118910092
90338,11650.088423948488
104271,10494.916
89984,6660.830019276717
105122,10250.700513985948
104308,25622.862082265856
92941,28838.484785600627
87433,25229.332267465867
96289,18610.451012698413
89130,10605.07009319231
77233,49967.01321947718
96895,12486.959122865106
90364,12411.58479067599
76283,18965.306264461964
77689,23263.004996534815
98366,10619.412844208482
78025,23473.14
96644,11723.10350361503
80641,28480.544073623263
80271,29038.888304753942
99003,7788.782510558025
79756,11612.708
76981,11672.364
83320,13738.547546798418
96797,4875.9147937921725
86350,11207.726691125861
107535,15721.434111653853
104370,7802.806248914037
100740,11178.610133965718
85851,12777.959206901312
89132,4913.759076923077
78746,25857.788262004662
88999,16605.723998001442
96416,17665.807363374173
88921,7499.613501052632
101078,13328.89163953238
92447,23288.495915379626
77960,16531.102263736262
106799,14530.771979915065
99888,20689.648909474574
83252,17184.0830034632
78645,14111.336055555554
92233,19582.72391456937
104026,9127.235982733255
85148,17043.07019013855
107726,14622.411042735042
93331,21405.59436376724
106236,16422.55275897436
95282,16640.128
76222,26494.15196560847
84158,5295.325103989577
81857,40131.84
94698,16949.426418277624
104680,6205.936
104366,20686.961573881676
82562,17532.24658974359
89753,11199.683111111111
101937,14451.655181962222
76600,18748.111210695184
102683,5430.06
89245,18629.9382423026
99902,11393.972
106525,9785.651490677674
80738,32664.88988235294
107909,16212.389878612728
105939,18059.911046239078
92485,30049.235733477635
105128,15502.516
103147,7266.1863383002965
96539,7981.946583346869
99656,7801.2332171358585
89755,18161.976774255272
88400,13470.820078741728
82968,19148.114
103521,14957.512477501228
94755,28021.00334516596
82278,27958.89629843791
106205,8250.8
102677,6308.138397714041
103577,12611.033591800357
88365,13242.329040679906
93543,16092.79547085186
103285,10782.478760012997
91445,53125.13333026099
86676,9742.365373613447
108086,10285.019199999999
97671,12630.535333333333
85193,13076.374155233696
80220,46081.912248224566
107824,13391.684821969697
87246,8479.943171839092
85080,9307.511253968254
85470,11777.728
93453,28565.911549494947
87214,9702.45297766309
99010,8469.672
77246,34044.384
81671,15225.119594577352
83651,11301.656335011945
101085,5867.3352
86961,10611.878245042017
99154,6911.1908
85563,10774.852888888889
98972,19602.037221775667
79331,17663.042263324147
100112,11143.248880465952
92540,18485.859567375886
102135,6200.3072
104980,21928.47212200358
103442,7232.479248258408
104320,11838.242435836628
91208,71487.28
82486,22029.66571470098
92052,8715.93793939394
80540,17652.32855780578
89228,13354.448396370517
98960,11418.648
86821,17000.834
95220,16108.092
104196,12407.606087237773
77934,50098.296
80965,17841.472
80864,16870.32985507615
90303,14141.13183444574
100396,12452.832635186804
98226,12020.42783791548
107713,8556.986706249769
82199,24290.0335003876
104715,27871.320936515913
103412,11503.692237189245
77224,10864.044
79149,20343.08
79332,24425.995299343223
100094,15365.640987907213
76280,32866.31418152196
104668,26115.698127617303
106239,11763.069045512832
106918,17838.42803972219
103738,13664.116078929663
99768,15511.746821556882
99895,6680.641062057654
88553,13348.975396972102
106781,11589.436
104339,23517.461617634704
88198,8185.358740939216
77024,10650.496666666668
90492,14545.623290844229
87383,8374.900941636433
85194,6809.462676088032
100821,10383.285707023506
86207,10081.777287439612
80736,12171.5597
85035,6907.093307747513
77847,10336.264
102444,8324.720282070915
101635,22605.01012908488
99639,8709.927899755769
101365,6671.654397714041
106612,23645.403844444445
89655,12997.608
96679,12006.996
107353,36729.228
101805,10685.788579485785
81804,18589.37648395359
106783,11700.196440404041
101047,13843.052345923616
76164,43530.58894545455
106524,12920.386716312058
104745,9514.336
88874,11555.438930787293
89206,4520.0256
88602,18771.035232467533
80458,25370.97977689372
85756,9704.6098008658
100972,6762.78252183777
79897,30504.872
85913,11509.539594844106
107705,22899.95548973493
102659,7225.886358557259
101994,10560.56500904759
104004,10288.31142857143
91171,50945.869333333336
100207,14781.987274979247
101431,7515.32852148987
92034,19258.015195536707
95470,32008.238078940554
79276,28738.40355658622
101893,12266.335185986803
91522,30513.06
94047,19444.397734436418
100620,14691.551242403239
97405,10508.265994717563
89277,11975.542666666666
102728,11626.228595494505
95665,56966.648
93861,14626.629651590516
77779,11252.942348024018
79844,19303.85977142857
102549,10440.97720306419
79764,21006.3938925202
106543,16077.781064441497
90127,12429.7
78759,18155.949682573995
85232,17103.962
103173,13297.507319091535
77690,11987.631314285714
78669,37880.470799999996
77821,12290.063916666666
96869,8255.424539867121
99426,10210.626714223401
86596,12559.383661773407
102352,7900.076278643733
88825,7985.216839528604
82595,19858.80697432618
79408,22919.211357604174
105771,21299.264
92499,20238.629931192394
82744,10360.773977777779
104310,7260.253927139278
82965,11960.188087106006
108492,19501.176
102748,7595.817841749121
105549,20159.235268956403
103794,14508.568839545733
87574,11646.991384294679
77090,18492.57913157244
77729,27493.17825767585
92854,18220.69614188309
82724,11168.502252437207
76843,8387.538285714285
95714,8991.272210180625
85077,17344.619448342888
100035,4733.604
76694,12809.312
86970,11348.276300655049
93243,23398.8847788644
95700,24536.560462509802
103907,11627.252
105698,15488.717665119888
84320,11632.25735535735
91561,23867.69674539893
100459,7281.548602930929
106398,23995.875601920616
86911,3642.224
102905,11651.6557518003
103009,6652.133969037077
76287,14011.20456734143
106832,10546.470100458522
107240,21775.369102770634
104164,8653.24021681715
96561,13021.71566764493
81823,9337.639354112554
82102,22010.514304761906
81420,28996.181146651237
79102,21273.736614279256
92252,18360.226975121142
91605,24322.216
94353,26920.373239667137
76883,14688.494000000002
79941,19902.021606926406
102977,8179.726838681459
104975,27513.97134992458
86138,19556.265890894192
76309,19348.18133548387
104976,17702.890166844918
105819,13580.35241098413
103115,7276.398211940717
78958,15609.938031746029
86851,7296.334740740741
91889,15390.352421258358
96977,20002.917282994422
98888,10395.57646413717
87642,11672.500995748447
96835,20223.522247619047
95915,28740.196
89880,13607.042414859261
86974,10395.964845418472
80793,13017.412926315792
95773,26313.390666666666
92664,10458.274814448494
108423,13475.056
88073,16482.368118109887
97731,19115.942
92705,24628.695301542128
98275,9200.802407265954
106563,7424.366945609463
83216,10603.209392980598
108252,20212.742857330657
90052,22572.133586670134
96839,16580.067193949897
87847,7549.598878828667
101778,18255.08444356173
90493,8923.848541908885
84236,8139.609562049437
94651,26839.893474747474
82828,6343.341124113886
84570,14654.149706608936
103560,6265.2777317464715
105414,11187.09469594706
82874,9241.076761904764
94023,15876.244
99936,8980.896193002316
97927,6481.397260606061
85922,18207.190434339092
92409,16011.910859129368
102547,7267.354351506327
98620,7850.065132663445
77418,27787.693065172854
106846,22464.476
90794,17814.110115512813
102848,7997.966853174605
77668,19972.673629665565
87057,8903.31835010352
92125,45279.88
89356,13781.708153085134
93931,18562.00646853985
98496,8042.159979836384
96762,13198.446064646463
77603,16158.7338
76242,17921.352
77854,17715.688463693794
90496,7581.869044623046
89873,7693.93789858968
81047,35248.458969018626
81482,13871.335428571429
106630,20326.99470469092
102807,10362.23976674184
101397,9642.897029231422
103459,10193.412967289096
78508,35677.44390476189
87042,17722.77966802721
106348,21106.37346948646
90653,6589.292320045548
76159,21540.474214001697
87944,10292.514
81531,23901.44164102564
107875,6145.768
99542,13382.380815014745
107359,21005.689872541505
104564,11732.892
82560,12818.6488
93591,28593.072
103234,7611.2264583773185
108458,11038.212823823202
79888,12495.452
76419,23198.804040992294
106649,12398.521714285715
90004,7943.281545490789
93201,35278.18382447553
97558,18604.382225108224
83097,14497.536132024383
96492,5364.944463395863
78413,6718.652
79076,15587.178
87061,9645.569460200326
83665,12733.496682354567
97131,12759.56200287524
102075,6830.499598734598
99331,8006.194460685149
82067,45620.646095238095
85459,18699.31819307632
94510,38279.777
97875,21842.866165582767
105176,12758.32138095238
89196,6211.251711023277
97424,20431.792
92886,21366.95824090909
76660,11610.168060784314
81181,16688.164
93133,13452.053262639116
84390,6303.387523714764
107413,24559.594587991716
98681,10347.567591744066
86318,1517.04
80893,25098.692
106409,22570.29290909091
101539,14242.131141574744
107735,14077.206851248828
103362,7107.952370302099
95493,28502.92564247328
95573,23829.36530805767
81435,28873.952467428895
89730,13791.821551109915
104812,10540.5678994709
95540,14712.312
105693,9256.473824024888
99879,13870.039101637996
105045,9929.696529858962
95556,26976.879651222655
105209,12252.249777777777
77262,47654.884
88746,12727.510712461364
106257,29790.689919422402
86665,13136.022262633303
99714,15815.54743357796
86308,4006.266
107814,13383.378378080664
104110,16526.174572642496
107020,9903.905597912182
99899,7706.457840077101
87878,11458.31494736842
107898,9936.432664935066
91803,24650.158701979977
91708,24938.805348314607
88131,12289.219682638632
94236,28648.193606060606
94787,40503.224
88426,6271.348
82052,21644.088
81430,21561.138017151243
103458,8185.542006104662
87322,11082.131282895274
88030,9878.582666666667
94505,32103.793333333335
80104,10107.517912702368
92324,28828.187844652155
93393,19192.518893555094
101185,5385.7565090301
99944,9880.24716765774
91381,18130.04319223524
102720,8099.504
80107,25922.244695461257
93006,31419.754959571314
85248,12088.913122718624
99068,12416.727000382589
76834,54062.724
89377,13340.009608336592
101452,14053.537412760166
92548,39407.46365163399
100658,12792.144272268408
98383,55098.39773992674
77915,28360.68187054847
86268,5763.784243231073
80304,3435.936
106680,15875.705227585962
101132,6912.652
90092,23055.003214612076
100329,14016.959791296827
79943,14115.112
104189,15450.436
107250,21997.54657458383
105088,7677.2991906099305
88824,18051.69782405292
89166,13412.408421632288
78748,15914.872541631432
80118,20506.459436904763
106238,32091.75465257333
105638,9894.789750563457
94974,15450.640758169935
78384,16167.514133333332
93451,21307.751506265664
98422,7313.155158136959
91430,37845.448
77519,20927.607393939394
96946,16938.20122148946
98391,6429.576049426149
102809,6100.862285714286
82926,9915.093714285715
79108,22205.092
96213,20523.408593495707
89205,5416.982762606378
91600,42863.45575912755
107292,26287.15952418913
90688,12292.712342008319
98776,7590.337256634019
79778,13759.820064502164
106834,8301.502385585598
107835,17272.262919439658
99788,11141.05967892927
91133,23632.62694033878
82747,9859.179709149752
95651,19012.749348850095
90035,12525.893617998669
92821,15127.488178759419
93614,21084.224
85993,8788.672
94616,16743.710466666667
97987,11583.94
79300,20323.859666666664
98588,7567.454486487207
83355,9036.86572493092
105664,22516.034000000003
106502,21532.499251525634
77235,24079.919770834094
101503,10083.364406258599
99569,26894.417918573017
93332,21105.728
103565,3234.464
98223,5134.164
89090,11394.319543859649
101490,4767.809396825397
89428,10109.967642092064
82555,9170.272624225436
94744,20458.180708976848
97092,7177.132
80994,24187.49309849124
99486,8764.929848868147
88556,11182.981352749906
105789,26916.072496827077
90968,13913.984
87386,10767.290190556474
96239,10666.83163383344
98412,8665.510533516204
107073,11284.655619047619
85775,11935.301833333335
103494,14588.143251748255
96232,7370.49075
95146,17139.409516413732
101493,15965.338
108369,22866.523535588905
94214,25507.052495810098
95377,21699.635070388886
80081,13721.567326603586
81186,15126.993415513145
100638,12247.32862077636
79228,22231.424
83296,16771.81135365915
78663,18913.68
90474,11201.090252383674
99746,11548.264
80600,47878.42
104132,16516.567878967508
77292,10760.328
104314,12316.05195021645
92563,54861.6091989045
81135,19295.358580089513
83199,13940.112467268258
103083,7104.397087448908
88165,7360.3288
93492,7640.74
80502,20897.56052690251
87640,8240.56
95862,23343.399494674806
97106,15657.664790547029
88353,5941.4657189110785
99443,16110.393438051326
85914,7465.989711633877
102522,7726.177170758709
94035,21870.15916625767
82309,14590.8682875817
103845,15321.528
82955,7062.588
86039,22362.64965729864
76890,12726.288
94862,22241.587714285717
89261,10367.788815734475
95261,29482.688725394823
76543,28236.685837045927
93805,18327.225729006994
79387,27080.324432622205
105256,19116.17967494494
103632,13686.483892092487
101647,7801.0323665013275
90779,8048.984705317555
83004,8678.162005216363
82810,5814.545849375488
89851,6716.2265878787875
95583,21204.43395252878
95318,12183.360879120879
96740,14481.630205471125
89999,7140.447879365079
101586,7044.970285714286
90205,21857.927333830063
100202,13542.623966959804
95896,16231.532287049215
78190,23301.672463577946
106867,12358.741777777777
103122,6832.835436123484
78800,19026.88666666667
98137,10147.618995784469
104071,21548.428
80969,16791.056468321884
93695,11949.430715873015
79235,15644.35950584491
100233,8128.156768627452
103673,8684.919288888888
82811,11672.119384294068
106273,22804.669294176307
81714,12463.140098212752
76623,16540.992
98396,7280.125940452976
87067,18469.2673267388
94615,29055.740781224005
91380,27527.76583691201
81368,15873.55954428049
100189,16458.868072727273
83055,9961.947179813018
104726,10826.786444444444
79494,20581.603242753677
86895,7137.773210084034
104253,46856.068
80451,24415.223368185794
81633,28330.67704776025
85761,8418.608505050504
76040,17081.476
86749,6231.75827802054
97161,20677.068642923306
89492,7539.279508144542
101063,12323.26
102557,9777.84822743091
99966,6075.718843252546
93615,22699.68
79812,14020.540509090908
106083,33987.8774
91688,18568.889853455872
93348,15575.784305835008
95861,16009.475979487179
84278,11046.45268013417
76892,15999.386016883858
86674,9529.68911246618
76138,20222.376
104974,14144.490988034187
102421,11901.677086608393
82617,16680.802844444443
90307,7878.125100652342
92258,21357.574272198824
90255,20943.84535960149
101498,11971.176426734854
80567,13346.802329683645
95321,23663.79855168248
86671,3293.64
89272,10710.836717306624
78823,6550.412
95185,21855.784
98753,7158.530365923837
88611,3513.32
108390,14038.43742271619
105366,18968.807114299667
80433,21034.21658838943
104145,10522.211238095237
90881,14974.795488938475
82596,9552.899694116819
85279,11044.044639097745
105968,13348.985975426049
84463,15722.573572727275
85840,7693.117118392758
78708,12865.837592979471
81642,26266.595507692306
88004,10911.919967820504
97345,26834.43366353752
106927,6511.221837847037
78351,12256.515767529436
91596,29593.817605705048
98390,13985.775908007354
80145,14259.48125
88364,8029.358840918131
88715,16282.918666666666
100449,11625.271523809524
92076,28543.93848492835
102573,12233.160313722965
89983,19536.669575384618
76338,28753.70811167236
78076,19198.258583027175
96116,12619.600686000194
76662,19694.85728760938
94194,39391.934312121215
105200,6801.868
95232,16092.516421389257
85705,7321.69
81683,6042.848
92007,37700.679940229886
101156,9641.917221499829
96857,8650.49920528319
91201,21850.712
77066,8499.896
94938,26147.999062433868
82691,11531.907778060293
108279,24559.594587991716
101317,11098.9473194899
91872,18401.75729323308
92517,18071.185150061316
76176,15958.789468093753
98840,21878.651545414355
96297,13861.308055555555
105077,15320.83393153158
108306,17341.057281443194
106837,11812.700857575757
80906,10414.166636456373
85979,17690.231622432348
100004,10765.06495404621
108473,20132.383666666665
77203,18782.224450994836
101523,11807.13047811801
91769,23594.7511154653
95403,21927.776511588796
83930,9428.0034989915
95272,27845.636222222223
107063,16320.717454545455
105033,7560.740226308339
105705,13002.708507070707
80224,16953.367801373006
98468,9388.979133186316
90993,22414.131711137725
89413,6418.204836956522
98561,20149.269521568625
88199,14621.704186181218
95082,16619.014417502913
96647,7620.187652532811
80307,21371.324266666667
86717,7435.1359644283875
107754,25871.727791796377
92740,19758.89384094659
89653,8798.848
83458,17178.73632842947
88918,5952.765333333334
80859,12651.696
76830,33746.732
92727,10049.394666666667
82512,8024.403206726085
94918,32104.946582804765
96158,11286.2811147541
97812,30904.900967437683
102820,11234.778038130207
88655,9787.175225643217
86512,16021.06
84814,16806.22498795181
82832,18568.254157919622
86946,7614.333123910057
102885,8405.466621296775
86598,17676.352846540078
76927,49156.60488945722
83377,16313.945526831576
81917,28600.15818360387
92972,22822.402585443087
94932,16347.74247419185
76026,36412.63746666667
82383,30585.716
95697,26378.820606739537
79489,26855.026073647405
102254,9867.949100275173
95248,31691.251242722232
99438,8219.367970506646
96002,24331.188389697218
107266,14321.693581211623
98233,9442.243823700952
87721,14167.059333333333
76462,49387.388
101352,9375.800731176561
89118,9754.7278008658
91908,23302.635068129475
94169,21589.42567610483
105347,17588.81318757819
93347,20405.047555564888
107981,18625.73296338355
104698,16029.354447409278
87678,18889.519129853954
78945,11629.484
106051,10340.537780952382
100768,17201.5107
78915,29788.45459114864
101837,3494.081
79136,11527.392095222582
97035,8288.067088181731
78591,47585.592
95969,31355.519130377965
84208,9411.27301184637
100228,7539.970489910685
97687,11124.345998958694
87591,13878.971002044138
96149,21992.13228265639
87736,10827.559871615013
87550,4008.336
102052,8451.226664468983
78827,33861.709333333325
102402,14768.647253068144
79412,26840.64420460519
77865,42872.31084052288
107971,9001.787285997045
107469,17319.39630344443
97612,11113.723626620345
108451,17408.834023571028
91741,21856.464232943472
97524,8205.900711538461
88979,14185.874845860175
87740,16640.01
98817,13058.6
93862,17869.898225324727
99648,16731.57295048463
76643,15737.372
107633,19395.80662045444
91213,25543.13478245614
90869,21377.829345439397
85444,16893.39221818182
104383,18709.532185980483
76870,20975.189271794872
79279,46002.330450374844
83999,5314.0986997114
98596,7984.2426653488665
86831,12783.9608
78863,32739.936737394408
98360,7104.133218633028
100096,12050.6394482401
104448,8817.962227272727
90367,9410.43320326774
103277,12368.336967698659
103728,9955.7
84370,10026.684552675018
89978,8506.241781343975
92359,14872.987431372547
90135,6780.339610091952
87969,15682.820909886239
102318,11405.982292486255
76607,38716.904
88481,12374.144598615994
98436,23097.70666666667
92888,57576.604
106269,9128.89115
100538,10738.448876281547
106326,11854.210054112553
82449,5707.394818788797
91142,18621.07456694969
80150,21815.63698964135
106004,19185.89143899689
108069,16944.9888664267
87037,18366.285331060983
101280,7718.7559850235275
95763,15586.899911712864
86504,13956.550624306443
81964,22385.304376719574
98685,10579.232
103215,12628.5499075951
94922,36481.992666666665
78554,26749.682666666668
105764,13148.197193999706
87972,12462.183619540383
84358,12301.32563509317
94964,18525.78542198123
103241,10372.979560519982
86647,13328.27056243481
99158,17552.588
85420,10663.926671832
78077,25875.063358863343
107422,10516.141126984126
104022,22832.65403974039
79737,39469.13332511757
80207,13461.371748538011
80967,19761.18
104178,14667.049310185186
81030,17961.913864918413
93015,19093.61534799919
80407,21456.898533333337
87649,16514.618621316222
76690,18207.396
79789,20673.11989304813
82746,7970.31998936225
87159,12741.01090712006
105962,12763.054084848483
86711,13495.395765556175
90644,5815.343519081378
85786,10327.146717460319
107631,21960.393291392247
99617,7498.950481681232
96261,21457.892471766318
103524,8477.511624322606
106761,5325.821333333334
85261,13393.304
82784,11215.952521128373
79866,10181.504
85332,17921.537409501027
91102,25837.075873015874
86628,18560.314999490907
79673,31640.068
83347,16005.583862745098
94145,35369.708408851075
106036,18568.0878538219
82287,14161.607714964988
88789,15184.328
79618,28933.624
94133,20076.002666666667
76165,18514.590180204545
101369,6247.076
89387,8460.134776026935
76789,36147.173333333325
107309,13017.606056945144
91783,28244.446399999997
101897,4522.887056410257
97745,18417.57131519517
82133,44331.99850035999
91614,18211.971432107843
97308,10885.502538662226
95044,43047.52488888889
80363,19365.197333333337
87137,17396.62948825009
80900,10083.742857142859
81525,28734.497906921897
86772,11440.609515151515
104784,25077.776311323778
76211,34087.48706666666
88180,11508.214050960736
107375,19678.761
87142,8481.051515134623
102944,7038.746355349104
99258,16075.364
80209,13823.55357623155
81591,14602.201019607843
101494,9502.801992780478
103703,13313.513230445964
84613,11762.336
81070,21634.946820643752
98675,23796.28521679198
90638,6288.600611784016
78215,19979.62496166727
104188,9408.238266863853
79525,28507.32216272119
95362,20384.271011501507
95717,9467.444324466338
106872,25808.81081210846
84301,13212.164418319122
81601,24600.430890059124
86575,9018.649062860199
100108,11299.17019047619
98140,10131.718
80480,17335.15508186751
105961,21701.25522470581
88147,7754.484
90426,13170.866803433368
92503,22087.884
91066,23870.556
103976,10839.3041
78267,21462.58725064289
99535,8310.394144623959
87776,7885.6219846153845
108501,23128.206913399008
102285,9768.450325705566
105946,22226.446444444446
107799,15630.166613211128
90291,14171.140151335927
103617,11299.17019047619
97086,13712.867341955654
108058,15625.980858222876
84663,13585.006663120366
83054,7496.628144899544
80706,10220.780047619046
84885,7633.154940170941
96741,10344.8426998827
89018,16390.63464106793
102962,12399.651127783236
107208,21958.781808288917
87254,9038.89519053724
90928,32165.500809192617
107211,14931.966553202288
104636,14541.62269598438
96902,24837.477655353825
92953,19567.115721268492
107082,26530.110015231505
87483,9685.21843019267
81493,20829.26374726243
97521,6304.33490909091
107168,50910.89166666667
94004,26712.49033333333
87794,14030.447659827169
99172,9269.065125603865
78673,26906.10142307692
77673,50911.475
89569,19268.451652797783
95130,11398.588950215795
82941,13076.149299086375
106278,24727.058847573568
92295,24622.310444370236
100500,6915.393459555882
82192,47667.10605965571
103583,16680.106648401925
76059,14641.864
105499,7561.783159800639
107083,12328.169776485132
99563,9373.786675945965
94951,16459.34618150298
103148,14645.442643977522
91319,14933.588
93386,25754.78746752219
76109,10121.150474367738
82945,6779.901918809719
101785,10274.122686515668
99381,3398.18
87060,18901.528566666668
95211,31041.36315324337
91694,22104.081153633837
77173,47989.91741009286
82094,13721.820689551207
102120,13748.859796582341
91721,13092.42
88100,7457.910285714285
101115,15183.425415500004
104595,10767.684022222222
90098,19245.654470804337
89595,6014.110780590005
82269,31538.2090007289
79900,19746.771020934233
90360,13759.915736898396
102462,13321.427007399425
106639,18001.619206287556
100825,8409.46874104374
79579,30983.92386658256
97198,9006.0604
78303,13384.78
87680,6716.032
78160,57832.98454096989
76168,30761.386802212714
88329,18405.476666666666
97416,16000.664848267703
93159,55522.156
91927,19508.841164732716
90611,13521.630878166301
78641,34844.24
92598,20615.4499
94425,24363.42642857597
91168,21635.00879753408
78734,22283.01094097809
78005,20852.071723160607
93001,32097.94291324331
101473,13937.780324729802
81076,38825.88618888889
89625,7801.070313306333
77610,11905.672
99909,14116.607876569125
84285,5123.7206311688315
87146,12671.50464739109
106204,21677.079091076233
79047,11498.512
101371,18255.839440559437
83269,14402.557523809524
79251,12698.14
83976,21647.22843444285
102684,6860.407552745674
97327,12121.603030394166
103469,10294.200940295606
84299,10952.834586176386
99272,13852.063432849181
89489,8082.605444331526
83325,9665.693396825396
89423,11113.508815586425
86724,8698.181740476191
83802,10225.780550450323
92419,46839.09523109835
104989,12546.276444444444
83670,17930.441898412697
90400,9334.37952126306
107433,18272.111390263788
81641,29760.45765827544
103722,12273.779728354433
86632,11361.617810098614
93036,18662.554812425893
94398,16646.068
84906,7298.80231872307
81280,30585.068
104075,14032.17524630542
95998,24398.823288023275
100993,8697.908
105404,19748.110037444658
95615,24300.176
88828,8363.041413346155
94230,31567.428442135177
97101,31170.232942666684
102266,7304.7226016518325
95269,11450.45575079687
87008,16159.764956782106
96384,21356.38510353102
81461,27947.368980704327
92651,43740.21366488413
83997,10976.511848329157
100143,15365.640987907213
86721,18360.82089451176
107348,13297.780277056278
99221,9089.318114287335
92846,21955.864378375634
101042,13221.427136600798
76663,47004.62
87986,5921.637084783195
92959,17036.14828914244
86076,9341.67612573203
76987,11769.376
76842,22834.17139429344
77966,12872.544
86599,16202.160194676593
87922,10052.062357163231
90812,6174.409798219718
90897,17542.889808361204
86531,10472.492998677248
83583,10738.489033458462
81256,26317.780462399223
80343,13398.884427408953
102122,11149.123243029557
77334,35117.29509187849
102222,9719.304261904763
93883,16686.92447582207
101876,13064.786260719053
77602,15680.008
88598,13281.357344774571
77524,29102.307267728498
96783,30167.601448023568
108041,10837.864
93694,32189.238144290826
96258,14203.432
97398,11666.72279755994
84225,19307.984427828516
86415,9832.93313354076
90604,11099.339333333333
103848,10252.13511557776
81012,11735.919639352891
94703,25606.354666666666
107406,10517.484510606062
97842,6660.885769956611
106706,9580.834672549021
81667,32790.709545238096
81092,19041.203051354285
97523,18633.1
77107,23138.651785144673
100699,5916.8490964590965
86969,1514.62
100917,10652.156139557894
86251,10018.396922816413
86424,15280.490828368795
79990,11158.200161694245
86382,11685.167212309361
101613,7490.776600768384
78397,16044.2648
80111,11690.235037536535
88021,10843.14
76832,21441.094753581867
78935,14059.424
100446,11977.749553889586
100621,9699.30938095238
78399,11885.216
108515,20989.769333333337
106023,12086.345777777778
93721,59815.63733333333
83647,10276.434871832003
94136,27641.01157521892
95847,22822.04760172413
107172,14657.39318864204
94458,38678.39225091052
94175,17222.227666666666
92726,23631.845170256405
80910,39499.012
86869,11255.274241177813
81258,18582.75914326464
84340,15726.516
100324,6180.992100215587
99428,5647.010555555556
88878,13531.706897707558
78066,49825.19767966145
105935,20651.466624868925
87309,9300.23282979057
87656,10171.533809524728
83790,10636.822636904762
77893,7490.81067368421
76055,19848.281940547884
99688,12034.684
99661,9359.866675945965
93173,33231.437
89291,7988.360738461538
107766,7692.501047569309
80369,15700.791
84448,20191.230590914736
98481,5761.467083575917
96477,30016.37877025186
94818,14415.6193202393
106708,11999.654411764706
77786,20983.988819209764
77244,52011.59052506304
91199,16055.241781025783
101108,7298.173393939394
78967,17092.864
106914,14465.65358043979
91647,21710.737162689093
91411,29346.749411764707
98766,17456.755580635894
105906,8666.420897420972
104682,21252.608472735763
78615,38361.344
85253,11376.419555267434
103137,8145.797284763113
94662,23167.505876456606
104640,7646.98255955214
97535,30219.76490028724
80168,34276.568
89005,9611.302293617216
99876,18848.469263736264
88741,10027.3098297251
88333,13598.59480089719
79822,15015.628145804974
108292,15845.472163705783
106845,13967.524584929757
92167,16064.385664916257
91226,14789.706358532696
95206,14686.681457866218
92166,36859.756
102963,11803.414092410745
79527,46820.64072237242
94552,24647.721564867228
89210,9747.822130880231
78573,22309.011191855825
104073,11076.378984615385
98520,13120.178000154387
77491,46724.991587514014
103333,13021.511917646343
80090,23435.24102033443
98666,9051.209720995923
86798,13177.465199694829
81728,16295.975311513503
81606,11076.856836813187
84372,10583.18615780585
105528,8257.768877899878
107436,10775.806095238095
89038,9147.311714285715
102983,17831.57552406943
83135,11437.814333710512
98165,10093.251101754386
96159,8480.426738081607
90229,9150.638674606185
87710,15671.154529411762
91414,17937.398363636363
77961,20738.278178446115
101890,14254.47396109344
83710,9033.112621163287
92874,24143.284
86534,7218.202894187279
98517,21032.09075402021
76174,35677.44390476189
107068,20394.179003416808
98050,12907.432
98718,15147.114387260537
101964,13960.0356203363
96813,14006.407005471123
95118,15982.6966
91139,25744.99872595728
98838,2373.336
98268,9811.988634588452
99553,12074.409054053029
98904,10740.062804849122
80828,29220.384311279773
100001,6898.920548659956
106691,22218.070487812205
108038,21952.4064455377
98715,7484.938910519713
85714,8229.663259680565
88475,18466.269409843724
91923,21445.336
94795,19151.334487027718
79738,12540.792247117795
104213,9615.431533333332
89425,2350.1551092436976
82405,14253.5
101000,7803.868627104869
83819,17069.835722288037
103491,10203.188769230768
88226,9267.276
102022,11092.777237268025
106889,7549.948353658773
98697,15462.775666666666
97178,9046.214374901936
92375,20247.95775714286
95917,34310.45466666667
96308,11743.347281057717
92406,15345.28338405797
108375,8149.509704738961
76860,11794.41025
82234,19784.628
99593,10231.1446
82962,11445.693790527317
82016,12801.855927350429
86781,19412.218377142857
101065,14615.079125374627
95525,19127.60182777211
95306,30767.03052675573
77397,34446.556
92496,28633.056
102473,14055.53736402275
102927,15373.161269518923
91897,28090.589666666663
95554,15685.152
97488,24675.073533174444
76085,18007.76
84133,9962.142390476194
106369,21940.35240914239
92172,15018.220000000001
80532,13683.71979353029
96952,6842.447934086797
104627,25691.15620941227
87415,10212.387768342984
97047,11118.830457977454
87227,11175.808888888889
100308,8285.437547012987
105075,16622.607599358293
84539,16971.70533333333
92284,19134.360169096723
95634,34146.37349082769
86731,10807.656770307047
96425,12328.568554390911
96765,14262.21025226005
93239,13497.14288
95450,14650.903982425903
102086,16074.0134206642
103024,10587.368
92808,26457.699326543476
99619,8326.8776
79704,19179.6
99613,24229.251151515153
106854,8164.7774639041845
80959,45325.58560850335
96020,17112.872
78736,14236.956128787877
101207,14076.647224719887
89767,7474.643031840881
105747,18482.0290708079
77828,17345.94
91572,27656.883082873777
88785,13987.659119314536
76972,28260.23325
76362,24570.820666666663
87572,21890.369576653255
82399,31115.624037819493
93833,19896.894905054134
94597,21098.310429545254
86551,9545.912096953236
107163,14143.84312005119
84085,12839.029542035925
93349,32221.672
99389,22728.92911111111
80970,20149.450355401554
96279,9876.784251968282
95329,24430.11180952381
99228,10883.413584529508
90184,15686.347800000001
107226,14624.00008300665
80769,27894.39680839402
80742,16569.846600447185
93650,20127.56133333333
107530,21705.997053564126
87038,10140.495347748269
80146,34568.638355846975
94892,28905.42285288942
107150,18963.25571404051
77880,32179.00236898439
100591,6808.546574096244
80919,13244.260795424836
84533,7012.224
82006,12444.240094284163
83592,16842.812435519067
77124,23125.718102931176
93924,19433.254201098833
95528,18369.684174204605
105644,14257.35388919075
85662,16717.00774959549
83079,12476.884716332608
106655,10958.248154991228
96517,12571.011176461845
80260,36315.722058787185
78203,13388.820133333335
104045,20738.636888888886
76147,33344.93632212885
94260,23567.15874318137
101648,12523.383561805675
84725,11435.562773448775
100099,11705.930187275708
79381,8585.190266666667
77511,11012.4004
78265,15033.957722145538
85496,10620.72575
77336,12149.554177120963
80330,32874.901658578965
97617,13123.306
94477,38364.504
94881,11173.774962703961
76653,89910.012
89023,17166.273200896718
104965,17635.308958053596
79637,16535.321761494724
94018,18931.470517563655
76481,12251.689066009852
76139,17803.017108708886
89662,15358.400528769957
105654,19492.312
101555,3626.912
107636,13901.319121367522
99722,17462.824
77887,34387.30933333334
83236,17318.787738562092
107964,21855.1403941392
108137,12823.937822107024
99718,21258.025928571427
86701,14322.128244907864
77077,18757.376
88040,60299.348
78583,16522.06365
85917,12736.254040294689
81283,23892.416
104304,10366.597
87081,15268.02
87129,8809.173169318721
98111,7835.030207067908
76125,21273.552
89395,9397.332249268577
105028,14305.160001768445
98036,12241.38
78805,10664.209733333333
103101,12576.272
108365,9290.332689655173
103367,15732.820323464757
79524,26628.92308843941
96079,28190.07886614378
104361,44721.315381976136
106133,30766.720311111112
88514,16415.497689579322
80511,65843.99333333333
90340,11848.798247481007
105563,17329.960386486797
85987,15495.415869953318
88251,19367.07551436299
104270,17272.378909090905
100820,7139.808468667628
91061,23524.016
94348,23237.668
106956,20870.67287071254
100858,10863.625333333332
81114,30055.236
103100,8931.204
87787,10382.60615802347
96168,21695.091838432938
107880,7320.659582950383
79423,9177.815558730159
96948,8670.149927777778
99709,11003.491890231102
92562,22984.94
101684,11073.520539333364
99037,17733.58308333333
89129,12374.647183144854
78722,18030.384
100854,12979.175488074405
94206,21608.563451395232
107045,7403.2386346768935
102537,14272.231235294119
95597,45281.16918673017
88680,13276.138109090907
96439,17715.358333333337
95466,22884.483173275057
89104,6298.568323154624
88224,9681.778369305535
86152,9073.638521811854
98291,11507.22900447279
106901,19140.188
81783,37708.85808888888
100932,6870.446898908109
81607,11473.699311895123
96664,13700.765698037752
87553,18727.35221431335
95513,28838.73459705771
89899,17011.279200000004
98891,20480.415388888887
107167,10184.93023831071
77353,11001.708
106280,20576.9744096073
90874,6711.757831088214
101248,8994.452
79805,28430.303444176756
106429,8968.995897420973
80749,29912.139348184228
100354,8455.39585215485
80249,15391.346919885997
108135,41977.62146153847
80931,17425.41834509821
107899,8466.992495407034
106399,12231.539230769233
92635,29495.52110689784
99128,7619.702728768982
83388,9541.86628536926
79225,33158.91735048351
103533,7614.244
103029,13327.304716207298
107588,27479.850471020145
92646,26161.477587698344
95432,26753.810881565954
105377,10119.94011065601
104914,15958.778083000601
103692,6589.691136112255
90273,16339.811841878065
91496,14275.86018054686
90243,29955.94395294118
88300,11647.260366267517
87519,13113.198152907751
91612,16444.43991002331
101939,8548.011220239929
91015,30848.59901052632
90181,21963.134485069757
78441,16449.423133333334
108389,11596.136190729438
92627,23979.384
96927,8293.365195670996
87730,10314.00521898136
89842,22112.834496715896
92971,16936.744
85556,9051.423533790598
82669,15943.712
96673,10677.615821978023
79153,38923.733428571424
104675,12169.776678318154
91062,22738.276
93779,24164.518666666667
84248,20668.92825345692
85038,16504.047090261934
87003,13048.301506766917
104951,13546.20778784966
80530,10187.132
83785,17270.517333333337
88812,9414.90430724207
82270,33068.82878260189
108300,12417.58509372591
103880,9974.640686501047
90507,16456.606064973468
108049,10222.303050543485
77105,21972.53030174805
86615,10571.477044444446
86494,8415.649323546975
103184,10579.263889061716
98599,22567.543129380232
104375,29062.186968186663
107205,30205.3163105406
78844,10003.251214718615
99780,20384.295699886585
88969,8948.875289970885
95137,42750.64987500001
102509,10323.16
77745,30361.46982851953
86566,7808.888569013764
97877,13251.252710268664
101765,6932.451834905294
77886,11593.016
90185,8222.811056923323
104203,16365.472614207485
85229,16725.113457871204
96143,18396.515327864123
88575,16523.99566249418
104096,15717.910110438701
90161,13619.039713858909
100702,9782.794693251519
91390,20519.77749586025
94518,18923.52886334625
95365,15249.092
77078,9916.5225
103981,9306.416
93049,23900.356
104932,6674.02
80929,21766.368761904756
84280,17290.895945685203
107619,8708.558614035088
96726,6643.164035647129
95122,13093.208
96286,26849.00547949557
104463,11823.955692307693
79669,15699.071000000002
83751,11025.053308514536
103686,7729.961170758708
76601,28288.976
78424,29070.37084693278
103522,16443.15312118358
96181,16685.202133333332
106896,21759.85466666666
103201,12005.95256566578
108472,20511.832551471798
96100,10233.824650815925
78149,34955.592
99046,7371.76462671252
101215,9931.939978386239
95675,26440.185664430515
103753,7196.759733875714
102010,12853.089388716393
99789,7951.581805161988
78760,28371.043513324406
88270,15629.26
77169,30468.505556355638
94033,17543.668
96304,10144.545383982684
83591,9456.29822558662
80417,19459.495822557878
87101,19673.545047619053
91487,20513.08
107256,33117.11124792219
81695,29757.828
104760,6871.17759081889
86668,10399.029875
106007,27055.48725808704
94726,17876.970590663346
80940,30545.416
94574,14465.15703940554
100505,11039.339686655598
86383,8594.92584006195
95683,20036.70916042781
79982,11221.366857142859
91488,41147.016
79556,38939.648
108183,13356.290771541502
93993,33187.93386042516
95976,32290.532
98574,24876.985269489836
94825,37178.590531711976
88397,6659.236
84250,11305.12977127434
98593,10111.816101754386
98330,6470.440940295618
103350,7365.628262039198
79640,11883.208
88447,10941.359430428085
97515,15774.8441248096
99951,13409.95537978956
99333,12933.749305770963
88755,6093.34
86184,16324.764405228758
79396,13307.45638519966
86690,13745.762629177709
84172,14125.077851812657
94766,25199.9003444176
95569,31443.392
106158,12268.607059262667
81339,12813.093659538055
93286,24795.992
98950,7810.612236591186
78868,17273.08975
100793,6496.166
90095,16693.67051492923
77269,25704.473820129406
79615,23740.769359022557
104050,8676.249710303031
103961,12054.37113777312
105844,17205.112865352763
101832,6588.939409631685
102550,15251.98041229187
101434,15365.640987907213
101418,6933.650242757362
108042,14982.110407169508
107747,10852.02
84521,8613.359771641435
97615,13944.631370765024
81424,11442.745784927536
99517,8481.066137143684
86658,18412.848348962933
91422,18732.11039391193
83839,16544.86082369483
95100,16846.15876190476
108425,19294.32
102439,6774.928748176248
88840,11393.897879540811
90580,11825.0
85770,9425.371548641608
87728,19482.630076190475
89952,24983.25632357606
97315,16603.06
85711,10278.078946428572
90358,16424.578403975116
102929,6962.341
82447,7412.495641606218
100245,15003.861922876833
84784,9646.199133152153
76465,16072.36
87664,9838.578365528369
105387,13039.35465793018
77089,17728.888
81610,11505.860238095238
81058,15995.568593595031
77730,53891.988
87459,27812.469725925926
104036,12247.521777777778
107145,15772.711958964528
82326,31743.348945181973
98946,11819.811846153845
107053,3225.804
108371,16703.133734192033
99914,8013.763830071463
103049,15830.620894748341
108509,12429.530033073594
97598,21770.192
79617,24595.054539804307
95140,19188.51513944236
90323,5528.658552380952
87974,19755.15631645096
103944,7736.624432177387
103018,15365.640987907213
87158,10288.09380911347
77669,17721.446853323505
98042,18416.970557021043
78268,45596.38111111111
90767,7020.576878582882
90669,13170.412
81912,4849.556
100120,10560.982987128951
102601,9386.68958603857
106911,12802.881714285715
85941,11250.665129294903
87006,19687.391497870787
79286,26130.32422857143
97138,11472.589574758576
90797,5534.64147720337
100707,11052.799
107334,11638.846666666668
85757,8695.088665928275
85888,19094.563990925653
99962,27329.174194204345
76188,33918.11675263897
99064,22927.7517716435
77045,26177.588666666667
84655,9383.720198250921
107154,19711.212161779196
95840,13326.9995
82979,16769.33556549809
97459,7657.636304761904
89352,4812.363076923077
98956,20246.082666666665
96121,19492.640567480303
84625,13489.820060961621
98767,8371.717086145665
104355,19675.599538238803
89678,17436.866947686864
91357,32225.984933333337
75998,14848.65814454301
107603,13363.259211905648
86574,12189.323157161905
83632,14196.778774825896
89374,16590.1092
81663,13112.332113754008
85717,6902.648715199926
107272,14620.825959685257
106265,3088.16
99040,16774.245696969698
88694,16296.071915389608
85144,16199.826120222826
86820,12327.16221666667
102396,9501.856031492558
87881,10833.905859548226
76603,22433.74
100941,8640.498220882786
97580,23179.644476301473
106362,15300.854156196252
84680,6537.652584687208
105064,10705.562095238096
105522,16934.01080237938
82587,15509.912114235845
81216,32122.674341748905
77075,19625.66779621684
95633,17265.456875950957
97702,7086.669259383754
106735,10563.802982664514
78177,19461.3682
108495,10058.263503707225
100743,9968.927017697
88876,2528.904
101192,14951.410102087124
87450,11429.254005901366
87281,10067.895303463201
89740,18281.448639527607
91037,16273.694993480663
88485,19855.51121364131
103760,10677.676178857826
108527,12186.201011764706
94564,30666.649377917962
96909,13942.276407017542
96759,16372.87046326642
99752,8648.577899266034
96075,15338.1
93329,14785.307789945857
96936,25781.390244890554
98873,8338.735910185116
90863,12429.847145618505
76692,45263.676873563214
89812,16352.124153846155
82128,13715.302201449453
96066,8966.547845952891
95160,33661.757144596035
94923,21297.90372449686
79998,19958.77341477669
98555,19578.186333333335
84197,10410.454102738524
93881,41597.12400102903
96420,10874.737579786919
91466,12719.865846153845
102246,8521.069954098095
95149,22882.28
92066,32719.262527738923
94579,34808.16
81791,28926.448
87929,8959.359487439613
79839,16745.358038543975
103708,9802.36165026219
78718,21896.017576979306
87840,16380.339139861717
86316,12362.966771852416
106118,25507.45057804774
87923,10169.950798178566
105417,19487.735318530133
95584,25446.96
80187,8741.007
96280,18775.454514285713
88069,7383.313407407408
102826,10054.886025606544
91166,18519.381725397267
95616,28343.722088181134
77374,26121.89786334101
101288,7032.082
88801,14786.547227992442
100060,8410.15655606759
97336,11410.598
79226,15499.951753586301
106287,12635.559176732413
95018,21542.613517403417
78131,17905.668
84551,19093.41830114463
100445,5569.076744943821
93031,21816.256444444443
104415,16575.86233655576
82984,18166.640199661328
104242,7262.216
86170,18145.801393493613
79814,20832.961927024295
94172,31624.028
95530,49133.78424223076
96105,13647.920781818182
87822,8481.1428769974
78073,15285.476143647202
106610,19192.439348493754
99065,10062.44700071788
77646,58714.827333333335
86266,16697.270060881747
80186,22076.032590724844
102645,9416.206520465934
83453,16478.3654
93905,25012.168
90535,4693.294304595405
103695,11904.451607631738
87488,17362.79548331763
84520,10975.234666666665
97541,11562.346515069838
93818,27874.90658666667
90796,24521.631271766524
92896,31749.97782429761
95577,16853.10546343313
101488,13871.689305335578
92336,24387.232
98826,8895.324
99527,13726.14
90582,11439.01664663134
99787,19955.32019230769
107806,14460.697667721866
94108,18858.357910817533
96333,7692.285866666666
100710,13709.00233919311
94129,18221.282047942022
85361,9066.8846
86043,39502.108
86833,13064.807236237193
94373,19057.55495724862
77978,24316.16893547237
96250,17977.111966811415
95594,29505.54
96781,32167.86
91860,28668.052
91206,18738.27126256818
102627,7479.163653479858
89384,16000.1992
100945,9724.389159343087
103337,8257.094666666668
78230,21452.145816091954
103814,12167.58384228491
96429,11745.085304761906
81547,26419.24125238095
85056,25560.605838511816
107758,10062.31827376201
81328,21728.773979949878
100775,7603.709793313716
82066,22760.285365199816
83908,18083.03144682067
105323,11012.693003663004
77492,22655.476
107451,8232.876181818181
77351,12070.968
98029,8129.0870216213625
101572,6711.883394871795
94944,44162.416
91179,29525.18567619048
97780,27249.636149839193
97978,11698.162329644267
104953,13260.382722222223
89173,19689.463019607843
103406,10306.8521
105570,7645.6691650793655
81815,17517.855838454776
83095,13401.72023030303
92184,22445.147638598974
88793,12712.793514462064
81805,10514.792
85794,17076.691058080807
97245,29046.991194167927
88691,10082.96511385929
98261,22470.94678604905
76495,25691.343248979592
100400,9910.618676457096
95964,33326.5
101477,9850.535493251746
91345,20413.610362781914
76207,35380.908
88153,15894.604
96153,17641.506453555063
82291,14702.665595060731
99451,7872.767577224692
87965,20875.77095822511
102559,9787.343905609594
106147,9794.57657760959
77921,15774.956
82334,22023.26
108164,11270.929605199974
106096,9805.40552173913
87657,17188.940730475704
98448,19557.503725490194
91900,20408.46
103220,10127.385783281734
107077,8250.628181060607
78197,11222.185161290321
101655,12375.40297500667
107006,11485.256
101367,10973.689423644188
91219,26694.837333333337
92182,16420.342043733668
81544,19436.28509090909
80496,20935.1194151845
81766,23207.046546341466
96589,8982.447805510626
81711,19707.331666666665
94981,24749.430280403365
80701,15651.050588839218
83791,12899.92358142016
84832,15098.307068491737
108407,9437.118
98308,17503.524945454545
101437,6607.42
91248,33880.26145678684
104100,20085.704
78410,30938.6548
98413,13575.534355946487
90060,11691.356418892146
101366,7087.696
98709,9221.47120393163
102890,8892.87954761905
87962,13462.715272733723
79140,15007.056
94166,32934.70845714286
105551,11218.512
99518,11471.144640978177
101813,13984.65017235721
97443,25792.61398450678
89725,8121.874790752168
100115,15853.362168191801
91893,17427.613266666667
90000,6008.7156391628205
82989,11696.378333333334
89359,16496.48320620556
91971,40332.064
88614,7862.815647077579
104765,12664.684314754099
80918,25355.516
91622,17523.421658433963
88210,11695.546787299547
82019,53996.51969772891
85200,12446.186160285572
81558,20743.188861355913
99276,10850.645057471263
81563,41715.62391961973
99583,9459.95914394307
77201,11120.296
94664,21785.073573771588
99203,11879.89061083744
89314,11798.607719694272
89306,15180.226965881324
90716,15866.16164102564
84217,16934.00114346043
104655,20788.799906405235
92210,19955.112
82528,8695.991469952152
91346,52019.41333333334
88118,19260.06056750842
76132,20859.372
101208,11605.514756812294
102136,8130.352107683002
77562,32961.60737810168
108283,24859.5855057246
100008,15365.640987907213
91342,42683.784
107698,11390.669914254673
81538,10941.228799999999
99044,15166.544493107804
83163,5414.284213210445
105124,8257.32419047619
86549,9735.447199999999
91034,9975.111430482566
101853,8779.748
99837,20506.698916666668
89337,10439.55439719888
107369,8595.954903418851
77529,16330.652819993244
78801,14060.378
76409,22643.32
98146,9151.710352941178
91565,49303.255517949896
107994,20368.940793923583
93945,30365.616
99755,11915.945765298298
78753,28139.16567950329
79674,22366.621728518447
101599,10552.227279901175
81659,33446.897767687056
96322,6947.6463654697955
80700,33584.49910848757
101522,15365.640987907213
93595,25707.109970370362
78924,18408.935717948716
102891,10552.227279901175
107611,18455.374
78528,47880.54821127702
86323,17035.847738562094
103910,10146.96587861252
93854,20014.00408263861
88710,7638.918469952153
82438,22992.77601614987
83328,17929.484
91690,22877.708
83796,6053.86261904762
99904,10426.626220745926
100270,10974.505845936019
88422,8367.324380952381
102971,7832.028983314239
106161,10323.228757445453
91244,14826.053041598247
81158,16959.9374193506
98004,23209.933391812865
84522,9696.937333333331
81215,24334.618151098904
94487,22658.97663243164
78065,20240.690693939396
97766,20748.328
86180,12715.589400000003
87921,10295.527990603401
76160,31302.509436717253
104197,8384.244
100295,8685.081099890975
96012,12631.1786292314
95783,15032.466400000001
104527,23254.26084672951
77354,31667.791384615382
106062,8678.183425923882
84578,9093.658270353302
99784,11734.542
91716,20545.68913985237
97394,12969.217515151513
97254,21062.866586677745
87501,17422.922981992513
95532,14434.126367195764
91011,20245.592687676104
106069,22169.50843443937
105103,18156.723869544363
84421,11126.68863385093
87363,4942.665599999999
108379,13403.608123804024
83268,11950.726210291945
94592,43618.859027142855
84041,15968.758065157068
88908,24886.664512805924
85932,17727.215565155377
96593,10469.044813186812
106195,10207.189253513154
107153,30227.743798729392
104500,14273.817866526599
85737,12471.377122718623
75997,10713.715439766083
79336,33143.544446414795
77061,40267.968
88839,18036.029793655358
86859,9290.279123809523
101090,13195.375523118028
87563,9698.3112
107188,8777.135086834734
95198,17779.578106975245
86476,15945.409592900456
99894,25285.88811484768
88279,11230.161619047618
108121,14166.605526310315
99827,14021.441062269872
107457,29229.379781221473
96509,27969.897355709265
101858,9405.257636472257
93052,24722.288
91879,31420.2652
107229,5230.585944444444
87917,10281.93809863467
82310,10268.517433189032
93584,15654.64561904762
94356,2467.604
76249,46931.85066666667
88386,19281.131283091567
104406,14897.587821678388
98286,5702.92
95310,20102.665797877224
95994,22434.572
79879,32402.175555555557
97135,12442.56411272887
81818,29567.353051448557
108055,19279.887884065633
96474,29399.11348890266
104358,27169.210683873014
77110,11783.104
95124,10591.6208
100539,12853.089388716393
102883,8401.507852154851
94081,4008.336
100018,8261.94
101491,12553.1412802429
89297,21697.826666666664
99337,24569.59515292528
78463,13550.004
97799,14088.440575392913
92138,19879.974142559116
83715,14830.539218141648
90455,12333.515109890111
89100,11632.25735535735
79908,21322.49297158706
91045,17323.973607055203
78357,13202.140682706766
83989,15403.230666666668
83057,7818.182681644978
92472,15520.243314006571
77836,7984.34557518797
91661,28691.51721013088
103107,11108.058007326008
95476,27496.045587761528
96615,13948.030737733056
76337,57464.198923076925
85067,16044.350333333334
95176,15383.902819047618
104450,24684.018666666663
104227,24803.02585726314
94327,15410.055298497404
97056,21953.311557327397
79775,16322.916
91282,23825.792960000002
98425,14884.229806923875
79509,14503.540357142858
79798,14845.797529411764
82615,4296.711
106314,20833.076115268577
88964,11144.331540081665
94303,14284.118565079365
96851,8418.992622487971
104465,12075.291198340157
89500,11937.337876026657
100482,7989.239040597992
102159,8326.123864042567
83242,10314.669325477056
104780,18094.827774313657
83902,7453.069711633877
88955,15704.52854600613
83139,4726.435612903226
88842,25754.839757407408
99320,7717.752304798767
81840,26793.80413850935
103216,7320.664247981262
80734,24151.247
102743,17925.76
76855,27002.805436896437
89866,15191.415587398043
106171,32652.8472
76530,12361.24
77933,12257.712
89304,11708.78
77180,29169.77381977484
101525,12715.803068467789
83657,13787.255954261462
92832,18403.374217659977
102059,12532.939044768462
98895,3562.2
87994,18338.041551542046
86458,10102.688708710673
95568,35241.58617474535
79603,22677.10824242424
77681,12096.04
105596,16572.321380278565
100815,7152.224872847978
77113,53194.987346008784
95519,12727.646666666666
82180,17176.053
105893,19562.128378731697
96087,6986.5933392582165
102458,9942.289784415585
104637,16983.95491325619
78633,20889.37650021688
101205,10552.227279901175
90825,7250.594496225885
77280,30409.78402394137
94924,13873.788885714284
92185,29960.10192539482
101547,16068.438359476775
88425,14563.010294836033
95191,21008.135764384686
82878,12431.042833333333
87900,15111.9218914677
90045,7145.02819637552
85402,17470.81579899315
78124,19322.793931843353
100374,10127.39760112458
96192,8991.238557897872
108050,46577.184
98773,5990.104680952381
105534,8529.03818217743
89256,16739.059455115617
102735,15208.588
101683,10773.745492182328
80977,32407.22434315857
98983,10032.377985869864
91969,48213.132
101852,14626.092244177564
77600,15254.256
95813,15189.370686720144
85687,10791.650927294966
97288,9125.396437802034
76331,16459.592
76111,19260.317007282916
84464,13538.274373331782
102105,10983.989737430751
92739,39935.15757186148
87154,18385.62374292888
76313,9625.674285714285
80830,15151.675061463278
107419,45398.95841769042
103729,15858.594088421774
93796,19903.22038763889
85542,8436.824321654361
89838,17874.48494838062
93303,18307.300273070145
86555,9673.15313247285
81471,23421.2235751964
97273,31882.693983360838
84529,10986.379352380955
86886,2334.684
77905,49282.611650104176
78325,14685.172290015362
91821,24403.497030990286
79209,16088.341922421363
107729,10325.553341015197
88328,10513.233691265026
85466,8516.04825871795
105634,8862.045839215687
79780,10761.964918260868
107271,11125.5
77909,25325.703666666668
81592,20833.647603809524
90946,19127.477333333336
96511,14390.162125
101345,11566.931705141465
94773,23081.747784019684
106754,40017.181196428566
82112,24693.855759842118
76758,27843.21907416014
99146,18697.67319198479
103707,8755.828
84009,18103.41962745903
84288,13380.279111111111
107688,12428.670542857142
98025,17107.086293364795
94529,26020.78345392146
78142,20228.235155419403
98985,19738.79833890609
96366,18268.199333333338
96697,8541.283975143964
93267,17125.110769230767
98625,7232.251951587302
90111,15411.277769141612
94666,30028.114615384617
102390,7198.433519083836
87799,7734.085287068005
101806,9908.876468281713
92319,15997.319768355173
82564,9694.168467391668
80431,30517.412
90298,10546.28
83570,3992.196
85343,15526.123186709627
104567,20923.43508755548
107481,17572.472248594167
80625,18093.484738791612
98575,10549.013246344368
76415,19286.378
95772,26841.091352380954
85564,16613.78880600047
106489,9146.135490196077
104520,9600.748894372293
85622,11177.16540211122
104842,25216.93636184062
81717,31061.93027195829
91720,12830.663669841271
93411,29273.805007774885
91818,34414.77579882246
103824,11778.027952262211
106453,18935.25726190476
96056,22422.315977181923
87924,13104.559
76902,26575.70100104858
107200,32766.400505163445
98825,5618.480247619047
84740,13569.736426394677
94186,45619.376
87093,9685.037397651038
90703,9664.986114054993
87711,10572.60015172161
89763,15718.211663429753
107087,10953.120183838382
97903,11366.728318683618
105393,11205.740574162679
77984,19025.59954971665
93270,31783.702
83584,13266.387086870804
95630,23548.915956438548
92001,10719.98647092907
104596,15155.582841897178
108196,14019.711100000002
94963,15376.016893796028
103813,5344.022661008455
97285,9969.96959281024
102140,8756.082750124802
82537,2576.7110476190483
105396,21993.408986391038
92363,23247.323478260867
87145,11424.932359915465
83808,7275.662093145248
98940,10093.383369875222
79334,20391.786444267804
88939,9647.667394033502
86108,11306.367332662596
107513,19911.030343360435
93992,15512.986045386026
77114,15480.586029505786
106247,10715.898317229296
106460,26459.704244725493
90980,24601.963564643742
91407,41065.92
92716,14560.29583990075
94427,25226.12053755328
79107,52756.86275917065
97517,24926.990896443018
82963,10165.716333333332
95600,19124.808577603246
105627,22017.757560715512
94599,25161.66
93831,28782.221304761904
77796,20736.352087610077
86054,9915.81364696527
103984,6902.260129611384
79232,23958.39460977597
86186,9920.327714285715
79993,15880.624
106645,20450.521671950544
100923,10820.586096758874
79473,6989.5253212121215
78631,13382.188333333332
98920,10428.101766558968
93487,18116.727011521478
89722,8851.830713564215
86489,9821.546888431094
77792,34335.86133333333
83434,20579.11569113173
81597,19207.24866666667
93788,33406.608
105929,12260.464149444822
83037,15430.203570605248
96675,23634.978666666666
85315,28364.05207997689
88309,16824.76534767659
80642,21109.308462768033
85401,14723.855008598772
81449,13588.810837535884
108274,25800.178577042767
106544,7230.610211300272
91643,40603.92009246088
77829,31210.446852873578
78255,18375.44152003223
106408,12127.240695497785
96365,13541.744
89365,13842.626402286372
98758,14034.850816931516
82412,16787.880472727276
103970,6060.572
82004,30155.02128095238
76359,25483.46
77601,20804.525
87750,12982.342672745843
103263,8349.569012068569
103050,18163.224
106203,30564.832701296105
107465,26804.375451152784
89824,9427.2035
83691,13670.533714285715
83517,12124.949750435233
87354,11122.017674056127
80631,47310.872971754834
88470,16826.30362546771
85074,10617.836
106338,10079.619612508059
86031,6745.356684815185
77815,48096.33497258907
94854,30951.40718144603
92558,11779.46599072937
105202,9159.588386834736
79841,15707.765563660942
81027,32889.23727777778
81862,20337.14665559938
90349,15935.982324890665
95059,32799.787461233434
100279,8621.328
106984,22752.57690842491
92688,26088.150666666665
79781,13443.856097191698
105426,22379.366776243376
76908,20394.43919819672
86624,7654.449668925844
77747,23622.00252275132
104911,21364.628409090907
100968,9978.383899470899
103235,3677.248
79717,7436.956
93346,16141.988560846561
81416,51576.44111111111
105745,17051.304178962895
89942,14867.502257514941
99350,17580.5365
77848,16520.368
98163,8423.287671617849
79733,12294.56
106417,10822.037578421581
98931,6763.108433333333
79025,23930.61532992611
96098,23613.033267111216
89627,11575.096185281383
100722,9554.148558086494
89119,8022.425359477124
106445,18494.95200094755
80588,18349.935952657004
91785,32107.582171428574
79294,16504.597270500642
105542,14493.68295122205
98603,14824.7042690203
103921,8049.041523360435
98405,19240.38529857138
79284,22044.604426050377
104738,15454.53508681075
104623,17791.30991282051
105041,12121.456
107556,15345.153333333332
103553,19140.184333333335
88716,21116.624001218202
88844,10047.297406101146
87568,3893.8733333333334
84183,15645.825039576815
104240,17677.006791386928
87404,13455.99623015873
95985,14435.625884256237
95986,15536.801265882365
102723,8331.398712807379
93713,31015.909569444444
97359,8743.425273226425
91991,20709.774666666664
77490,19963.720680700197
106975,10113.149561904762
98180,12925.798531061444
80465,5171.248
98027,1290.208
79085,16090.508
92539,32675.16359422485
92267,25519.107409350458
87807,3915.512
78839,12368.48
102361,9111.705769230768
76828,20664.348
105914,26873.68190770562
80885,35795.056
89833,20495.46627234027
81436,11151.424
94157,25628.730315789475
98733,14631.620229993243
102978,5332.620606167391
81455,18998.021231017054
88578,4611.107272727273
105743,12407.186162770562
94325,61116.18533333333
79801,21710.350926540286
105405,15238.286225476735
80670,23004.04506714611
91173,12846.81201558478
80960,14524.138571839901
80623,34266.676
93516,20013.66
101762,12787.811575619833
104665,16690.853333333333
93682,29264.692329914527
86261,5020.296
97450,7413.966988222528
97153,9305.856030941955
82769,8986.541455137967
81781,12588.980730398098
108329,11050.282135841933
93812,34371.373949077235
81383,15828.032943908162
84306,10452.771733333335
78773,8015.06
85809,11947.793549631851
86305,11129.493118896466
88701,14891.790133333332
99973,7029.274176023976
106851,11819.538
89751,10149.433538421135
83788,7660.489607281647
80351,12761.612
84894,13177.586609523809
97232,10314.321083154095
82689,17115.047020931463
102485,12407.472
96093,11101.124929459145
78234,47990.022664570126
83402,10871.541273295994
96362,30782.561334872884
85275,10351.114963715085
106895,24640.133616543622
87163,16061.803661665397
94751,15586.410699535869
93542,19319.18905232025
77980,22053.2578858002
76166,12891.222666666667
89776,14768.286202684436
106767,18985.183615878683
84743,16825.984458161205
92273,21319.922026560183
97882,11740.860159773914
76744,18515.17108411768
86560,12489.461402416988
93835,17353.572
94203,11333.4437
88439,10085.295948577896
96097,27815.997369387453
105131,19045.239564967935
100343,8801.575687898889
90841,11368.552
90540,8544.389845218144
92762,22967.84680140005
107805,20007.264
102622,8950.045709150325
108073,25283.905740513877
86061,18623.33902554014
92883,22069.284305249
82290,5879.172
87824,10228.437587636792
82554,16401.57579081949
102928,11025.6518009077
77420,15404.157892557345
76315,24797.833999999995
99825,8178.450270208959
89292,10549.538217934676
87301,4348.925272727273
103076,11840.943048491858
93084,28397.72
96934,8011.896971710788
85141,5949.641319896078
101607,9868.430414123037
106992,26818.91744772536
95873,24920.478613853786
83341,4652.756
78017,24698.618114285717
83129,24638.00853264835
92261,12452.34
83824,18088.570644444448
86151,12123.220555555556
88105,12829.113219684677
101848,8591.718666666666
89588,7608.977034004003
93705,24408.656
93017,18003.99556284461
77465,20199.874832788053
105484,12252.78542857143
76751,12370.902246153846
97511,11736.783679404269
102864,10405.072783543961
85858,16066.593754108695
94836,18260.676
85250,8917.8432654642
78497,22252.950689849604
99540,11455.849966544778
97147,30098.876434649806
81347,27236.196
95555,24286.517906947156
98074,19350.996146517773
104435,10309.939742857141
107097,10469.741066666666
92205,13267.66
90822,13139.106704525571
93344,11688.26156257337
84232,11177.362603448275
105217,33378.17067936508
76013,28004.985264679515
102818,10154.000328042328
106541,11973.963
87213,8797.82846560773
94119,20384.651614037783
105753,21388.942827956154
90397,16342.548092647754
87612,6248.871008281572
82789,17925.69893684226
102916,10099.998550762404
104561,7856.3753636363635
105428,12799.845637945182
86677,8286.969072090236
95080,26508.750666666663
90113,9165.038210031435
77433,21529.860869107906
106180,21116.432949893144
101692,8516.630569561157
80466,4561.024
99512,16731.57295048463
104554,12386.51175151515
89047,14260.699055728874
93888,30104.810366491485
89659,10043.022375028853
89920,8654.823683903762
86975,16749.41436295342
91405,27255.973476190477
83203,37017.184
104338,18246.48395614405
91659,32530.603413509212
86385,13947.205178358696
81048,14815.863273874107
102880,8456.826748233032
100237,10441.25430646914
97751,7075.608897217067
85614,6450.842234285715
106145,9621.533640510548
105955,10164.875669591107
100146,9566.969
107491,17913.327942028984
80061,18551.115099797076
94324,29696.894879745916
97114,25628.487100293212
106600,7826.079435588974
90922,23778.931987324944
80222,11883.25853787879
99356,8458.759484697755
92780,21118.00611556136
107380,9039.426116405026
86069,10598.685616305916
107753,18446.75497777778
97983,11205.824
88082,9456.81850789518
82115,11886.632182340987
81634,15867.927548523436
89943,11760.922184615385
104167,14053.76594761905
91010,22280.137197272164
85004,11783.640774345935
96953,25011.4125
78632,13873.420888888888
76114,13961.514701423985
78570,12021.172
82674,13554.403328719145
91196,15159.668335890416
93734,12040.522460606058
96031,25144.48932963488
102015,9304.107802663995
108372,25583.0716922738
98719,10739.266166666666
83391,11111.18
97098,18121.428333333333
104357,17234.972
93495,18149.133253489777
86422,17225.092298958174
99731,12583.245475015843
94144,19666.058423890972
88103,8421.245808583051
105199,24452.54241122412
97003,7556.927354959345
99925,8281.621043376274
92816,15871.766339601729
98472,10278.509816038246
91986,15211.328
84152,7956.797796198572
87538,12809.089333333333
93305,21964.285328186703
104249,16917.613511983614
85501,10289.68080357143
82343,26634.8
80601,33851.72678253968
99715,16402.145696969696
90451,32285.071866399245
98282,10384.296464137171
98397,20303.74595471253
76414,16663.3859
99016,13983.746329574322
85767,11001.211066666667
102787,10124.401674747474
101188,11895.952
85019,14388.813831096546
79803,10835.22445680526
107582,10036.8537952381
98501,9094.32
107021,9506.996761904764
82317,19795.204
105678,2561.628
77931,20497.266810229616
101619,9283.759411518766
76128,16735.699566800427
86460,16995.40688536953
106084,7883.0059796507
80551,19753.74466666667
77062,32105.72255334189
98406,18438.266699282638
103489,6527.215927397027
107191,8482.535159489635
88549,13237.44050485328
85095,13925.906
83923,15675.205956977343
87074,12256.436
94031,25203.088496530236
99120,6072.629910101166
105824,13498.573276328923
82389,38570.506
91994,17160.683379297505
85060,9094.38581657993
87412,20522.911
94683,17895.720685273747
83069,21326.525243750377
77071,28524.0459607171
81406,33624.15543863692
89203,10528.378519514476
82423,9970.067743125015
88301,11589.404266666668
86758,10155.137838095237
94072,16793.43680386021
102247,9986.300984415586
101529,8371.86
100738,11167.151413146812
101790,9920.421487066978
96188,8927.395979633031
98656,15799.780666666666
79321,13090.011150125314
80052,18107.958059502955
85150,16347.322064176533
102370,8161.626616692937
107503,20092.681922517208
76560,21878.939229323285
85319,11058.447717391306
89242,19344.834084512575
89510,6647.933260612994
104922,24109.15784809804
86937,14779.917796532993
107780,40074.508
102448,9731.1
89648,10009.39100756412
95347,21250.3804883501
97926,9912.91874074074
104963,15585.42509879274
92272,17199.326636055022
76618,21860.692744820535
87722,10939.556748043471
85560,15588.323121324807
92621,24655.83831750482
87712,10651.424555729558
91009,28857.488184120924
76199,18970.435
99145,27674.20397849006
103618,13843.052345923616
106072,14871.487230185985
102488,6928.473333333333
79837,21514.122095238097
102792,14711.268
86565,6159.745087646653
98631,15326.145917360327
106374,46762.904
108222,9142.792
92127,19586.450666666668
96068,14115.150983210255
84411,12153.251014229882
102143,10651.428018392988
77502,20866.379996052237
105514,15740.416601444016
76896,33696.78869471182
104868,20860.4568
99686,14637.132
96721,20420.650163479488
93026,19485.922822192515
95961,20801.20873429974
97465,12738.211600648654
86075,13588.996174549613
106946,11609.447952380953
97605,16662.84459714802
83156,18434.051666666666
88123,18534.044666666665
106817,9980.724
103245,7210.7543585572585
78564,35722.1232
81879,23544.54967587673
102330,8948.738487179487
98866,12097.812
87178,19661.625058029575
83106,10266.165465249229
78280,17383.41866666667
101161,11906.711426745125
96047,14740.90089602838
93044,12105.566224175824
90176,33893.60857513952
76585,22071.276622407877
99524,22862.2377716435
97467,24256.530630158035
95557,14974.700966280567
102816,9238.17806327005
87141,13745.764965926779
82602,14981.055909874955
80108,24208.884
77871,17000.636
89910,6997.512092552273
76255,11108.86
76231,53333.33201267545
87089,14606.615547619047
107635,15115.30269439391
80916,26885.131312179958
95179,34099.096114285705
90694,7447.339992427274
87504,19101.473577495057
95882,18412.412208024874
82944,11847.142
90862,4239.6422
89494,11005.940071966052
81196,33159.0161
78258,26908.562428050674
98420,8469.52672267425
84051,11775.281862447882
97011,12594.670342243184
97357,6953.645736047354
82683,9931.850771541538
107472,9268.26552889741
101033,8360.038857265601
86376,19617.501972424645
97773,26711.672688444967
76448,24168.091395514435
94912,24901.595814425775
100444,11028.211800907702
92364,23483.384
104206,24829.119979620347
82384,27006.600361536737
78524,27767.33712535366
82825,15469.815216249706
81519,21848.62969090909
89462,5633.188329802191
94783,27850.716604078276
99101,9031.331185047427
102363,7482.248
107901,12589.788113955532
107950,31078.140851112297
94631,23806.7577914151
85176,8890.286623031543
93934,15859.881342245988
99621,3126.064
101616,5550.643832663119
86156,15760.947485359164
96327,7706.873085235921
89538,14571.001656330305
98236,20750.56738888889
92253,21472.00163505194
105896,17594.312624858976
97333,17243.16
83166,17920.46766666667
96224,13859.276
94462,24382.114175488856
82796,10661.790079512613
103597,10423.45053725433
99905,10876.686015598325
107349,15599.214285714286
76754,20313.48
90912,26822.2428926355
108289,26258.56006666667
94106,29873.434882400088
86956,19495.168
82492,7859.424995128205
81747,11961.572666666667
89144,9929.998164982579
85256,11764.555501583456
85342,9408.877333333332
108054,13820.54
94681,35793.425
86244,9826.249857142859
81028,27822.443814475584
86773,7605.191252469753
108431,20077.736
102839,9963.410016167227
77700,12240.58
92967,21422.77866666667
91982,19724.81084126282
80639,11676.507098289121
97770,11153.088222222223
100460,14538.052809400544
100531,10123.025313561026
84508,11331.74
103706,4527.564
79723,48866.18833333334
88897,10475.952575761006
88695,9978.84278948052
87380,7692.171587513935
76070,29113.00301226551
99342,26136.83279847565
79110,17166.319595658406
89341,12877.295293516196
90330,17551.23050553439
93894,39519.70076078431
104137,6333.201022222222
89113,10914.597403459546
91150,17401.30458983982
79621,27047.823385034928
86822,8324.862
104869,13836.832
93874,15747.503030607837
77606,30574.505222599317
96981,8695.164493880051
88437,7782.4100131313135
87834,10407.353504184706
98923,9635.98506731112
108118,24003.388776412005
94447,18219.337235677147
99454,20651.840913355256
82144,14674.2
83494,13758.627613186814
76545,16895.88362180231
85852,14171.31629571949
107056,23312.38033333333
95419,9789.288
76570,15477.913333333334
91325,19250.27403647318
98990,9672.761158976617
107639,15854.133301886794
100232,11065.073762770564
83318,13967.337930707828
82277,41030.429142857145
105198,16494.492508652256
107660,18735.92229745084
92349,25879.73948617214
105445,15969.027905140283
98333,11829.987016432986
100919,12796.577567374487
94295,31895.52880331833
105853,7373.586051399961
100457,11269.49780092278
77726,16301.98263260942
96027,10468.033723809524
104201,12042.655
105205,23692.798467261433
94718,47336.11074179082
96617,13423.71758644828
81405,11803.011949800639
98642,15728.228
89156,13545.822176941983
104916,11292.487150095678
107696,28347.814599933496
87902,11303.696
106870,10061.681666666665
106153,13332.766614215117
85108,14605.260105297953
106590,14984.324988444583
97948,10397.139477749179
77144,27992.446819087338
91535,13021.38035995095
83900,4328.930666666666
107374,6339.64
106805,14663.235805283317
101971,7078.8245528340685
103690,8156.548225042759
107830,14316.488966530476
105302,17312.277944836456
90504,11857.032532216841
91865,17895.44054719704
107204,18982.446175487836
93231,29248.980235129475
94654,17092.649282668866
107435,9672.454555072463
78616,29536.71723102614
102268,13527.022936189738
81320,19468.51986618578
85005,12021.31573497591
98032,7784.978572468586
92938,30224.29526175045
76177,11269.923423809523
83869,21814.133066666665
85806,5923.5154019072725
77987,10454.153546720685
103802,9797.176102105215
104020,22847.8
93262,22006.75696190476
92988,24149.824
84434,17767.426166666664
95648,34848.096
77947,31764.347782946486
76135,18271.52
80971,32930.459525145336
105584,11281.517416666666
85530,12016.492
106515,14023.056111453046
80686,21339.424161904764
85040,17188.940730475704
77404,9013.432
91234,38161.827
99225,10608.820154865478
88808,10841.773435843454
89948,15339.526001465201
107161,3928.924
83683,10878.704648838706
83709,18066.084740821072
80256,19088.088011145726
83504,13237.44050485328
90112,9505.925435205967
93042,36074.39980000001
89466,6378.8880906000695
103405,12851.592098263756
86026,52154.644
86824,16200.538888888888
79357,24411.036
78812,11846.9
105364,17688.452
105744,7224.043046097615
99819,22007.716
91051,22294.471095266694
95688,21065.07059375662
102174,15914.14
91914,47020.58
86568,7727.174124878361
98761,1752.024
101252,9227.655792788837
91406,19788.439956755366
78069,16076.208
86168,20083.33949123536
105858,12058.259
83972,17394.09291331359
107196,22890.136733333333
80990,11239.311858333334
101095,13631.045993587271
93806,23023.286394121296
104535,8229.607452252263
99257,8815.01869365079
94967,15932.4
94257,17451.479318491933
100543,8331.488
96277,17925.5360645762
78730,14469.566812698415
82370,18795.110533246458
86050,10817.859354257762
104245,19643.642073849118
89903,11852.128272803518
106353,15458.27
90055,9335.95
78070,26220.16358333333
84302,11498.216707240059
101048,8677.319
97981,9267.48224
85001,15487.271336385837
79444,22878.79174160291
88862,10928.784707359306
90445,10154.470770146523
92203,37978.59475912755
100623,9742.377280977667
94528,19866.138885714285
94482,17891.56544422557
77706,28068.29424076649
100947,9648.327612408873
94367,24461.215569335214
108205,21137.77499100117
77256,27346.016
88458,18465.009333333335
102997,10174.797952605202
88421,9742.830771278344
86001,10054.097660443142
97594,14741.234661703205
76992,28467.30086418269
92157,18459.112337374136
106018,7779.506364062279
85491,13311.110432016072
103359,9484.543430324948
101024,7506.9102885459615
95167,33234.241517216906
93493,21521.580397048383
77624,18911.474
76803,26857.893001261353
77142,21383.282267419712
86693,18465.47462930984
101755,9655.439497996138
82229,29011.124271496356
105220,11606.041161992338
81442,41425.686530814215
92017,10601.148333333333
106471,12139.653697841726
86231,11198.86851111111
92036,24434.11144159081
93224,25294.12
87139,9467.718609919057
107623,9689.298926552014
81066,27065.42210452993
97790,13027.258315151514
76514,21070.15903022022
85297,11507.324825396825
93020,11475.278060242897
88666,18500.117597113996
98711,15098.322047404627
107486,20853.90858292801
79363,28438.528
88053,8091.120410513085
87127,13671.610206837375
104704,25038.03586445887
103808,9772.71185654544
90199,26888.613238095237
92950,67425.936
92002,20249.809412686358
108435,14122.187033022225
86748,11235.824627192982
86978,8133.725885087461
79932,32467.041780926116
107382,6717.633144022243
82616,13530.679080964219
99198,21934.033166666668
96788,7788.397503821002
92073,18884.305069892474
92060,17075.611577607968
79559,7860.687266666667
105276,19968.933666666664
78536,18105.498530430403
86795,16215.51461355409
103739,16493.72857278123
105087,19695.188
106499,17482.372959979344
81009,48928.04889712439
77053,27115.681652665306
104832,7230.111173326611
81864,11794.971060421924
102634,8594.21776489001
90510,7288.615288969385
103001,6837.560727272727
97323,22590.11304125674
77996,30200.38
89082,17276.859095088057
106910,19236.79563486422
83882,8240.17936649764
106459,21942.669714285716
99678,6902.606336421014
92583,34469.30443813814
76986,21993.605940421356
90844,8562.603
94286,9865.23682878091
85208,11470.453585810612
81224,19915.194501587303
85569,6814.844
78152,23344.732092696464
93054,18551.872113925187
93481,21601.346562848972
99735,15135.036649605207
88060,15267.080808080807
97546,13778.58476477874
81083,28830.632923971116
100259,10503.386761177557
77751,13525.379339285715
105093,8012.199614987099
94991,19100.181372386323
91352,23779.162865618495
99901,11495.296
83577,13862.580132221485
95846,34746.19422222222
89917,15234.713123109266
93394,16285.735013608208
102805,5867.871832258851
105448,24614.731166567304
108444,13419.981307229818
100862,6581.86
95006,50521.617480628476
86446,8353.583618040038
90906,21216.66309337845
95336,26849.373864799254
94904,12729.14
81105,14807.608387346538
78132,11912.765123286545
87302,11173.139944872399
101471,9791.602065937815
90015,9833.730220371106
90539,14633.143892967506
82418,10034.968
79940,19209.80453655811
77401,35962.012
79054,13154.756
78493,47410.603111111115
87727,8546.66579325397
100390,8037.271470498378
86020,11783.832061416844
106293,25728.182458275973
105435,12315.289912215052
81992,28176.96236993687
92805,18497.228990142565
92871,22609.843060039242
101833,11904.588
98352,10833.058666666668
98629,9313.08709988071
79700,16561.298746572615
99710,13369.336
84526,19689.589050228886
98636,10331.768
106829,12382.279580645161
99652,19034.01858245614
85469,8719.348993746584
82224,20943.547681673772
81899,21949.8702
94817,23636.899269795183
92379,26911.68
94423,28959.756
94010,25751.358333333334
84867,13587.869967537446
84679,13612.54621000471
103292,9841.176
77349,17848.068
77697,11613.868
103017,4490.022088888889
79727,21512.46688276574
86490,9874.294569157373
101009,7412.459942388358
96540,13947.912
106974,19699.33298811618
80055,21330.34222737461
102035,8549.72
87843,7708.147382924408
107868,22531.191995145127
100831,8734.833693716699
98936,10567.796322944621
96915,28231.579689123097
88473,18874.120578099104
89030,12120.962885605939
95894,21067.222777178235
92113,21593.732063368785
105809,8758.825506428333
99360,14011.6
86746,9181.3616550937
101917,10131.304770659795
96687,13532.020092340992
101210,8431.911133333333
101146,10156.562145156011
104900,9221.909020392724
85924,16409.926202282368
90544,7667.4599835484505
93003,19902.426295901074
98738,12683.009633033354
99884,7792.318798823957
108053,26329.59994083537
90188,6615.283386033032
91970,20586.81
103257,6969.302957269398
83138,8697.937755928102
104017,29279.686556772285
105104,7020.07388463009
100054,11345.20171514939
87155,19101.06305129803
107600,10885.904
80848,30483.11398024757
86709,15359.47889362735
106214,29752.775799173323
91963,25588.762443842956
97698,6067.800094117647
106109,11968.615067765568
88231,9659.433669305536
104537,10726.958201136413
99388,11317.26117048377
94517,19216.243760509842
76658,46212.332
107430,21448.105314216984
87408,7234.931848716035
105971,16668.341666666667
90264,15164.266460186831
78434,17956.456
88248,18247.610899551637
103386,7580.5919812744605
87862,31471.904
83101,15970.314447363757
92350,30000.734475609344
98624,5591.082254545455
97298,14691.97230827606
81919,16911.188745220603
80556,31689.796
98141,14231.598937478899
88205,15492.529590399388
102779,16068.438359476775
99926,9932.144301451774
101484,6819.765876948667
102869,16786.9275
89043,13562.53302943599
92878,25405.789339043917
101071,15467.64310989011
106583,25488.26844389304
106819,9716.436122524816
79956,14787.850623798757
90659,16798.30833875146
82276,11576.874082051283
85881,16971.895524532385
76753,31267.00232027199
102970,12639.484
93126,30897.859523809526
97964,12074.015772082761
81951,11738.579
101200,12555.676462878242
96104,30607.460916648033
78169,19226.661097910746
90062,11972.882837775805
100918,10034.781210229727
108353,10349.645111111111
96642,17985.585300083498
104763,10473.621384615384
100926,14266.554284622276
107597,11169.747044444444
102765,6869.989747716523
85805,21132.723650760454
102162,12954.906
82952,15166.042095238095
94184,46929.27775515015
87797,14322.407420323088
101511,7488.016
107686,7295.968
95366,13432.312
78349,8173.78
100908,4051.352
96196,6278.977014399834
107677,21572.79925366569
93603,21960.798874583936
99861,14328.084736238554
87456,15717.68077678222
82484,12735.916409208256
89252,14025.423288735554
104243,19446.456997342964
107181,30710.844229428716
90446,4101.985442424242
81412,17630.53934014827
86732,13705.168152778284
103972,9350.612468258305
102586,9287.840496086392
82466,13913.311425379228
84937,16446.60120522015
103038,15365.640987907213
104111,19325.285387794203
101111,13994.822384236037
107812,12667.734571428571
81483,16218.30530503979
81303,18001.602437823032
105370,15108.839657142858
80504,27053.095001774265
85839,14542.445485030525
91560,16653.396745870166
92722,44280.69780347774
86115,17592.984982277063
88062,24813.732
104876,17506.484
98777,15365.549655189372
92504,19591.400109792416
94025,12047.445745454546
87253,15029.056445497832
106668,29549.79692269989
100007,10835.82909303754
100956,15500.150484774053
104055,14210.748466005103
83761,8516.021882895757
79429,17221.257170820667
104731,21202.4780390265
104125,12209.310786813188
95628,23170.779415703437
80913,26885.32987514934
85196,12765.278283878419
102697,11578.332
98587,6022.736574485008
106771,19074.57667264008
90889,12965.725500000002
99697,8652.731377850276
101404,8190.174091495842
96283,10511.409295100737
83072,8134.099200000001
84053,10912.028
92435,18675.211853483328
99445,11777.020220370581
94604,21351.58639297508
105585,20953.872039682537
106189,14023.808
108456,32117.484
107914,12292.541333333334
105646,8941.08695238095
99808,20509.67593333333
101337,12680.489219247638
94636,11611.046
100480,7522.46621433639
104644,25605.190502981368
96254,23869.88515942029
105238,22622.150281955393
99534,6692.110483383407
85285,12598.061069879926
82145,21992.66109965883
79604,17509.83238523598
92928,24636.465263381102
82245,28075.476787358748
100973,11835.148429711962
76365,16514.484
79164,18630.17079823416
75989,16098.909711111111
96557,20716.208
95029,5818.96
107817,7519.516189383825
98521,10932.29877439186
103150,12111.448853744234
95850,12947.28821916856
102008,10418.31060740741
106002,13810.377743589743
106077,20658.512
83367,10273.611066666666
97196,14297.368
76566,8104.96
104384,27298.697877432525
80692,15928.762
101094,11016.561059409953
81800,18883.21661728943
86722,15312.130962258687
100318,14376.929028912482
104827,21937.542
98244,6539.653429375624
94712,27177.81322352941
98393,7409.250932243912
80771,5384.108
86607,17459.78479076479
80768,10953.178253687509
96949,18969.598266666664
87207,10517.894336013269
84629,10059.562544444445
76136,21201.548459331465
76644,8874.076
107649,17262.905333333332
90281,13001.611208484886
108187,14632.377481481479
92025,34993.604
99737,22715.050044370775
90801,17370.529487179487
100790,13693.572058285066
102558,14624.472
98713,9716.6
103633,8242.241264224189
101449,14410.314
81515,19670.172
98364,10412.418095238096
83966,12464.60866441819
99995,10479.918769230768
99150,45132.43862551048
86873,13746.383289325015
83731,18701.714871857297
80810,33645.93843137255
94650,18017.468
82521,16819.808766764418
100255,7345.995047603866
80454,9443.2396955669
105154,12959.985977800196
79689,18877.6530188015
86810,7258.7032984861025
82113,20206.768167434715
85929,7845.524606685118
77522,26572.356
103578,4511.781842857143
102688,14945.7042777398
90791,18774.982563407382
94401,28319.33055151515
76740,17826.499410791006
81666,15005.578094122535
100227,1297.482
85673,10422.028312340171
108395,22434.914489117695
100214,4782.912
95659,23588.80861897331
80490,26705.003682926035
88384,11459.992
107062,9093.956467532467
105277,9073.9
79265,25926.980296882455
84984,10690.77015
77376,11815.20794132649
77355,22732.801930008267
86313,17783.565474232808
99285,23985.413577065843
98028,12601.093458494515
77611,15518.05542857143
90056,16534.31060359046
84773,10100.573454316493
99264,19299.406026625387
100948,19425.056
82379,27692.48
85047,18055.201166254184
104114,17371.399560972135
107632,18683.893623126
93536,16262.594442650749
81421,37563.74010834413
104793,36105.579809523806
88141,15001.026365476324
102679,11599.128285714285
81051,28052.815404674366
101005,14529.198646879508
97532,10305.334045417902
102499,16711.11398827008
89537,14444.633617441974
93046,19000.207955805192
79823,17878.212
98882,23235.639540096618
97094,15237.131499681445
82461,11330.461765413535
86118,9956.184380952382
89801,6945.249681208201
83127,13634.992
107519,9740.890505347592
82583,8886.634487709023
103259,8785.026861660079
81152,16302.163453783665
106206,27176.92453784633
96706,9292.790197130627
88303,16404.959523809528
94241,25547.1506
95076,25740.8594182774
107546,8290.20390909091
78467,19069.32
98304,19341.35550283848
95393,19592.68516366146
98134,11772.125704374057
104152,18337.676
76818,21732.322358932593
84707,6689.656
87889,17283.681178612835
104736,14478.680184246454
87844,17655.594178960033
88388,9704.045874623574
83940,13685.23293959106
99536,18555.48990824622
83313,17140.665871579164
89864,14225.946393594975
106944,19416.42785645933
105635,8502.286180093797
83110,10632.58977041145
78937,40409.776
91724,20096.008896476724
94886,20891.96910454122
91449,19247.13597109832
81745,32671.68
93405,14316.910888888888
99402,3388.932
94317,13641.768051510302
78503,22104.68793781718
87111,16215.51461355409
108538,14656.242294072748
90689,7903.184307104509
84402,18478.835715361325
80890,19303.91072431777
101682,6559.003333333333
81874,11285.410015619307
84259,4915.119666666667
96616,15081.004
106173,6773.373775202156
102534,8114.924924096361
81629,55725.367365547514
104910,13095.592687530425
92100,30635.228006060606
98454,9743.244104225334
81880,23096.40404932282
83346,11598.24553222482
95335,23612.028
106693,23145.220325894283
107432,10036.8537952381
82694,11357.20061760785
100199,10714.854091402029
107361,22913.001498064797
88659,10034.704242424245
84237,5568.283766884693
83666,10069.87496436813
104468,27923.715837517266
95495,15831.178557955416
84298,17188.940730475704
108427,12427.335697841727
88238,17407.578264672557
103836,14263.656519619733
87394,10459.836944353307
77799,16573.392
97905,9391.345242682968
101142,15620.584965476492
103274,6809.102297671199
88302,13810.585714285715
76533,12123.017324463934
80080,22692.431333333334
105134,12085.256
100792,8808.389515581162
81408,19327.98119374784
80410,18496.093113990693
86355,13418.004375122804
100954,6622.244
93799,17668.366476190477
100810,8214.12
80379,18248.700255392283
107796,20362.826491486594
94046,16302.754761904764
99931,17437.016694892474
85890,3109.984
106923,16291.628125843748
98319,12553.973571570905
94853,19068.4
91069,54268.267687517335
78790,7976.3
92697,24958.77795263016
94765,32551.690366510797
102150,8195.485142857142
105768,8659.196
81755,20809.59423809524
96933,9662.309450523573
92136,54869.476
96082,7441.981333333334
108457,16269.80405874353
95142,19624.030024772066
85688,19557.946498623496
86672,13370.497446760462
107583,10920.096367777776
93369,25836.258403974633
97637,13270.262437678097
80868,14527.8720211039
102315,7779.329889353337
108428,16678.351029511457
99478,10256.975106019096
98906,6475.421474525555
96394,10114.031020840946
106032,16583.91278449701
76121,18061.16819047619
92642,19600.452436363637
94725,24852.63766666667
84528,15835.045372813996
104492,12296.38383238095
98456,24365.81328483346
102089,10524.06874978355
105274,7336.837407606339
91436,30461.973866666667
99127,4295.7471175824185
80416,16897.667055244423
83419,7643.253977055195
76209,19621.812
91874,15256.066133333334
107892,13550.888006993007
86727,15203.556
83096,6807.284358010381
107036,20427.14790482178
86096,8580.16055
89684,9900.465358784428
105301,11050.282135841933
79056,16388.274133333332
103508,15399.820673223723
102651,11974.29664006553
76605,17039.1
99170,5960.323369964633
94850,14236.770944478816
78638,12268.675466666667
106031,16953.548635215404
104955,11477.97245124183
101565,10092.862419657517
105886,26401.248542398393
86499,11754.094146815365
91809,42896.76266666667
86033,8680.21727653862
90761,15479.812456565656
104168,22137.77210224913
88048,15237.248611746756
106343,27652.115639581603
96568,9795.287771881332
90082,33777.455553494496
85659,8126.460103015612
102950,10545.868638588998
96231,9629.004787519909
101781,14883.576
103210,7538.902044311705
95174,4199.736
105594,19500.201596825398
107809,23015.89526694701
81222,33623.828010256424
84506,19703.152
83399,13448.781295238095
88318,25678.945333333333
106235,23367.194366112242
83952,9263.912703240572
103610,12051.79692183865
107273,18911.827742640722
102134,15365.640987907213
77708,27707.160150075815
99754,12911.143433839039
103372,11714.765599416512
90457,8101.482385100907
80228,11824.817512223255
105630,18158.75537757567
78448,22098.48
86729,9655.896577550751
108510,12064.586879999999
79686,32315.816130173924
82677,17226.732810127098
94161,24282.259140951428
93064,14343.703580952382
103595,4643.236
107257,6519.4281711803715
81162,31460.34883801013
106410,10191.332979667675
97829,22778.770994262886
92429,21572.29010163368
90183,15395.736529824564
83816,17307.453661252068
88613,10111.682957961433
90025,7099.617159051903
89004,6819.226
107997,18602.16731331332
97458,16190.653638793034
82737,9580.350144468448
101739,12121.65523110116
86766,13930.33834880452
77098,16085.960433213873
93598,17194.53080803254
108115,10951.677142857141
107653,36741.8947541956
94706,18555.046813420537
105344,9046.760871254854
87516,7491.761670377755
98959,7035.407977421981
104557,9520.429413793101
99137,5944.521793710227
102126,6169.546400120937
104455,12893.620984848483
104278,11081.968262003884
80331,23477.815005856748
90087,18659.079446994812
93700,31545.224
108517,13484.801095382203
97373,20611.07988591567
83394,18920.653207533283
100989,10847.610133163962
82625,16530.649305152925
93457,12215.82400460901
103186,10426.626220745926
85133,12013.37252881611
101198,7340.66299962482
102095,7535.563306216467
99684,12620.151418280544
83595,14245.900333333331
76960,37516.20266666667
103015,6586.692
91987,51645.728
78825,25991.554209743594
87668,18791.13783225041
84826,18557.116
92309,11657.948
90969,19582.07628898631
92987,18111.663884615384
105317,17001.937987878784
93606,25148.06673353597
95536,46539.55576470588
92839,15366.371127434079
102133,9938.146672150073
105225,18825.670857142857
85627,10181.98946846724
79013,44869.828
92008,30119.99437634947
80983,19041.31827142857
106475,28095.465715942028
99357,12202.4
79246,23552.92077743842
83200,7097.693217582418
79656,23311.737838493293
99031,24972.21349417051
82780,15721.488333333333
88310,11460.9394981104
98056,28071.860290010038
77289,19506.6505
105503,15518.730566666667
79198,32645.178666666667
93429,28588.076
97172,12768.880831578948
105958,19551.129367603386
103180,3463.496
85825,8899.1636
81725,33083.94188235294
86590,15878.187262271345
92366,30078.306344350134
80589,71237.06
95454,17671.483207936504
104525,6966.596403272332
107646,8901.904
99226,9076.416127938728
77273,20346.214467790076
99642,10719.684
91195,25232.039229863574
98641,22066.654680253352
107724,23261.705479896966
89646,28149.1816
85873,14715.169717314742
81468,32591.02
97648,7227.273256814717
85573,10945.751045067538
102394,4302.632
77771,21003.754645450666
88122,14076.42536306431
85640,15114.752
97560,6125.083395648245
100584,5617.165166666667
97404,14007.03805367246
82414,10467.074611019973
84609,12725.695206901311
100462,10320.358352693975
91573,15834.900715248874
94716,18817.952
107560,26003.678233309824
79627,23414.678591738975
83025,12891.505495956264
91918,9482.8736835151
87344,13905.435553879983
91683,30608.442
77259,13086.41761904762
95887,21454.276571347837
96802,15485.8436
103965,6000.540795848596
78110,9558.093416017797
99144,9610.5400374048
86801,10710.487006995902
88181,6895.766
88262,17857.552
85846,19604.553760513263
97896,14351.939037965058
92462,53665.92561744041
99668,21342.163272727274
89440,8026.183141590383
82867,27785.55401745508
85857,11055.624481806066
79583,29939.564
103090,9617.819522431102
104184,29800.53070298634
100921,10607.952
83124,14550.354855259195
93320,22911.97443340853
81985,25804.57191462134
89618,18286.754379219477
90086,8469.826399954625
80855,29601.403376937444
105114,10045.2
92497,24666.901745919367
89049,10045.703523809525
88584,20809.096
88019,15719.434250738352
80119,21313.197461060143
84879,20635.936800126074
99293,12264.152761904761
82515,16723.48
97600,20468.008370249358
103737,12518.150305315756
102387,15926.8
80404,32335.08397142857
105785,42008.06962297979
76379,21605.137722943724
100569,14999.597762904083
101553,11101.559795007603
105803,10444.46
89151,9189.036106391764
102960,7630.708529316196
103094,8858.2144
92146,11397.028
97802,10673.655425587656
102939,10556.833651287907
101492,10681.838839802476
84207,9994.367069118274
86995,13445.101866666668
90024,23148.37219965254
87536,8922.632665928275
103571,7297.563333333333
87529,10782.496325325845
96756,20578.3554180269
92326,17721.699473021104
97609,6603.554728424865
75984,16545.44909714143
80733,34735.66
77150,10759.496
102496,7661.435880594495
86666,16421.86312418553
78836,11426.576
82444,9631.829984041897
104414,20876.43537885482
98585,6873.856585714286
85191,16831.884
88013,10563.406215962708
78962,20812.892
101510,14818.01739679464
103438,11647.201496605918
99474,11072.586472880945
87180,14814.814584946238
82983,22863.8296
87503,9408.952
90410,21561.96207827039
98416,9035.184
104117,11210.74055278575
84900,7522.334606513927
88565,18948.416
93797,18515.702
108131,44719.42065697613
78848,16139.728859499468
88151,12859.741866666669
85081,11220.484225734654
78163,9833.887372527473
106580,13092.197866666667
104638,10187.931961904762
103696,11349.525146418307
99589,7898.966360864964
79699,14012.592745981035
95129,26900.517399999997
102173,13177.29124076569
92811,23484.435119894264
84986,7805.547442682548
84162,15606.193207951383
77340,25797.72841666667
79685,29684.632907014493
81423,25181.82719500921
93745,19767.010472239577
101399,10025.611261414142
91611,23680.283250363518
76973,14078.152
83734,20893.51885233637
79526,20328.732
80087,6413.548
102186,13830.109269400544
77640,28217.23812260474
105138,15356.748
79146,28288.865333333335
91713,12610.575221553887
104230,25490.362265008538
101896,5876.566062515261
107587,31158.338061962913
76461,32185.337180455117
95587,30190.379711110756
96185,11113.485292042298
103181,11971.88
107643,27032.397920634918
88948,9920.472066183522
97565,25131.120903255207
83821,10944.736761904762
103781,7244.124
81677,53996.51969772891
107975,17427.0528
84106,10475.14290909091
93060,44906.56168253969
81078,24398.279699215105
106748,19409.576
79264,29771.832
84098,9505.312064034337
87838,21957.683219504055
102957,13467.112997544755
89353,10838.748727272727
85492,11345.5205
107957,25106.87198879552
89938,13508.780380525572
90260,8037.356578399195
89571,12378.392974272856
106963,10152.524
97266,11152.59314560335
80413,11626.43521186813
86028,10938.967490909092
93343,27254.143100171405
105232,8057.620777777778
107755,9779.110701230995
107326,11336.634
107571,9389.019117661803
100062,9846.528066049346
91477,26128.905238095238
104598,8719.317976578184
98614,9004.426880726101
104034,27994.597429737747
98446,9275.869886971053
103023,6221.6265482539675
91550,22801.169214892157
81211,20296.44
90619,11787.707968253968
91525,40166.69466666666
104422,21121.631680163708
93555,22486.57136331469
88346,10434.68738229973
102067,6338.907462458164
107051,19300.775192723257
89642,17569.994454072163
83492,15053.6104
99169,14372.768
85964,8999.064021947239
85179,12565.566666666666
100677,3279.264
85529,12437.89384619461
86198,12596.836914285715
99532,6707.140941178534
80443,31903.74566666667
93248,21756.62436802205
86958,15084.070392063493
77942,26053.606321776377
88568,16020.541829128877
81730,55844.396
98884,8652.811377850276
82267,15050.833390808919
88088,12150.486078675796
89578,19148.91657142857
83568,27119.61933333333
85083,8203.328
79222,17150.607741883385
82543,10279.17937665733
82611,2552.088
99708,19748.373005572757
97699,6283.3201737626605
91371,25482.72208888889
101757,6027.012763125762
104417,11645.68
99830,9607.218091001365
88477,16581.580837750484
104614,15633.902587406508
76098,29726.570372649574
92143,17719.58835262911
81343,27640.95046010381
77212,27824.538149983295
78262,52505.85981285125
95097,26633.858329780334
84440,9963.624207496998
96942,18178.97830356728
101584,9803.81386077156
77202,7689.176
85173,16620.747747396996
82953,16824.487629990166
81151,24130.875479007456
104377,16949.274748360036
86697,1236.52
96650,12479.633455025503
77031,19545.097104266202
82235,46206.43123809524
91333,15144.696
103393,11935.530125424219
76254,16919.070051131344
101592,12993.180661252414
101865,9766.392
90819,13817.136651407676
76941,10713.304
91974,15942.975033994848
102930,12600.496
96310,19830.81879650018
77912,23730.904
108119,13649.435233983717
93631,17481.856759676346
76592,18721.763384615384
94282,33947.268
77715,23999.891336183264
93747,18703.82457886088
94560,35204.58513939394
90108,17277.315333333332
102128,7275.135755644898
85820,16351.465745631427
79541,12287.420337974427
102901,13015.797165078004
102761,10710.350690895242
91536,21041.995824545418
82089,13512.918203548088
108489,8910.438424929973
98409,7455.883166587206
79151,13214.49317864967
95549,17895.07733861456
85472,7370.573019355484
82072,21748.52118286713
99386,12899.152
92932,29716.17089360999
86525,21303.24095238095
99013,8871.243907159507
99472,6856.97682346575
89967,8106.590302464164
106604,25284.004242334686
91608,13622.99315238095
82249,25537.429193583972
85445,18084.128362559783
106905,20533.6145514718
89122,15117.507634890033
87056,15780.331971495232
98254,7428.410681567555
81697,28606.952582241338
102542,11593.165666666666
86804,11593.624
92626,49624.18
76602,39487.88
87943,11975.70967470356
95438,19102.396179898777
95823,17081.471798294493
82403,74295.988
79347,22507.084
99419,14474.459137460844
88561,9144.5844
104572,6335.916
108507,27182.373666666666
97900,7573.884321592125
89733,13548.49342820941
86211,7141.352452094774
96713,16116.379366167053
107123,15362.022084576229
78086,18887.972
100576,14532.456752307811
102589,22202.94736614702
104477,27244.554094992858
103487,14356.804181440022
79189,12380.450588842969
89098,16954.121884960907
79787,31058.004406488493
84294,18936.91390566535
79128,16832.80741111111
90269,8581.137333333332
78251,20886.39093688845
80572,10205.096800000001
75986,48666.25936928105
77619,31406.886169481935
105025,16912.45779696659
93882,25127.316
78338,23610.458542958495
80621,26469.459615384614
103601,4305.143333333334
88170,16436.054244444444
102889,12323.175136111917
76347,22697.134422909483
106080,6315.567466666666
98834,25713.527
76498,34808.919
85104,8496.127039535855
87534,10581.929051337784
89883,5206.324403567505
88738,4281.408
99252,18466.844384083375
102696,10826.153950268113
95948,22085.611960840397
105438,27919.181259946985
103463,10552.227279901175
100261,9748.358781431158
95315,22734.97685805107
104172,21553.552
76502,35014.58938095237
91569,27133.156
96071,12638.568046808967
105936,15337.69261592265
97089,16593.456333333335
85434,15889.811333333333
88446,10542.164216305915
93751,29220.05155367763
105399,13712.777761456935
88174,34437.024
88555,7442.168
102346,13440.100940115111
87144,10627.19102055504
101990,9806.967413199774
102931,9560.762093628267
108317,12035.457717460318
87976,8775.7
97988,10191.094995784468
101822,10954.346084682831
82536,15468.679651847451
80676,30858.56788235294
91255,10457.652
94069,16778.94135076253
91894,25210.701077802834
108147,13401.75436824847
76928,24141.207356239793
82648,12817.156375850791
79426,12474.552764132266
101936,13106.689505696859
107567,21939.360884544585
88776,11435.881115151515
91113,27265.78035684316
84568,18012.81193587056
78044,24462.742477711465
76929,44024.38133333334
102526,6109.32944884005
92515,10227.737561246615
90009,7952.63821548029
82978,8288.687406593406
104437,16177.139867655384
101451,13045.951142857144
76325,33170.82737674911
89491,7999.208645798335
98435,13355.223988079018
92282,16461.143432533067
82209,14842.177210057975
88705,15007.328867168744
104679,8711.812179849696
84919,7797.8066285714285
89998,18001.81735651862
103520,5677.776260922247
106857,10553.62733000333
108499,13004.128
78893,45534.636
100860,10912.368111111113
91684,10838.370881038849
80617,14219.241333333332
76634,35959.704
92055,26628.76700893721
83030,2734.501
86154,7088.620338021223
96022,20690.8912
100336,17560.368
92663,13603.34
102884,10212.038837414259
80763,26339.148
78329,12387.224
87867,13906.746105337725
104353,26944.142532610334
94284,14202.4409
107996,19757.494846997473
95784,23334.59853807362
101298,16838.199997126438
95995,18308.532
102718,6918.290409631684
93623,27459.07916720767
89585,16889.61925959084
77533,22288.182845777534
107550,14164.588323964712
87760,15678.879417454635
86299,3545.46
83152,11722.08
91322,27038.416533333333
91286,6300.028
89231,16626.45400996779
80082,9271.553546275947
105518,9603.889600000002
100224,12455.93408176389
97261,12476.158143589744
99651,27814.177570073312
76487,10567.60009090909
76867,26200.35853015873
84574,12438.22735763562
92378,43512.316
103934,10818.301666666668
108445,8906.894924929973
76872,22432.631293286064
76180,49163.504540088885
106906,9258.518374804658
76431,13090.98
102603,10073.780280385785
78403,15710.47161978022
100799,7521.4037203622065
104755,14596.318589453134
89602,22796.823931565454
101656,7435.58
79362,15140.445485685575
102262,14081.85327640096
79884,14225.36888
97740,26593.680161038643
101264,7590.074164222008
76525,11086.948
101988,15856.972
102819,19680.904
95501,21736.226873590353
82890,13128.518423999738
94413,18030.561763513993
77898,25173.572
92991,23268.42096
82055,10598.39624043442
100865,12774.628007495396
107388,12846.817958643496
94252,22253.15666666667
105973,8303.1682
100976,16019.910730444475
106212,25622.104431673884
76078,9630.34
79014,16649.572
104787,10163.585209252793
92342,24059.64
86334,7354.800158977447
94066,12435.587503173785
76062,9952.628
99371,15181.752242424242
91498,18989.02448885642
86406,17976.348072069257
95531,33745.78861141484
93274,10334.377513929101
100190,16188.27060752249
90424,20472.661543610986
99089,12071.284
94306,15550.203682116082
88209,7627.734868016383
90029,8665.13231751122
103397,8500.511135699828
82341,28299.26
92358,28137.547527158138
100389,11210.556984351384
104886,22392.732419325133
98404,9908.532684724285
85100,16441.09523882611
84878,18726.544
78693,30505.792
91992,59290.921714285716
105754,8532.597
89594,18267.14382861583
84756,5385.769079222944
91795,72029.464
108235,11326.12875122655
95474,23363.308
103485,8801.674904418998
107700,9260.392470042754
86613,13149.183212121214
85741,8999.374724675325
89372,10931.626
79735,26664.936
76186,13879.485402506265
93135,29855.263469979294
108107,7624.504
95853,31635.664529584727
106625,25561.004835092688
94400,16595.14027866194
84893,13850.056
97777,22457.233367050096
82127,27893.765090324072
102116,14541.888715789475
84330,18969.067369413922
105251,20149.228202765076
104115,9564.314477546362
93746,15948.064
104982,18549.44045529934
105988,9186.99036523807
102562,3047.192
100822,11615.718193911878
104409,21420.31
80140,15196.33128338558
103317,9976.578650072152
96145,9160.942046755035
105732,26871.264
100943,10924.062059409951
92940,13194.688
108400,2750.124
108512,13345.988
92473,43660.63575757576
99001,10239.854939860139
81082,23804.5867
108460,13219.289551731606
108169,11405.244791666666
106864,19874.856
84685,19360.90666528727
77736,29005.58040534083
94232,27053.32
89520,3164.564
104514,20561.728749250906
87509,12103.991714285714
102802,9559.099778349646
91042,28820.404
79197,30419.99109626337
76499,15871.192
100082,9839.796464426217
91224,24345.356
95303,15135.049922077922
96830,13994.692205528778
88064,14769.332624293294
81628,7869.612
84857,7874.951647077579
82032,20919.855032275012
93316,23974.45355261157
104993,20348.4743498114
82315,18211.280425185585
95990,56983.228
89970,15193.01818181818
93407,20075.553852992765
84755,14070.464327816053
84684,16516.900899032935
79353,35753.388
79649,54691.47777777778
81749,27021.505278610704
107002,6520.393644617825
82546,18658.800897992776
97536,15245.748129621736
77580,27198.85941127389
95967,19418.141764445387
108150,6466.097866392577
98992,8072.096261358733
108536,11322.278888888888
102358,6613.251200000001
91856,25152.74974159174
93148,26584.65561904762
84957,14686.748
95413,12777.462628571428
102404,11510.950401113409
91495,19429.021976320193
77953,22835.779257021248
87398,8312.19988960564
95955,19094.622666666666
93290,15697.946509227206
88128,9939.35052481
88830,18493.734666666664
83397,11857.353966371948
81599,25636.879984600295
106055,7395.404
77655,17379.372
92106,27510.402286188284
96536,13372.769506060606
104575,15585.42509879274
105513,8826.606272727273
92308,17344.82922850208
82419,12869.124179627914
96473,13012.542666666666
76961,30088.912
104060,37681.60733766233
91056,20268.408324908425
87618,17006.706420227434
95253,29219.567559491377
96135,10402.238331003047
98015,7844.294699482766
87695,10903.556176049407
79066,14992.264
95512,36830.49108844027
89234,18042.623824749484
89971,13130.000323284123
103750,11712.225523809524
94180,31207.180052273205
107947,22939.154271681087
93455,77906.24
86369,16817.785791657345
78817,20432.56046666667
85051,7821.926719423619
79315,62346.872
92395,29653.78152715814
82513,13935.786988692756
107728,7522.904
90261,12259.68
101064,13309.290930414225
79329,19872.796
88998,11649.764040615948
102002,9315.112336951903
87718,9921.45308888889
87774,18459.629778974082
105214,15127.922420446013
103055,10036.100678656534
103543,14411.170720368038
104548,6000.488
90387,9425.579166495554
83786,16840.207382928827
108102,13357.935069063955
101455,8571.63
100577,17566.523333333334
97483,6444.823308126073
103056,11210.704611457995
78401,10902.764
97400,10897.944
97703,12915.457569167524
101311,8985.431016666666
87912,10702.515833289399
97168,8544.612094188158
100833,14814.28888316536
93043,26597.92552913753
80772,19950.468
99794,5719.211247619047
78326,10246.164307692308
98710,8462.187281310029
92351,19870.158669889865
87356,6357.66116905325
96926,33128.65612088701
100570,8042.670791276057
95109,21489.478666666666
85050,7994.203359477124
84046,20276.896174755333
101466,15545.996094858114
90832,15089.106914580256
93397,33314.988
107778,15769.237942472311
106710,23160.3984
83464,7900.512592162556
93622,14854.731430896736
88744,18318.647726395175
107378,18799.445333333333
83032,9794.767292727453
89480,31213.78108309257
92634,25361.95288888889
81057,9038.705333333333
102633,23412.694
101794,9315.426666666668
78355,14163.410593939394
76544,56958.00484168739
77408,13292.58
104451,32260.70693558931
89254,17929.95574227038
85412,16911.92942414753
97709,9617.696913723876
105230,23849.9761856081
87691,12040.517276462762
90722,9486.344933333336
86679,13747.473889021188
81418,27211.90710330463
76980,17735.76
105319,14372.038338532735
80516,15406.962359475274
88960,8906.613265567767
82982,10594.412337514572
105004,22753.43795232647
78037,38329.924
105901,20445.990342619294
77109,13509.016
85855,10932.969988558089
107355,30785.277835699457
106193,10484.696475798586
97700,22641.268
86150,8868.753040326896
76267,33677.92424761905
102096,15755.776
102561,13799.154827133518
101137,13868.272
92050,70541.356
103878,9932.885
94760,23978.290533333333
102678,10482.981947701337
79971,23744.389648500633
85739,14925.034362811646
79714,18775.339687050346
87673,17388.09324227038
107304,19289.348
78692,30222.47648798469
107274,9931.317080459772
88686,5283.76
90843,13600.284
97507,7791.75360289743
92343,49064.944
78781,14359.2
84990,21247.020666666667
92913,35170.33466666666
92079,46812.88246052187
98507,7988.643211708718
97152,22107.318981859986
78442,44683.336
79711,13768.390499783549
96643,9564.25170942962
105000,8673.743777777778
89454,5682.544588532348
102265,15365.640987907213
94961,30894.24
76335,17542.328
82897,10351.253570793651
94061,26454.91720968661
90661,7678.041328770945
78112,30523.82533333333
95596,19612.903921948477
94740,34014.46048403643
83287,3715.108
96668,13090.447648484847
101834,17465.699047619048
77285,32871.14567632845
102545,13911.7882047729
96287,19726.646221197407
82156,71852.06
87276,11404.369662945033
77564,17102.24
105991,7510.734841911176
107570,15401.314
94519,31650.244332677492
78369,41709.94233289583
92674,10653.692568807553
90532,21726.425177111658
85489,7372.075794921342
103660,10191.968829306918
81206,13476.038692063494
106764,27096.266977265568
97425,12549.487333333334
96393,23236.976
84960,10899.147263612685
78993,34732.46
85876,15414.493190308991
103936,11003.644161281212
84201,6687.021270339677
105098,27729.858321328462
85078,15718.646333333334
89886,13869.978766838274
81268,52203.584
79945,17108.264
97727,8543.915700323198
90636,6967.905671772465
80106,8691.876666666667
76947,13417.027138426713
83264,16231.168141999513
101532,6301.238397714041
91558,29273.929626436053
93311,15495.88
101967,6985.569656741855
85725,5672.86
104684,22126.40133333333
89747,13666.261889667932
105165,17349.266139971136
104814,16382.557049364848
101904,8984.956129032258
99238,11897.242666666669
80989,25700.9319492218
93575,16286.431677264754
101536,10129.705479886128
86847,8902.166068475291
99847,11871.8294588089
89212,7035.6287999999995
93997,20396.641192859926
93647,29744.327016932315
87846,11218.05698668767
93737,24134.944
77906,25516.020666666667
80648,30619.05940616863
102925,7361.052065639589
103709,14212.34397707148
86195,12562.249546948633
76865,11727.124276003733
83260,17228.13359190739
97233,28377.728261090026
104618,19790.299312077324
83879,7471.538869565216
104804,10658.045136263738
100551,9985.050141308458
90524,19341.80388004731
99669,21250.53722857143
102658,8345.405640692641
101398,7425.444
103286,10585.680127844222
94823,35072.515197654575
83630,11569.068334573809
86079,7364.938749329492
102145,7550.948670041795
94270,43034.615864018335
105688,27554.85469477432
87335,17181.090290714492
89805,14053.667616786704
95093,26127.638666666666
76699,19444.788586080587
83187,18600.315666666665
84218,6520.113174620643
94153,15201.66430583501
91849,15499.22
96202,14331.226200000001
90172,13457.312941813845
98759,8779.371169452652
86718,7429.081450000001
103349,10274.226491042971
93293,47320.74
94622,35846.744
93181,22607.87916022855
104870,11809.223692307693
83247,8227.886050000001
87566,11207.720489022586
77362,21306.09178092306
79537,20119.19111714998
85049,13766.126897707558
81402,17311.049984981684
108341,15109.704673571174
92193,24718.6679536228
100184,16330.311598840632
106252,9016.548531132707
98047,12000.68
105416,11251.820193406595
90872,30732.56656496932
100235,9768.158343887386
91485,22228.635746466345
90534,22244.702506018668
77841,15994.62352640476
105730,12797.584
84175,12837.695577349592
103964,8519.834
105970,36644.998044130385
99843,7359.427470635701
102012,11070.23957548684
76779,26811.943848572853
80778,20355.805706365503
106638,14710.697666666667
88233,17521.07417142857
102657,22483.97329761905
107180,29773.642783581192
108468,15741.10231224213
86399,10605.984714285714
85128,21331.054413756618
99868,4549.026921717172
100413,11335.548876412178
91125,21268.146994032555
80467,30098.383511597534
78605,12996.292
90259,14018.41279260804
106759,10239.533139199582
101253,8965.742818502004
100980,7516.861707956069
83805,10515.29822794811
96745,7416.534385721024
90242,15432.787392777595
76118,25267.36516804431
98824,7745.9843989899
78006,21869.75120823308
100924,13909.265628255282
77138,80741.776
87665,10618.798048531706
78023,15240.73825733483
96117,21990.38103100031
86789,8302.654
88649,15692.997572727274
96792,8534.07740090641
79403,22043.14457142857
100547,8225.526494117647
106529,12329.144910736804
83042,11132.32922265056
80334,18620.021515911092
86589,8085.7201153846145
101811,14730.016
94128,17778.052666666666
95868,7882.804
76244,31420.836166666664
88957,18765.9394109752
108503,17240.1463864868
84409,9156.837345238095
104962,27493.504375392127
105121,7419.536426791726
94389,14835.556
105602,15006.337405123673
88289,9889.918359405301
108168,18426.601
84978,18128.511500097142
108011,11106.17010525992
79783,12819.287248538012
89892,23009.204
91748,25458.908
105942,12166.080952380951
106893,17517.264
85969,11158.16902029742
105403,15901.10577739971
80319,28358.15769825506
103010,4425.629333333333
76518,27746.964687716594
95598,14551.33
101287,14391.74972036804
84475,15218.655001208841
87686,13353.41492836439
91202,22379.264
85296,17097.06389298669
89710,9986.60766062271
108409,13548.232970154253
104660,12341.729831249988
91493,15731.429312931134
103318,9804.85297569366
83537,10678.26269608274
93277,18690.45666666667
91290,16867.263013608208
107127,12286.431475088804
87752,11131.684639097744
82613,15056.508
104508,9265.116007095345
100051,9283.172889656753
84203,17091.932967741937
88624,13278.424471979546
99483,7283.082989808916
96635,28616.980203722862
78956,15323.816
105839,22663.994666666666
92487,20063.186917873063
89382,10658.219007992346
100337,6648.624981199283
78640,43304.852
99495,6859.898770304037
95580,40871.9704024024
85347,16065.852143334867
100050,13620.471849258627
97749,14230.698930578676
76587,29424.78125940751
95918,33070.05869904956
93823,35255.54783333334
80470,27770.507287753884
95399,91287.208
101483,7720.836953933452
94776,23974.71740362249
97442,6167.188722234157
79267,26428.999553350095
82710,11703.896
77473,19163.06086377634
105371,13167.311567680172
84991,15793.645887614337
93878,24778.338315789475
107126,17316.359916062185
90996,9450.4
87095,10132.61698422231
80205,17872.774158424905
100043,9474.121846834136
84793,16122.893636363637
80403,14065.059805282235
88018,13160.029092063494
92747,27347.084
104894,12473.90086627071
108319,25036.12062222222
99481,29954.52
98270,10644.076154865477
88155,18314.52695112952
84565,18223.384
80779,46540.38061479035
105684,28144.534399999997
106855,14803.281161318582
103908,8063.000786576169
100595,10735.96610987976
89822,19718.219901889817
100401,11276.977028025127
101037,9462.271714285711
96350,18412.359822685878
104191,18505.188161201153
87891,11816.961718426499
97744,17159.7016
105757,21607.900328821193
98966,12327.192
91869,9011.276
81292,16399.17734591329
108284,24132.074861191733
83092,10422.400295625717
78394,20041.288
97961,12243.372
77723,37411.35173333334
87317,8477.368781272
95065,36844.608
88227,9517.733527080327
108087,9659.0960119349
76311,10801.844
100764,8624.439100764119
87828,11260.137714448634
77314,9743.828
107860,12230.560313202423
100339,6044.370189867176
106165,6116.912603174603
104443,11921.376198797429
79613,30296.818720355655
92686,25102.068475168933
97493,17867.754002351867
78977,31174.11751824657
82933,14781.105744533897
80063,23659.177047595032
92287,19940.9968
103664,11494.867939145282
102185,16488.48245912519
94679,15987.974105717813
99024,8464.86758038617
99366,8783.552
96554,9234.569784310135
95906,25499.596
85623,11131.552280939211
84336,16977.704205074362
96560,15034.679424953863
107448,7183.746
104118,17410.564014002153
88391,8637.079182251891
100327,13843.052345923616
89323,6813.884
106925,20809.08476421223
98542,9180.163866744679
93996,21637.664204055724
85103,11567.960266666669
76033,23703.12
77213,19925.400926140777
98117,21414.356684269635
81109,35294.60490909091
78316,22757.19342597123
91021,26350.308
78093,12681.648
77497,13025.532543266225
83590,12942.704608194523
76126,21273.736614279256
90509,2763.324
76454,21823.12
82095,29570.885766592433
88625,14348.630810952018
100031,8236.229232169606
99458,7991.177606241971
88085,10788.434542643923
91823,18804.480467176894
77735,26847.232026538346
91799,6816.708
91480,9319.484
84915,14021.527328437169
83688,10920.110298077881
102334,8852.488692513856
97765,11156.671048039232
99836,13440.085012443724
98569,19214.65397204499
105050,23513.804527038374
80826,15840.639
78684,12291.144
99123,8647.704
96507,14546.222368299887
104742,21824.35466666666
93690,18486.952590389013
107606,14919.479270354363
87019,18836.69983103834
100735,9660.800133333332
101685,7499.408734914561
82792,9705.924
100036,7451.267045015219
102607,7280.527174435574
97772,17719.67619060671
96207,17618.643977389274
100697,8494.04028239755
96481,22479.06488784334
89054,16786.667838723377
97847,22418.20807876646
87528,12162.270823497242
97145,6575.547772142011
95223,49456.258309225545
104325,13617.530965354828
93743,16645.269720247463
81914,6632.056
79040,25912.976
107030,16028.125913287819
106244,27284.08363492063
79602,26885.82
107684,7188.684379641829
105346,23950.422115264442
100000,15643.644447002796
79001,10660.896
78942,27903.20366344235
87637,11922.64
102257,8898.488
103502,8178.187103150307
84619,4733.084
91129,23393.384
98493,13709.043942289914
107108,30409.484791063376
101158,7668.347326754989
80236,18090.18880352409
105375,12543.304
93002,28434.40306509329
91619,20022.060799504667
83965,13102.423762664806
94431,43798.236
104601,9095.773915151512
92698,30449.623303716315
84014,9049.38
91961,26839.893474747474
77595,52714.972
88848,20104.66904257063
106046,13293.55924630542
99498,9259.217416851443
98153,7209.681730388539
83157,9474.43375080996
107475,13102.38288
100589,13232.50987666361
81448,16618.348833527718
102638,6772.54
104473,27298.52158028796
102724,5771.278880333411
99338,9033.575678892717
92431,11397.028
84969,10573.155867098789
108426,1300.972
103206,16294.543046328463
87345,8745.162333333332
102625,14367.4
84606,13440.526307499897
99166,7913.990148055413
94408,22055.98105476422
94898,21935.17165540301
93658,32430.988
98234,14938.019361174029
99725,11456.397549927335
103979,13739.303466712738
77277,20449.933333333334
84401,10087.386407559614
80006,30219.61
78572,14527.224
88781,11345.244088785506
78546,15868.944085348814
103829,20140.6164
79159,52635.97979490431
104502,11760.67614814815
95125,25670.986888888892
80804,14719.636391488008
96580,26224.085183086092
92059,18061.648
100530,19046.277202930403
78079,26678.386649029653
95036,15346.751266666668
91490,19013.020436677954
103310,14769.238715789474
88853,14833.15020531655
105948,9400.672958263305
93744,19697.658304377317
108518,33231.844
107733,20137.824
106813,9390.374696525623
98343,12411.892
83056,7735.608833333333
105721,22429.93973784528
89165,7167.271587513935
106402,12237.6174766234
77252,46475.223822222215
89194,7554.31225222392
76777,15626.551451531444
90569,14049.306169688318
93912,9308.724838680033
96848,5677.504
87355,8342.853537634408
80539,34916.076
105351,13637.307555555555
108019,6524.016743535386
91331,14235.398758215963
80814,11832.71528205128
95951,22275.64063523956
98392,9198.047663781404
99209,19014.10417725353
86085,9478.444587946235
84678,7858.057333333334
96534,13136.71350657615
93665,28487.902411506362
89832,11786.012109940906
85079,10889.280369963131
79425,11914.904
96052,5055.576818439717
96599,9466.159011184409
103705,17565.798381339107
78171,30714.169027316846
92005,21166.656
101323,14040.259910711122
80398,18597.797538461535
82123,17224.9690928709
90262,6282.636990307937
93300,15579.163407936509
76795,17482.952
91043,24026.757
97362,14253.352878245305
98969,7749.110223854441
104826,13798.356
84329,6252.374488801056
97976,12130.296
96904,5205.347560969678
88148,12685.258603108732
94895,14563.499286857355
91122,27867.284
108145,12775.778428571428
85476,15213.153866666666
97564,17702.52151864796
107770,41870.48812820513
106947,22626.36
89548,14848.231780190536
79027,17239.94723827538
96032,19828.56654859691
100133,9560.285
83191,11444.637356491981
82695,12077.438770077673
79273,50255.52020738911
95667,15436.94217829527
99578,14768.305081684983
84492,12553.383589340501
92353,16274.328
106435,16296.891319019907
86655,14862.452887058478
106651,12919.378710639405
90268,8004.2432450658625
98311,12988.536952960554
86971,7478.052180677516
88573,14763.597807296172
93189,17665.824914285717
87244,13560.6225825453
108207,8653.122285714286
95819,48836.62
105846,27921.163138885728
102372,7579.579200999308
83616,13808.909553986467
92411,23992.08490476192
90395,12520.075909090909
104613,15608.094153852599
95808,25894.60415824176
98662,12554.719747252748
86066,12180.228442742276
77454,15426.88
80846,17817.38314848485
89060,7169.914093145248
91975,13929.901311298394
84011,10702.013250697151
88315,12973.404328205132
95692,28341.94
98373,11247.961123610883
97283,23892.1358683372
101495,8054.548
81770,14526.009390587811
87458,15532.999668643484
102710,15963.518666666672
81205,30726.68032576494
97440,12913.938707968156
82618,7067.899364928328
104838,7955.946
103606,13715.22
91507,55566.18
81463,14426.748666666668
76741,37043.81391111111
94422,21141.14825271825
99543,8615.818576126181
104044,19241.5795183116
83284,10344.14290909091
100834,14321.691381292492
108440,9942.584342857142
96881,7088.171157835093
103925,10174.15489697254
102881,13487.038637027741
78690,22415.48012482015
78052,24472.992666666665
103938,12784.782906647992
101271,9236.85552356932
76924,20569.404512612044
100415,11161.69674912654
78455,22955.93965495055
102811,6747.688
85154,14424.164407509235
103761,7243.116
77732,16945.228
85957,16064.047036566059
96779,22957.365267868445
99061,20020.748470588238
106028,22365.432852873564
85889,21517.684
97539,7983.511315176329
100890,14321.135549832028
96058,15398.993550409052
80216,18369.822287368184
93045,21878.025164743573
95789,15416.267192827412
89368,11006.193760763546
80917,20840.385733487517
93323,28779.02
103669,14267.747466666668
81561,17229.473295222397
92214,29271.789569621556
86368,13895.121825844746
95070,19200.677692164038
80730,17798.748
105647,17871.95016666667
104707,26880.09911610848
80353,18998.798219938584
98677,26618.87274435048
89445,9279.511874839405
98332,8384.833995729308
95929,13610.708
88970,17152.543497427738
81272,15423.948594956773
77963,17198.802459078288
88285,17619.627111695907
88924,12021.31573497591
93562,31885.945769772123
89463,5842.536062645688
105407,14409.424769375506
80944,36963.16
108099,25684.40184586119
89199,6317.6970731799465
82756,15724.212
79573,16517.22060255111
98847,10777.0176
100966,8013.026343346259
108500,25405.000435092687
103830,11754.22880776102
84043,10317.059750389997
84550,11512.459731981187
83946,8593.603245941606
86287,11319.141211111111
77598,16666.06
92893,16931.182997043623
106936,16438.072281877598
101123,10189.299644165761
83943,11369.277133333335
89197,11223.16273175892
80185,52689.944
82429,16673.13407866985
95864,22837.253333333334
100750,15653.187075031114
85497,6150.881156232656
99469,16140.113688477219
87667,7641.074008764569
78681,49258.088
106579,16614.819082433783
97388,7374.804218855219
82487,11726.691649210656
80635,21644.616
96378,8649.705320743933
77827,28179.88806160148
79045,32536.664
95229,19553.096761904762
95387,18012.959652173915
101754,7902.183882531646
90728,8397.687535668147
77618,28361.92004805303
79390,37042.976
79449,17040.243186274347
107826,21809.589109523808
87026,13119.485183561159
77765,18945.149644069177
89691,14582.628322482504
91087,15174.042236411837
79770,28672.79750902982
79341,33231.80541825397
87532,14121.232
104082,9498.258285714286
83169,6420.643259426855
107978,26373.046750000005
97466,11054.985855504126
98381,18765.406764859195
87614,15067.372
84768,11710.348615312158
103605,6344.142
107420,10176.586869591105
76099,46790.91790462209
81932,11555.491228787878
96233,10440.309261904762
103484,8652.135
89608,13642.687805532243
91316,20391.483479520328
80424,12181.816
83120,9582.72578904457
95888,20704.33916949645
103279,12785.330012128225
76800,13184.10838404352
102188,14646.9084
100147,6266.851074699376
107959,24497.266529576045
93341,15321.941222579506
87446,12814.556832786071
103554,8071.50288614394
83756,6366.1652952380955
86353,9877.667460919538
107874,21921.156118172694
78416,16709.5
100911,11732.876788407832
86514,10841.224773015872
92702,30923.70585330309
76787,19141.38
98523,24610.68405419635
88972,19383.78
87370,16171.442305227294
107060,9689.263005347593
108186,12850.555831228841
90126,16249.563267345728
103874,6128.408452393958
88271,11262.17076084656
81752,14396.074222222222
78089,46194.588
102383,13047.399393328977
76766,32179.00236898439
86120,10491.851776602267
82871,19942.832938335057
78647,29045.266305352674
92451,16075.775165925781
91743,22671.272666666664
96582,11926.921094420622
79729,20675.398088146387
78864,26525.62
94728,23089.08
90355,7816.920145608503
103777,13843.052345923616
96076,4840.499240452841
79201,28682.06133333333
106707,16015.45690364136
83836,10114.25538095238
82332,34500.6062
106545,30832.80368592225
107268,24950.243796982682
105459,6871.513208058608
99683,15145.717891625614
98385,15171.473476062785
103402,9284.561
89402,12866.445333333333
87077,7256.797749329491
94222,21287.669840578033
89919,6697.215121212121
80585,28150.94865908508
102406,4719.84563095238
95002,15411.48
78216,19229.66603732346
81346,21462.324800000002
78309,19697.73029734539
93307,19867.793666666665
87233,3712.304
77093,9088.98947368421
86762,7195.873350192504
94561,14872.08333913589
76392,73860.832
76895,30846.29430915751
85419,15631.77452639933
101026,13878.168457963493
102584,7878.844
81381,30826.756666666668
81761,52345.64165043003
98099,9879.36474074074
91347,14594.418910035323
100024,7777.544195803695
97924,11962.650666666668
100492,11222.67746136923
93559,24646.7258
103175,11902.918069728308
98122,13650.428
84362,10021.2419151078
77943,19984.369177057975
87275,12773.508059147869
79991,13422.1652
102700,10754.514336611079
79660,46494.85418395305
105465,20318.585664834685
94354,30470.729890505416
96390,7786.628325031504
88763,31308.972
87219,18939.989842424242
77221,27287.51361266906
78165,10928.516
95069,23581.108
85157,12525.633901397543
94547,12797.406459649124
80643,16009.888786074962
97499,8910.8276
81957,25159.603370879122
82538,10656.033390323566
83777,23054.412
87927,14016.847659827168
82916,18518.721905665352
104146,12217.948514285716
105260,9652.117865306122
85483,14486.163673123881
102412,12820.50187735511
86508,7857.066211288646
102998,11489.800714166035
94493,38024.946666666656
93422,20391.847948588907
90033,10204.244774158326
92957,21325.00807038805
96584,13888.47032617282
103170,12462.598345815408
83550,17885.09013333333
76050,12393.488666666668
99903,9913.288
95255,36480.43505523809
106697,22367.682161137545
91497,29902.339900583513
97177,8335.4588
101863,10503.66
99298,7382.066023577196
106496,3449.236
98770,25242.062922932593
101801,11630.59409672673
85037,12850.66822857143
104399,18748.085294478828
83980,4049.365333333333
97825,17548.328610711902
81924,21555.394
104192,9761.328503808989
87130,8600.094573636627
79364,14805.242565099818
81388,11441.797380952381
94917,19672.25639983368
102119,10900.713212627188
84135,11503.143162273716
94992,25592.106315789475
81229,19705.249761904764
79503,20076.56444347826
84540,13738.220848294366
77881,8789.588
104978,2207.02
107373,15447.946177329166
76208,13766.852
88192,18925.165392004983
107010,49033.665739740536
93961,49357.576
83957,20149.336289704923
85283,7913.633711633877
104226,6409.383063938624
79463,14505.128393583327
102587,13894.294145186539
90204,3110.914
103507,11965.833981980993
94351,33299.525031155936
95181,14123.791005339104
107410,23340.591349245977
86541,17370.818763892166
106281,17685.307512744723
77315,10687.64
84485,8210.194412698413
77592,10944.2
104262,27098.961454074662
81260,25669.23523114359
94417,55188.792
83014,13566.213970147588
78192,21294.93213583497
85838,10058.641022222222
98395,20824.243422222222
92617,20003.4619015873
107538,9111.429080280877
102588,10629.923997734428
88950,12022.83304644029
101450,8925.347857142859
96101,13897.621297422995
90567,14068.343761904762
94383,38968.872476190474
82961,3352.588
96591,7881.55200438244
77890,22444.84422972817
77801,18098.565829975032
85738,8262.257333333333
88580,20477.296
88914,9011.446172807018
82206,20327.392
107485,13351.090008633519
105203,25641.460537322226
82256,75241.484
80181,34323.951249587626
88792,8730.073382720408
92581,19486.8707178263
101272,19356.112
102359,7888.731533098401
85306,9694.224373743476
106078,17319.863852436927
82442,8574.341125662768
106313,21060.96279873564
107617,11074.039184820382
89719,18301.884666417987
91358,19344.36678970973
89676,32568.158838887928
86927,15072.478265260304
76819,26793.012156886736
96646,9516.415595785546
81533,42361.91777777777
89207,13097.738995018406
90282,6937.449917317301
94908,24008.46140362249
89890,9456.693857142858
103477,13693.212339907619
76090,21444.272
84810,5803.176354971344
98323,11183.575782164166
100552,11838.68573875269
104719,10818.986682857145
90016,15518.866146542829
84632,7118.671982657621
99846,7888.831743277037
92362,28965.300285714282
81315,11298.404461538463
85084,18193.679212355488
86760,10569.543337732532
80297,17350.281096476487
93420,19766.388481443017
78563,20798.252
100791,12510.820212594423
89019,7093.919746105149
101709,9016.4380156768
103419,7383.57217033824
96092,16443.168
89891,6547.368210471875
86562,11766.128560000001
95874,26587.679333333337
99343,11972.739
87586,7912.264469115233
103112,12139.662723809524
82740,10406.508892909984
81595,35212.18454745313
77578,6633.708
94090,18013.234666666664
102873,8619.387
103258,12944.89823238459
107497,8035.265777777778
101861,8706.04716029051
103997,24806.808023039765
79785,15392.185494888296
90250,6660.2233917716985
93233,31648.260130004717
86527,11953.816447080379
86140,6284.229024629846
104063,8993.645360401
77734,19377.9
91652,19173.546749863843
97758,10523.808364442455
95096,16420.09758794128
106186,13740.178690842587
107960,22310.13713987781
78445,20966.76117840823
91886,21671.672
82711,9266.272611779932
99248,9067.836053657406
91701,16071.407900122216
88172,9558.47380952381
83916,13506.025729166664
88883,12028.154888888888
90342,14752.425065904821
102042,10205.08844660957
96563,8511.588693413449
82344,20764.558307236344
102707,13025.271393328978
101718,12147.912695941895
102705,7683.35690964891
92589,28341.604
84231,11851.698284577653
83534,7994.76708542678
85768,9130.234186977319
82141,10751.616555555556
87448,12642.80758142016
79569,7671.768
82261,8217.836
80605,13336.523981325865
91120,11660.906483916082
92482,19857.621666666666
99998,11299.17019047619
82202,19213.86155829089
105899,15505.565091987646
93653,18070.170663660654
94333,14435.625884256237
107717,12870.310711410672
107655,10329.695026537784
86240,15341.848333333332
88745,15825.719986987613
81723,35183.82221438899
84125,13884.388852717513
89476,15507.410436700511
79059,43114.812933333335
77879,12946.256857142858
82855,13295.604597129188
108513,31795.224690043287
83646,6923.0312949519175
95702,33166.04
84145,10103.911273918546
107629,26031.332
81843,9629.985555555557
98863,9585.704
95154,25654.932630480627
93275,25445.594299588705
94003,20693.4
81095,17087.06
81099,11249.152890909092
105527,12226.952
89596,9486.344933333336
91007,24991.44
80594,15396.718559961482
82782,10649.14864587901
92721,18416.296784665006
91718,20941.996
87452,12695.984
78098,12337.032
84123,9124.946704761904
104672,14153.196786422015
105118,10364.019808122239
84690,17958.443604894586
88986,10685.788286446563
76028,23486.634717187815
92995,17510.092935659934
76275,32558.628061096548
103315,5157.197222222222
98168,18405.107381930433
93633,15726.41349346728
90151,7947.74853163143
105269,28440.448865875776
102604,3459.993
89541,8875.543354875583
105694,30242.06919391441
80405,30624.634071857123
96001,16664.2225480353
96500,8149.731366710643
95235,17679.53745444076
88367,20358.36301918617
98850,13046.502329512516
105724,21742.047944007114
86451,11638.787978166762
86426,11934.735849977926
81213,47719.016
98547,18176.214314580175
86461,6750.518776844919
99294,22846.427740096617
99597,11375.496331395807
92255,10149.252
90097,21548.197612246364
102302,12781.391035082259
105746,10705.562095238096
86133,24559.084117657007
94950,55819.36334572597
103666,7742.928969491159
94750,19711.157333333333
92880,25086.269657706536
82349,18813.499514732226
107337,14979.32615902965
82954,7184.901599999999
89689,15913.662863636364
99034,12713.290720229888
79873,13484.409406370094
107966,21900.748034984692
88864,13541.928
97942,24358.795296120585
97481,8535.107064935066
100313,9205.544306064578
99927,5810.232
87287,9151.872254799882
99134,23033.776352194454
104705,16970.512613636358
86134,20644.476
93028,25097.10063110121
80161,22180.84991115766
76639,22929.25222497395
79239,22393.98048681319
94244,20520.086335012264
103815,8807.723702139818
84445,15466.370584784847
85884,8090.7495714285715
103496,10701.363181799063
88620,17860.101650790137
101448,7062.266
100044,7729.636342764986
98388,15435.573423531207
87610,10381.544336013269
82063,25345.683718546363
82211,39736.74444444445
91156,16593.526877550074
83323,8235.584905645097
100187,9185.864300215644
93117,24411.137814285717
82227,31744.891409674277
94263,14144.519318810886
88207,8906.411323809525
87988,12255.838888888888
104687,17825.404809148222
79791,48938.95441355421
82242,20965.589269988923
80273,13442.280255338856
81542,27727.501886192735
90361,12940.900728205128
83914,19163.170920634922
103142,10817.92392792793
80137,27919.21641025641
103580,14227.627234042553
98328,9266.784965143628
95936,33043.608
95189,27412.91633939394
97806,24651.983112661626
95829,10766.256
98684,21551.09860964912
92494,20255.619592982457
83016,19844.158065664426
80865,18513.12844625866
94537,16753.11080037594
86293,12514.627594616977
100087,6002.340857142857
95534,17615.30859824314
80827,27037.924
80610,12595.095789141415
97472,6673.406252791895
85523,7432.470133333333
100005,7412.657590986349
96618,31345.484143392896
104893,9716.657898528832
93688,36495.396
86182,13003.669885131048
105091,20439.438740548343
103031,10122.211207069604
99359,6912.793900000001
101907,16896.68
82914,13377.30158883375
83990,15358.547649573413
98598,19718.92341960784
85494,9437.255660034994
82922,9876.45839944909
82854,11127.516250925835
89024,19366.690689168117
91754,26259.751202884217
102699,4300.049333333333
96887,15149.191738239273
102671,11701.826875369416
80646,22690.29162943714
88146,11770.748427081866
82969,17281.6734
77225,18713.848
87443,7062.494206951567
91227,14382.806911106261
95731,15672.87298486858
95171,20312.946332076528
97076,16278.54067974217
98901,10098.174432228268
86013,8511.67117739422
80831,21166.814506898012
100258,9342.431146399387
103586,15779.51774034328
84553,13871.272078173124
84400,16046.276
93434,47082.446803138526
86149,7336.0464
80336,22527.795333476
104511,19981.625548865773
93127,19618.51454346962
86330,10999.268135385055
105082,11490.287702380954
101222,13976.467826171764
92606,21806.71614083655
90462,11040.88
102123,8699.078096752359
83212,10698.105811650348
90403,14621.848692967505
79392,26681.596
102630,16418.4937410522
85988,8535.17711770114
107908,20288.160700070923
80949,18400.730914802574
80517,13271.00679628861
97922,12574.322155759412
100296,9108.211525974026
93073,21770.136
97137,7998.6675888111895
88311,10070.37377489724
78021,15994.464
81970,22211.052888888888
98957,7007.7920271592575
99602,22407.729666666666
91417,13495.84337254902
89429,13650.477882491505
96535,17525.481573330104
80782,56671.27833333333
86889,18803.974067568925
79609,20906.738737080268
99497,11370.921017299259
99547,24916.75564193357
93817,3662.44
91079,33376.94468401207
81962,14964.946014483121
85833,8272.355813634947
103305,8140.429211679737
94357,18531.144473262295
88736,9542.212
105162,16979.497454545453
91131,22916.43587957037
84148,7369.093174847156
76377,19753.487187768696
76357,25729.752
84675,15547.486829222706
83239,30618.09000420756
86317,7765.759076820914
93990,28207.841779322636
96357,9175.536784165419
89745,20201.212996625327
97141,19860.87926656488
82911,17726.52848080808
82943,7120.239076972624
96282,5262.036
105885,21643.641436888618
80131,39197.563777777774
99806,20940.717961284718
105497,25529.952333333335
106447,19989.123922516956
107746,19235.22
89523,14073.755067808173
84388,13954.923299692673
78166,31203.56179889427
103685,8691.731333624488
105018,9210.245791821299
102373,3891.9578666666666
76988,23090.872262736062
81097,23184.3
105521,22931.873478260866
99775,11977.913228090394
99766,9740.68
101346,7915.134443850007
95228,3746.548
75982,24814.947393864015
107142,6306.876388677172
86109,14132.950455344415
94195,19242.849218680196
80777,34576.984
92612,27231.119857142858
99383,9405.989947826087
81686,19880.42267142857
88650,10408.473266666666
95681,13367.656607034494
100071,9618.50044824236
77554,35093.88
103505,4442.150888888889
93281,19627.700130633944
107444,17839.140305240813
78752,22162.80311889981
103057,13049.780800034187
100248,13141.380655415222
98489,11527.915923685427
89189,16324.8872
81293,15818.665829737753
83285,9259.024
99459,13708.328
90810,7088.5210087179485
82015,15999.712456474068
96132,17230.834113636363
80808,47361.7
104685,17213.437741419122
80937,20839.5781866077
103328,10043.395296993258
76512,18586.248755555556
83456,13165.685777415818
95102,35954.784
79692,24815.931399999998
107807,4075.164
99176,11956.592
89632,10125.34774150152
85310,17113.255590793167
105676,16282.135040637435
96825,6379.979429336512
76640,10400.526775146422
99932,15999.318791074336
103568,13251.173230445964
100906,10768.161194841634
97420,14494.330079429341
86996,15995.549291418132
86948,11008.229806989708
77326,24356.071399999997
89296,13312.732097165992
83087,8071.559499999999
100477,9699.513
84635,10398.22249156992
95060,27523.292093939395
79303,27282.24419976304
84026,8856.981369679736
87802,10914.428940212109
85561,10462.095
95941,12510.178
107662,20410.62556850118
105811,10057.402
81618,15525.176169682323
95733,31223.321076523258
93613,15069.104598875303
82163,12238.392
91734,27189.973040848025
87677,2142.9
89816,7598.735673426562
106327,8840.844399999998
101799,9993.78757368421
106344,13942.3725
97705,25068.76694781831
86976,18856.537140584798
104847,18889.601862153177
103833,6228.313033441208
103482,9215.284553901185
96532,13989.967399999998
105817,12150.791280675003
80883,15569.676353160397
77825,58810.688
98673,9754.624
107364,7415.922634676893
88945,6941.262957738993
108307,17392.795
78078,29533.67371487127
92490,24277.78
89401,11266.749874412784
81002,15774.010209895507
93285,26595.888
76796,30005.9
99933,3670.788
103989,8919.9522482179
77504,15819.74
77187,16092.14
76477,10900.007085714285
104834,11841.069540357586
90656,19338.717813380645
86161,10735.701335726437
82503,16992.773733640042
95429,24103.166802471784
86123,20791.43554508724
85549,9970.017563652327
101443,9139.059970120348
89089,11041.949864993514
101004,9362.380480211816
98976,11493.70804702509
106328,45042.97657142857
101630,4669.5486
79682,13812.961980091526
107885,24838.502500563412
97206,6527.877323523715
80721,29154.47941347073
96625,25740.174074388677
87687,14604.640061774184
91458,22578.702324324324
104683,11403.970067135051
104151,10083.719724398477
108346,32867.056139393935
101262,9940.579086272954
96543,16451.275159879533
102763,8115.096
81274,13196.99882735043
95280,10583.778953459121
82561,13247.287974272045
77783,16154.464222222223
95843,30302.002474114604
99776,6451.15131757123
79114,30693.852731895357
102376,13505.604
101704,12261.228480242899
77297,20633.032
80285,40204.45986414755
83467,6633.756
101059,8293.736
102229,12644.401023366965
84664,14344.35974168814
107750,20088.21397309942
102405,9909.206500589695
85553,9613.075338279274
89780,33860.126651164916
104268,9851.364177482827
102935,6758.760654898875
97898,11612.52757821179
103785,5043.784
98529,20920.411276315786
93897,10859.784
101766,11532.154190063551
95038,15705.134175579322
108350,19058.540266666667
103542,10372.239455915234
106061,41234.4499059829
82286,21219.840797063152
93548,32270.203776949216
89937,12138.02246043992
97650,17969.716333333334
77515,31562.428
87466,14892.478784067609
87489,13721.033799475896
83029,7818.5008
78512,44727.33377777778
93310,22032.16217549931
99598,10084.272541966027
91341,16874.56805128205
82704,8733.868266666666
80819,4301.22
82774,10931.293739059258
100367,9340.213333333333
80303,13282.525268228505
84897,10764.01830926117
81307,29958.648
99687,9548.514174573238
85321,13454.278392726812
80702,12277.517670578922
103843,8574.377527341014
98898,7544.840351777125
87147,12585.687743144095
97662,8530.33372490091
97518,13470.171181818181
100217,4951.616
94513,28376.950974358973
77035,12427.941364332402
103165,7073.737964064585
77140,15171.476
103771,12803.614999999996
95993,22001.97510014386
83624,16946.2065985348
97945,9287.118823176823
87103,6536.207448979591
107640,13159.516335333961
99549,11088.116933333333
80464,16574.861448708867
99623,12968.444
103689,16356.49642052457
97337,10674.951335471309
84308,16561.488
81459,23834.469156807565
104126,29808.78141518305
97303,30997.308
95139,19291.089711673263
93074,35751.184
102368,10060.065927272728
78475,10535.4
80333,27219.368494794875
80144,12756.934842105262
100439,7591.185183464076
108154,20982.558277188295
107137,34200.016
92752,23008.77168520472
89896,11385.893708268002
90485,36529.144
83159,11777.25308985507
76671,16496.059417797467
96849,13379.920387416141
93722,41649.1884
107787,7710.343050818222
90164,14274.853404011232
84760,13931.796648245614
90370,8855.192204856374
88117,9631.943540705961
89557,9956.68142958241
98274,2791.036
97325,9297.299600834276
78887,27376.022318556796
90525,19329.976091546854
86491,25778.20426190476
81617,11571.982441269842
96123,8537.616094188157
79413,14426.748666666668
88016,13183.307709037723
104681,23322.940666666673
83330,7729.987421306275
99163,6555.510732624433
102236,7884.787022602717
78116,16728.605039215687
81077,22351.428666666663
81046,30480.407183852814
93928,25451.273285404608
96436,9635.582794932563
93479,16772.45965217391
92021,29572.667163398695
95143,18350.834050618367
90500,12760.670704519782
78940,17689.3
94861,15863.383007936507
81961,15227.641333333335
87630,9790.259470896894
101224,14147.27480000523
103357,7610.923092385571
99521,16389.628715789473
103897,16399.232
76701,9885.2
83560,9743.115000439038
83516,18347.333901965038
76385,14982.056
87311,18095.52101137688
102065,10640.725332457787
81718,20879.403523809524
100025,12485.918
93182,29949.924000000003
79240,20482.185890544606
96331,14735.806140834198
84781,13735.239260164033
100663,3476.552
76390,21129.88428815222
87234,9659.218948577896
85790,18493.755195308302
91278,21567.588013017972
92254,24278.266785747368
99105,6363.268062482118
101324,12134.68776668239
104734,9836.621005347595
103445,16633.035640481477
103323,9098.287008896215
78055,22646.154087801562
101302,13506.330349497559
103095,10166.387604970643
88134,6902.86025855922
79346,13519.833563858363
81699,17011.88495838058
96464,24893.97729451539
86609,10797.838077563021
96737,25200.68427289377
100080,12937.708074997247
93423,22895.00737015772
79886,25024.505072063494
89452,12434.185554595679
81509,15401.028931597808
83975,11898.088043488247
81360,7348.297777777777
98089,9221.696800000002
104047,27567.895486417856
78711,18063.37478992527
81025,23479.63467763387
79973,17895.408655555555
102117,16087.909887695654
78400,55715.1447837464
87911,11783.113142857143
82806,16143.201970434984
102480,10414.401032263402
94044,16642.15784626649
76824,8812.716
104095,16323.752354198836
98660,10579.232
101444,10625.703190698454
92320,55456.06317793975
105141,15078.824
106950,10439.908555555556
81851,29329.254417562293
100884,11092.174917502985
95196,19001.115951418757
103636,4495.092
80584,17180.76098057131
92337,17794.456
85513,8238.844
85180,14734.72
103365,11319.460435712692
85796,15869.273789343606
78462,30555.63528665886
87895,8978.551240855513
99262,11391.632
83363,10141.160657429118
103800,15887.173865064791
78822,10828.493
107816,23697.349589069283
90042,10817.080260862538
99022,11244.524
81854,25772.54412334108
102619,12784.06
80425,18338.953920851094
102306,14424.64
99778,15318.448
105957,20434.762149740352
102184,12258.039343488152
105195,9670.499383876819
98841,9951.460074074075
78452,35497.5696952381
98974,12032.388917453765
86430,12621.890512056854
87124,8877.823731746032
105872,20936.667100407358
108077,16343.18234503421
103608,10538.228333333334
89218,11504.312994343218
106418,18243.44
94498,11522.559111111112
89269,17527.92480701754
87283,10296.790496620886
97545,10151.221221547787
85408,15737.19876299573
104594,8908.827897420973
103905,9449.69994887889
95101,23654.874516007556
83226,11415.212782968138
89257,14256.065696425861
79479,11349.893021978023
77652,19667.368
96606,9980.846602370528
95504,2763.621966386555
84103,10596.148142553033
102843,8822.759085438815
99361,9092.137254863504
91098,18820.48488663344
92937,15224.028858532694
85635,11720.752
105348,12255.069576933927
96427,21653.08709892889
89473,17243.033
79316,20050.092153593076
89157,18493.755195308302
92217,14449.16
99761,19472.738230009207
88748,12731.096737255397
96029,25191.067318777288
92916,30044.63229025992
81210,16620.897051481825
83778,25666.562668602954
89380,11394.841419047618
103398,1845.686
92869,25821.840614626424
105278,21317.879822962983
77054,18011.808
94021,22511.631890666053
85177,11341.30533345122
77904,22593.31806921521
99917,15963.518666666672
77123,27030.898060088584
95195,19551.220912820514
81922,33378.27652849776
84281,19903.483333333337
101289,14715.820416790753
108200,26093.605333333333
90235,10637.627244444444
81150,32471.959333333336
104224,15763.234653199843
90071,12403.141260130718
93187,27565.152
84284,12255.653261796415
97109,8128.028570555873
102231,10349.67942857143
108093,9460.97467254902
108443,36679.13314285714
92992,13895.574388074887
80438,64276.25866666666
104913,11369.359452380952
82772,9977.102467532468
83960,12772.763378787877
83052,16184.604482137162
82939,7577.790940013015
91175,25957.872559302166
80115,24128.494081270812
99384,8860.104755860406
101540,10908.48006227106
76849,37572.97371428572
97226,12741.200598087431
97672,23604.028274545708
97579,7955.015428571429
92361,28761.243598319328
91952,40803.592
79024,17832.838707542473
98048,15265.497112784758
95481,19918.316627106225
90572,10870.161682665363
91301,20367.966032021384
103209,9790.278007407407
78464,14492.212
91311,28579.616
105722,19690.564333333336
96211,10692.448671861472
105482,8274.982620557028
80750,56168.777493058755
85880,16689.31567574534
106997,19584.31912824482
99866,22523.152271719096
107262,12768.259083061515
98814,3261.536
98650,7557.794902192251
93505,14751.432
103810,14066.753822932144
92931,50545.00399999999
96126,8936.129677265893
104285,5485.140780952381
96503,13420.14865572935
76826,19474.958623909177
102531,10251.917843702722
86939,13715.184274095132
98276,9498.273416851442
89094,8267.6916
89376,8224.425461273671
101715,9970.457272186002
98971,8134.169505451743
98359,12592.327603333266
101520,10554.666520760047
86866,10697.828800000001
80468,17562.52
84146,7952.74
82628,10425.448346428573
88012,16715.804362917206
78341,15543.264
104664,9423.769983193279
80753,25128.792339137755
88296,13764.118091700393
100349,10569.764334968735
95307,23273.42
97982,22483.081182895592
99328,20799.049409823492
84689,6463.434
86620,8738.154306349206
105565,11306.923014194577
94198,44071.52488888889
81959,6322.916
92894,37891.028
95163,18423.295044384162
81774,17297.380562922175
97953,6963.7448
83179,12911.836601605191
83316,9137.225733473046
88506,14706.95468313691
83533,9945.821657100578
84069,11167.954886579486
103724,8324.038680086096
76757,16523.9626682736
88222,15883.28198181818
77382,16939.216
86702,15970.314447363757
92511,13124.04088228716
100163,13818.616206158664
78982,23268.1391302501
94043,15919.016
87066,10807.57305230769
79987,30174.522046691523
83428,17932.583988114595
88886,18758.46692063492
79836,17628.180007187068
95090,20748.7552
77868,23264.573780296425
81415,21149.24
76542,25264.152598828303
99066,9638.81735046888
98211,12831.916
77789,14504.222666666668
102614,10158.672872936746
100676,8390.46
95751,15981.41820283166
95684,20768.30590752923
108508,15947.208770792171
82075,16373.134109803923
78948,17476.168
93337,20412.73859424505
86465,17392.07724227038
76163,26330.698586366212
101688,9538.036
97445,18799.439
76672,29202.00205580479
108153,27128.772
92963,24687.546984956007
88441,12522.555315491216
76274,14375.232
107189,8149.402842592593
79393,10475.74175636852
94684,34801.032030069575
77033,6893.272
106413,18991.890443360437
90407,22925.395677642082
86730,10875.805890258986
79417,16929.952666666664
93426,33484.57890878149
86689,6168.648
94562,21391.736914285717
101792,19002.628
99696,13045.802091417278
84181,18242.680094101717
83652,22165.69386666667
87285,8584.5848
105860,5102.494197380397
80615,21130.676880203308
100040,6916.751818616303
88919,12137.884914285716
84980,12018.568770114942
83969,15382.212
103616,6422.238503052503
105097,13908.969265896492
81573,28270.419603390055
85124,16426.261657018014
82995,17516.868
106976,10187.886582010582
97250,16999.4272
91609,17690.398000000005
92582,31937.581014528452
106719,13830.998492256442
95711,21877.726928752927
81868,26487.79058514827
86650,9996.413341635913
84727,7850.484
79409,11305.788733787334
90538,17105.777213666075
90346,7123.822931930386
94050,40490.056
82866,9946.813115384615
93402,15200.903162977867
95803,61398.824
88730,18526.344
84023,16655.484266267402
85119,15992.412239092453
80528,28303.07000253454
103284,8585.3569
87269,8981.379366819287
80708,15319.528135011333
96853,19294.560770176708
77191,22285.257739111057
89419,14674.163066666668
106060,10663.704
98372,4718.548
102076,9787.589433418438
79960,28931.841190654533
97268,13496.519
101849,15365.640987907213
96850,24572.254583984355
99301,7063.341299342345
81672,21094.742
100709,12435.627737451738
104616,9133.882331972789
89965,8738.012751677232
93313,12619.572844466908
104340,12644.658
103783,11449.665
78842,30319.41142223079
87942,10914.72705982906
96790,6795.490814267927
97330,10613.646448306594
90180,10879.869940978682
78934,30622.03835288255
90145,24370.51798434142
78173,20356.967464490957
92455,31126.396068692757
81565,22320.668242424243
78530,27224.25323877733
103732,14618.138522056057
91559,23129.78
100802,10966.623139801375
104472,28518.250295238093
96556,9385.879512861418
85610,9485.783562813447
81512,37523.34931752758
94005,26847.03753722448
88847,10319.76636426834
105272,17010.188
88156,6829.132428070176
102245,11187.605209536277
103740,9406.354045836668
98554,1939.856
82268,12154.951497230368
80472,13239.71208462315
77127,23738.57534585282
94612,11299.266813213384
91124,32712.834
85847,15918.760097703174
95527,24563.948477496786
83373,16548.568886445155
86221,16485.2974
83131,16587.400311954672
104639,20805.960175536857
108323,45266.31174269042
95465,17713.316333333332
96905,17711.216
104272,17174.719318908556
90562,17909.74868365106
81396,31238.690939202457
107589,16639.624212030074
78022,16595.42
89141,24690.280002811065
87808,12043.969895362334
92344,15339.93538405797
85181,15590.637448238665
101172,5682.385684210526
107038,14211.893583845354
108214,51402.07104761904
90048,9078.266537264439
92619,21719.728
106279,13190.628
103918,12324.383427326162
96418,28978.30619168544
97891,11973.596
90459,8089.484790899424
90230,16849.74431001004
82589,14267.568307692309
84093,6446.048171428572
84128,16445.145743589743
77775,21926.047953153593
80709,15381.922014413038
87084,16875.33860864146
78358,26631.06266666667
99051,7120.954394912517
81732,12616.888798413416
94316,38024.946666666656
95333,25590.971011282443
84653,8013.3783151515145
94200,24199.465574078364
77707,25880.563358863343
78884,9487.888
87384,14145.334926847
84311,11594.719340688258
106179,6308.975473684211
77959,49289.992
101918,12141.051843511617
82519,14195.75622857143
90216,6048.514451755651
99455,9355.913044369878
78784,30317.80976332031
93016,19662.45136164574
102343,6881.972
91681,27372.804252188555
94868,15511.632
87562,7138.911998316498
96639,17162.668
85312,19562.51749297457
103821,6662.212684249084
101157,14821.642296697008
98644,8142.892800349312
91060,21062.178463403146
87747,11036.304
77903,22859.863971428575
99482,19400.107301048953
76170,17622.64861230438
83750,17699.574326739934
95288,11703.149466411951
83977,18699.97424983572
78300,22899.31498574605
80362,7567.098121212121
101315,11816.278813519815
88661,5855.314006077718
96575,27537.354191001326
87420,15522.843866311547
76175,9213.444
95867,28256.824
80904,34388.48865578429
106939,14532.195931701794
97892,9919.30274074074
102282,16074.0134206642
81764,19204.704
103326,11979.865589892703
94064,23666.724063786838
97529,21033.891340858932
97606,5665.3057714285715
89922,22414.19047393237
104023,12226.952
98885,8238.801619943424
83365,12121.413578732101
81828,38498.27716239316
100521,10489.714902351692
76827,10884.244
89850,8767.971682064535
90528,13419.098418342463
80710,27855.74193667222
104646,13070.609866666668
102709,11106.252226774961
93055,18889.912
103701,19648.452215189256
103548,8362.390935499972
96053,8480.27311899212
77609,29596.232431026143
99637,15856.179912229236
99911,15706.43299609607
87622,13065.360710888643
95938,16475.941602072595
93648,17450.970995453783
105208,19428.084
82558,25373.20094906581
89781,19746.188975095785
94210,48074.368
97589,26364.334585971767
96120,14964.31006383299
79277,29358.119076923074
93852,26085.942705598376
106276,13978.632103448275
104292,24235.38881414437
103994,16271.812467209824
83967,13348.975396972102
77971,24602.078645210728
76636,29218.243867368008
105328,12292.73795021645
89518,8531.697339950566
107941,12395.095230769231
79721,24447.18625396826
96770,10414.755589214701
105293,8790.668
81503,43195.74908373222
97932,14122.569829964805
101258,9790.254484592173
83499,7844.146313340007
85447,11900.348960599724
98221,9664.688191103627
105617,26883.32591876359
103224,7585.3478003673135
82749,5108.494841269842
104578,17245.692
77279,21941.218
106045,26223.653195391835
106053,9999.562174761879
99749,15733.868375842841
102786,14865.833409042172
87467,11000.035508052782
97949,8747.609326719576
91680,24941.01525
86203,16950.941332735565
102078,6928.392727272727
94020,23113.687613346865
97807,12813.354412995252
86146,12021.31573497591
92130,26736.024
108463,13760.386511540948
79600,26874.545098039212
89904,8739.399990158554
105696,12307.252
105440,10809.115352549888
78666,24779.598415034965
87225,8072.618191162797
92285,31155.80515897436
85762,7665.471501219558
107249,9383.030674099453
86894,8155.975828571427
86790,20188.924646873595
98272,13648.676
95514,15623.363403957987
103863,13040.163523118028
85887,11000.593964509564
92171,19051.734508882102
105828,20172.792
99025,6377.145169287791
77032,7394.547689473685
96993,16597.408
95599,13739.417122113999
77651,38511.63204347827
99249,8960.257156521737
82347,29391.62819359712
83547,14137.250222222225
90793,8534.194456212197
94114,3751.624
98376,15905.556
88356,12033.302622271218
97473,9236.024270388125
84728,14607.753466666667
99765,9156.392931077695
95147,28991.844
93220,25016.256
91907,29546.604657760752
100215,9078.005042483659
93841,29858.444675910418
99392,9811.637078641048
100078,10228.088
98334,24681.944
97491,9704.355881878218
76179,12192.7
96845,19453.529752835562
99295,13518.516
101419,6061.917229792429
88658,15201.59009408647
82883,18180.93086411318
76475,10971.310066666665
99742,18586.36938730619
93385,30080.21531196799
96197,7889.122852303253
103239,13810.428144700552
89746,15127.97718469032
84083,17852.61554285714
90921,39312.28942857143
81029,36696.36614896989
85735,15375.426554002635
100511,7251.21736759271
86938,10118.635785058355
106540,12201.646145730074
95088,20309.366948415034
106791,26119.835658065324
101353,5620.432
90012,8172.778471178264
87810,10095.043790981861
78427,25208.028
105147,23020.45254285714
99572,24983.453777777777
95461,37631.212
91238,25061.31820279751
89040,21011.260570620954
106508,15215.256954538057
84365,12661.372
98635,13681.304
95456,25067.766151028474
82157,21751.31972088708
107710,13061.722666666667
102827,8974.175690404669
79534,23591.75296
81865,27379.86126278767
88639,11117.474
106981,31046.648484297923
105063,8974.96082352941
89959,11042.513376881929
76364,21596.726047619046
82709,12930.424605544504
97975,7622.010522483279
81231,28181.60040084738
91395,19901.780741812454
102044,10325.855575726455
78668,15246.912
78000,18900.536
105797,19149.5705
97820,18704.776
78541,17255.732
83979,26743.52843058076
92189,24873.11735255478
92421,29321.72332097282
104433,14989.63281893249
94419,23416.320149180414
81249,55921.352
83181,14605.78993705502
101041,4620.08277027417
84544,7471.047480729845
82304,24955.68636190476
97216,24216.048277415866
106909,24709.303098580098
88158,6529.212898941327
97244,30506.576
85241,18283.879185472364
93235,26175.060730685982
84502,18255.150524737364
100273,10146.486787221995
99220,8837.33305738378
100249,7655.979961904763
98796,11060.14650393495
100226,9326.181585734255
76989,57464.198923076925
101824,14846.346567992567
104347,17677.58
83602,11885.63938606843
105100,30771.907641270318
87507,8596.635661214632
105460,21732.327895097154
106962,17855.767695127746
76968,18547.017982138426
102530,10921.670967065373
80270,33118.76773809524
76134,11987.4
81648,20119.093140447956
82846,10382.656
107094,28280.345897523082
88963,10607.276
85665,16387.635
83962,10313.354346079865
96200,13072.928676593443
89390,7317.281317680557
86778,8227.285885087462
87626,12805.452
76994,16265.670710799659
95430,14707.196
99912,9442.276275722208
79916,32853.064
77558,36038.712
102504,3869.09
79125,17441.972761904763
90514,16469.593266666667
84199,12712.908680851064
88179,12315.022673124613
93132,28194.111527158137
103105,15576.255257611852
91760,26639.544
102027,16058.873718863035
99456,10224.321680020243
97843,8729.717231577806
98592,25362.364
101912,9254.523296825399
99398,8464.562838608474
78585,16482.438859669608
99870,11839.14
86989,16543.910366435106
86206,9302.048995024876
84406,9955.519618558159
86226,5167.892
86528,13331.241345229515
84765,13427.116418020198
86600,9436.53166567528
97750,31368.513309768736
90475,8740.0704114349
103437,7804.949810629274
106713,17510.356
84811,16051.743368929587
79863,38022.40822066464
79529,17626.319019014572
87367,10281.053752500107
93885,25373.056776987505
107524,14135.612
77240,25415.57127369348
100091,11176.855534664515
77872,18340.24
97015,25467.284147186147
78978,19249.957333333332
95091,20231.72133333333
107650,17773.003033728888
76162,31524.70646186195
102355,13357.28713390382
101524,10205.49542907625
78720,29810.905333333332
108192,30372.00575373364
94404,13057.517768212936
100206,11752.166099268698
94915,29736.59208076924
101631,7484.319794373489
84639,12606.664
108277,22304.39184784364
103453,10491.232835680381
105392,21563.420850319282
82369,9803.197347348692
104666,9345.478580086581
95742,28136.394353240546
96912,11931.321610018096
93541,26311.124
82393,18527.106222222224
81024,13007.422504761904
81284,19761.89506148007
78406,20704.24777142857
99306,10300.44069648706
108130,7553.604483490928
106160,19093.374
102940,15384.844
76742,20180.255763290028
108025,12758.32138095238
77658,22573.623276863877
84295,11104.126266803994
91996,15722.623883214019
103468,10943.58777320373
87336,12258.133992023302
103993,23919.015914376687
90396,7785.09471798886
97935,9524.096947826089
80399,34114.99747153467
105883,10857.614499062052
92823,24882.533333333336
82238,17842.784
98091,17759.020253393664
87257,11559.496707240058
87937,9797.409714285715
97548,15354.116
105775,17200.392
81363,34805.90556666666
76833,34709.036
91768,20651.768
99627,11160.637753499148
